Step,Roll Angle 0 degree (rad unit),Roll Angle 3 degree (rad unit),Roll Angle 5 degree (rad unit),Roll Angle 7 degree (rad unit),Roll Angle 0 degree,Roll Angle 3 degree,Roll Angle 5 degree,Roll Angle 7 degree,,,,,,,,,,,,
0,0,0.052359878,0.087266463,0.122173048,0,3.000000025,5,7,,,,,,,,,,,,
1,0,0.052359878,0.087266463,0.122173048,0,3.000000025,5,7,,,,,,,,,,,,
2,0.012141934,-0.01993514,-0.052979123,-0.035944706,0.695681591,-1.142199386,-3.035480143,-2.059479968,,,,,,,,,,,,
3,0.008751903,-0.016065489,-0.031354626,-0.020363728,0.501447128,-0.920484716,-1.79648774,-1.166755687,,,,,,,,,,,,
4,0.001876657,-0.007374606,-0.014451714,-0.014017313,0.107524518,-0.422533799,-0.828022191,-0.803132856,,,,,,,,,,,,
5,-0.002818115,0.001127532,0.002956601,-0.003293409,-0.161466119,0.064602825,0.169400759,-0.188698432,,,,,,,,,,,,
6,-0.005051627,0.008981169,0.017067465,0.007415441,-0.289436919,0.514583079,0.977893719,0.424873453,,,,,,,,,,,,
7,-0.004788649,0.01567342,0.026146643,0.017202536,-0.274369364,0.898020817,1.498092294,0.985632694,,,,,,,,,,,,
8,-0.002161141,0.016543315,0.029304799,0.021303984,-0.12382424,0.947862129,1.679041325,1.220628367,,,,,,,,,,,,
9,0.002713236,0.012423298,0.026849475,0.019849992,0.155456947,0.711802543,1.538361584,1.137320752,,,,,,,,,,,,
10,0.005363207,0.004751774,0.019320318,0.014027785,0.307289118,0.272256595,1.106972687,0.803732905,,,,,,,,,,,,
11,0.00627891,-0.000601946,0.007510597,0.005193325,0.359755072,-0.034488965,0.43032553,0.297555596,,,,,,,,,,,,
12,0.006071686,-0.003381543,-0.003105265,-0.005289838,0.347881958,-0.193748142,-0.177918583,-0.303085415,,,,,,,,,,,,
13,0.005442504,-0.003500565,-0.011604579,-0.011722896,0.311832534,-0.2005676,-0.664893424,-0.671672441,,,,,,,,,,,,
14,0.005083422,-0.001064328,-0.017054022,-0.013545293,0.291258621,-0.060981502,-0.97712347,-0.776088114,,,,,,,,,,,,
15,0.005620377,-0.000691293,-0.019080475,-0.010926556,0.322023872,-0.039608171,-1.093230693,-0.626045517,,,,,,,,,,,,
16,0.002991,-0.001455091,-0.017673622,-0.004173229,0.171371694,-0.083370573,-1.012623946,-0.239108397,,,,,,,,,,,,
17,-0.001354124,-0.002492317,-0.012715437,0.002359338,-0.077585571,-0.142799245,-0.728540892,0.135180084,,,,,,,,,,,,
18,-0.005998709,-0.003027136,-0.004345274,0.008582392,-0.343700722,-0.173442117,-0.248965842,0.491734864,,,,,,,,,,,,
19,-0.00972713,-0.002413533,0.002833184,0.01000939,-0.557323511,-0.138285255,0.162329505,0.57349581,,,,,,,,,,,,
20,-0.011538981,-0.000160146,0.008835065,0.007597815,-0.661134894,-0.00917569,0.506211927,0.435322711,,,,,,,,,,,,
21,-0.010617772,-0.000442072,0.013540158,0.002687922,-0.608353542,-0.02532886,0.775793902,0.154006594,,,,,,,,,,,,
22,-0.006432325,-0.001937285,0.012657868,-0.003311537,-0.368545065,-0.110998254,0.72524239,-0.189737091,,,,,,,,,,,,
23,-0.003138082,-0.003467842,0.007472623,-0.009180098,-0.179798864,-0.198692711,0.428149741,-0.525980864,,,,,,,,,,,,
24,0.000257486,-0.004025532,-0.000363158,-0.013897897,0.014752834,-0.230645994,-0.020807395,-0.796290822,,,,,,,,,,,,
25,0.004228167,-0.002820882,-0.00481806,-0.016643567,0.242256111,-0.161624633,-0.27605451,-0.953606127,,,,,,,,,,,,
26,0.004750212,0.000707996,-0.005637158,-0.016677353,0.272167114,0.040565183,-0.322985383,-0.955541918,,,,,,,,,,,,
27,0.003066492,0.002765213,-0.002899837,-0.013295553,0.175697058,0.158435034,-0.16614841,-0.761779067,,,,,,,,,,,,
28,0.000443163,0.004168362,-0.001039947,-0.006203172,0.025391359,0.23882955,-0.059584566,-0.355415554,,,,,,,,,,,,
29,-0.001914703,0.005657168,0.00063427,0.000358117,-0.109704407,0.32413185,0.036340989,0.020518589,,,,,,,,,,,,
30,-0.002979392,0.003449457,0.002654205,0.006649083,-0.170706577,0.197639328,0.152074744,0.380964383,,,,,,,,,,,,
31,-0.001947875,-0.000796945,0.005488288,0.012613863,-0.111604998,-0.045661585,0.314455734,0.722721136,,,,,,,,,,,,
32,-0.002716658,-0.005452663,0.005153612,0.014092223,-0.155653029,-0.312414577,0.295280242,0.807424916,,,,,,,,,,,,
33,-0.003815403,-0.009092375,0.002825704,0.011841957,-0.218606497,-0.520954713,0.161900931,0.678494161,,,,,,,,,,,,
34,-0.004049279,-0.010548639,-0.000252093,0.007149535,-0.232006608,-0.604392494,-0.014443882,0.409638194,,,,,,,,,,,,
35,-0.002510898,-0.008931488,-0.002918149,0.001422728,-0.143863846,-0.511736567,-0.167197625,0.081516292,,,,,,,,,,,,
36,0.00143609,-0.003735883,-0.004198327,-0.004087543,0.082281892,-0.214050329,-0.240546429,-0.234198991,,,,,,,,,,,,
37,0.004134001,0.001345848,-0.00333975,-0.008323103,0.23686082,0.07711141,-0.191353594,-0.476878669,,,,,,,,,,,,
38,0.006273523,0.006660252,0.000195413,-0.010491693,0.359446401,0.38160433,0.011196368,-0.601129756,,,,,,,,,,,,
39,0.008565195,0.008187611,0.00259094,-0.010005428,0.490749523,0.469115555,0.148449945,-0.573268798,,,,,,,,,,,,
40,0.007342172,0.006945043,0.004570596,-0.006458347,0.420675484,0.397921652,0.261875865,-0.370036006,,,,,,,,,,,,
41,0.003973293,0.0041362,0.006793615,0.000275723,0.227652922,0.236986803,0.38924545,0.015797747,,,,,,,,,,,,
42,-6.18E-05,0.001023497,0.005510475,0.00620258,-0.003540797,0.058642058,0.315726958,0.355381642,,,,,,,,,,,,
43,-0.003410118,-0.001263799,0.002145118,0.011348426,-0.19538539,-0.072410349,0.12290618,0.650216928,,,,,,,,,,,,
44,-0.004968731,-0.001811759,-0.001824517,0.011589153,-0.28468733,-0.103806144,-0.104537121,0.664009546,,,,,,,,,,,,
45,-0.003906245,8.13E-05,-0.005060249,0.00805113,-0.223811339,0.004658147,-0.289930924,0.461295796,,,,,,,,,,,,
46,-0.004081011,0.000619598,-0.006467747,0.002287532,-0.233824722,0.03550035,-0.370574605,0.131065915,,,,,,,,,,,,
47,-0.00406135,0.00087231,-0.005224591,-0.004171316,-0.232698228,0.049979681,-0.299347021,-0.238998781,,,,,,,,,,,,
48,-0.002794606,0.00173727,-0.005345657,-0.010017763,-0.160119149,0.099538239,-0.306283581,-0.573975531,,,,,,,,,,,,
49,0.000443256,0.00398823,-0.005289828,-0.014187338,0.025396686,0.228508747,-0.30308483,-0.812874587,,,,,,,,,,,,
50,0.001980716,0.00394688,-0.003946478,-0.015850176,0.113486667,0.226139566,-0.226116535,-0.908148173,,,,,,,,,,,,
51,0.0028516,0.002785164,-0.000590144,-0.014254476,0.163384637,0.159578142,-0.033812742,-0.816721325,,,,,,,,,,,,
52,0.003929101,0.001636991,0.001028851,-0.008899609,0.2251209,0.093792675,0.058948847,-0.509910054,,,,,,,,,,,,
53,0.00603955,0.001521736,0.002006001,-0.004184496,0.346040733,0.08718905,0.11493539,-0.239753958,,,,,,,,,,,,
54,0.005536716,-0.001283749,0.003209507,0.000795344,0.317230459,-0.0735534,0.183891188,0.045569862,,,,,,,,,,,,
55,0.003644359,-0.005013038,0.005428235,0.006249329,0.208806415,-0.28722592,0.311014947,0.35806019,,,,,,,,,,,,
56,0.001607517,-0.008096321,0.005015239,0.008064246,0.092103933,-0.463885023,0.287352051,0.462047268,,,,,,,,,,,,
57,0.000551717,-0.009230425,0.003203832,0.007133301,0.031611044,-0.528864396,0.183566079,0.408708037,,,,,,,,,,,,
58,0.001409438,-0.007444196,0.001232805,0.004552112,0.080754855,-0.426521013,0.070634513,0.260816823,,,,,,,,,,,,
59,0.000529968,-0.002179438,0.000220871,0.001498119,0.030364958,-0.124872599,0.01265496,0.085835875,,,,,,,,,,,,
60,-0.000747904,0.002972605,0.001093629,-0.000956576,-0.042851756,0.170317721,0.062660334,-0.05480775,,,,,,,,,,,,
61,-0.001265091,0.008296164,0.000195156,-0.001932614,-0.072484374,0.475335183,0.011181589,-0.110730626,,,,,,,,,,,,
62,-7.90E-05,0.009918709,-0.001112197,-0.000750592,-0.004528944,0.568300164,-0.063724183,-0.04300573,,,,,,,,,,,,
63,-0.000851223,0.008745103,-0.001656598,-0.001345726,-0.048771483,0.501057493,-0.094916072,-0.077104444,,,,,,,,,,,,
64,-0.002097046,0.005959678,-0.000492107,-0.002408455,-0.120151882,0.341464397,-0.028195643,-0.137994316,,,,,,,,,,,,
65,-0.002580298,0.00283051,-0.001310528,-0.002833975,-0.147840182,0.162176277,-0.075087712,-0.162374833,,,,,,,,,,,,
66,-0.001327951,0.000492772,-0.002590445,-0.001744491,-0.07608596,0.028233756,-0.148421576,-0.099951981,,,,,,,,,,,,
67,-0.002073912,-0.000132562,-0.003075257,0.001514668,-0.118826394,-0.007595243,-0.176199255,0.08678411,,,,,,,,,,,,
68,-0.003229913,-0.002918106,-0.001786309,0.003232051,-0.185060377,-0.167195158,-0.102347938,0.185182855,,,,,,,,,,,,
69,-0.00351631,-0.006216373,-0.002494686,0.004281288,-0.201469698,-0.356171937,-0.142934966,0.245299744,,,,,,,,,,,,
70,-0.001960406,-0.008592826,-0.00358521,0.005476904,-0.112322969,-0.492332664,-0.205417416,0.313803499,,,,,,,,,,,,
71,-0.00232382,-0.008876175,-0.003771078,0.003105106,-0.133145052,-0.508567366,-0.216066832,0.177909443,,,,,,,,,,,,
72,-0.003032289,-0.006233285,-0.002086151,-0.001145898,-0.173737343,-0.357140923,-0.119527627,-0.065655108,,,,,,,,,,,,
73,-0.002856865,-0.004658068,-0.002301824,-0.005638007,-0.163686291,-0.266887637,-0.131884772,-0.323034007,,,,,,,,,,,,
74,-0.00087968,-0.002770224,-0.002858599,-0.008948263,-0.050401928,-0.158722144,-0.163785677,-0.512697726,,,,,,,,,,,,
75,-0.00078398,0.000246689,-0.002549692,-0.009921675,-0.044918741,0.014134239,-0.146086592,-0.568470083,,,,,,,,,,,,
76,-0.001145276,0.004918509,-0.000474779,-0.007711433,-0.065619454,0.281809807,-0.027202847,-0.44183258,,,,,,,,,,,,
77,-0.000832329,0.007540499,-0.000300215,-0.001862712,-0.047688937,0.432038768,-0.017201042,-0.106725523,,,,,,,,,,,,
78,0.001048391,0.008773937,-0.000639498,0.003966724,0.060068379,0.50270956,-0.036640535,0.227276565,,,,,,,,,,,,
79,0.000888483,0.009462577,-0.000376535,0.009906857,0.050906354,0.542165725,-0.021573856,0.56762112,,,,,,,,,,,,
80,4.83E-05,0.00597857,0.001387959,0.012038132,0.002767897,0.342546829,0.079524195,0.689734167,,,,,,,,,,,,
81,-0.000308893,0.000118415,0.001050751,0.011089312,-0.017698279,0.00678468,0.060203575,0.635370759,,,,,,,,,,,,
82,0.000784521,-0.006306453,-1.25E-05,0.008194625,0.044949734,-0.361333141,-0.000717255,0.469517422,,,,,,,,,,,,
83,-0.000301219,-0.011771147,-0.000609793,0.004627946,-0.017258582,-0.674437043,-0.034938577,0.265161777,,,,,,,,,,,,
84,-0.002030857,-0.015052752,0.000251849,0.001546109,-0.116359555,-0.86245916,0.014429887,0.088585548,,,,,,,,,,,,
85,-0.003090186,-0.015120073,-0.001087169,-0.000109418,-0.177054631,-0.866316369,-0.06229022,-0.006269162,,,,,,,,,,,,
86,-0.0024259,-0.011194817,-0.003021475,0.00039435,-0.138993821,-0.641415767,-0.173117742,0.022594592,,,,,,,,,,,,
87,0.000746894,-0.003071376,-0.004188304,-0.000849019,0.042793877,-0.175976882,-0.239972139,-0.048645181,,,,,,,,,,,,
88,0.002871994,0.005473552,-0.003510022,-0.002511064,0.164553142,0.313611429,-0.201109441,-0.143873387,,,,,,,,,,,,
89,0.004772179,0.009716015,-0.000212676,-0.003440004,0.273425702,0.556686653,-0.012185459,-0.197097693,,,,,,,,,,,,
90,0.007210958,0.0103431,0.002157783,-0.002712475,0.413157441,0.592615977,0.123631858,-0.155413384,,,,,,,,,,,,
91,0.006590932,0.008261993,0.004412982,0.000351097,0.377632573,0.473377329,0.252845263,0.020116379,,,,,,,,,,,,
92,0.004193588,0.004670169,0.007262423,0.002050715,0.240274885,0.267580973,0.416106214,0.117497301,,,,,,,,,,,,
93,0.001370226,0.000792623,0.007092722,0.003299299,0.07850817,0.045413953,0.406383014,0.189035921,,,,,,,,,,,,
94,-0.000640516,-0.002307899,0.005099297,0.004885357,-0.036698864,-0.132232872,0.292168196,0.279910359,,,,,,,,,,,,
95,-0.000819978,-0.00378858,0.002574201,0.003086303,-0.046981259,-0.217069644,0.147490836,0.176832116,,,,,,,,,,,,
96,-0.00289185,-0.003014169,0.000727529,-0.000491207,-0.165690777,-0.172699162,0.041684331,-0.0281441,,,,,,,,,,,,
97,-0.005212901,0.000472452,0.000573186,-0.004291608,-0.298677232,0.027069506,0.032841137,-0.245891021,,,,,,,,,,,,
98,-0.006401831,0.002749445,-0.00157379,-0.006953927,-0.366797925,0.157531595,-0.090171529,-0.398430677,,,,,,,,,,,,
99,-0.005395205,0.004521125,-0.004120864,-0.00738637,-0.309122498,0.259041381,-0.236108116,-0.423207827,,,,,,,,,,,,
,,,,,,,,,,,,100,-0.001489372,0.006443494,-0.005695697,-0.004813022,-0.085334723,0.369185012,-0.326339378,-0.275765826
,,,,,,,,,,,,101,0.001743184,0.004711067,-0.005213543,-0.003013564,0.099877064,0.269924256,-0.298714018,-0.172664472
,,,,,,,,,,,,102,0.004985406,0.000839882,-0.001921398,-0.00083808,0.28564274,0.048121694,-0.110087981,-0.048018456
,,,,,,,,,,,,103,0.004290307,-0.00362515,0.000588582,0.002412384,0.245816495,-0.207705795,0.033723237,0.138219449
,,,,,,,,,,,,104,0.001243492,-0.007306307,0.00316724,0.002945904,0.071246843,-0.418620555,0.181469491,0.168787884
,,,,,,,,,,,,105,-0.002580514,-0.009074576,0.006452742,0.002043177,-0.147852589,-0.519934906,0.369714899,0.117065395
,,,,,,,,,,,,106,-0.005747229,-0.008062393,0.006797746,0.000880281,-0.329291964,-0.461941092,0.389482133,0.050436377
,,,,,,,,,,,,107,-0.007071291,-0.003727531,0.005326182,0.000514783,-0.405155148,-0.213571794,0.305167758,0.029494909
,,,,,,,,,,,,108,-0.005663845,0.000175436,0.003253601,0.0018367,-0.324514389,0.010051742,0.186417599,0.105235183
,,,,,,,,,,,,109,-0.005478882,0.004251281,0.001741326,0.001200008,-0.313916827,0.243580459,0.099770627,0.068755384
,,,,,,,,,,,,110,-0.004965554,0.00888701,0.001782909,-7.08E-05,-0.284505274,0.509188165,0.102153177,-0.004059037
,,,,,,,,,,,,111,-0.00306322,0.010260287,-0.000296408,-0.000806502,-0.175509601,0.587871142,-0.016982945,-0.046209157
,,,,,,,,,,,,112,0.000891988,0.009217327,-0.002953771,-3.34E-05,0.051107152,0.528113935,-0.169238623,-0.001914108
,,,,,,,,,,,,113,0.003250677,0.006883797,-0.00482781,-0.001457223,0.186250054,0.394412515,-0.276613132,-0.08349271
,,,,,,,,,,,,114,0.004864626,0.004432349,-0.00481808,-0.003465794,0.278722518,0.253954891,-0.276055673,-0.198575344
,,,,,,,,,,,,115,0.006501127,0.002898691,-0.002129842,-0.004691262,0.372487148,0.16608276,-0.122030952,-0.268789522
,,,,,,,,,,,,116,0.004486608,-0.001523034,-0.000389115,-0.004053785,0.257063703,-0.08726342,-0.022294628,-0.232264773
,,,,,,,,,,,,117,0.000441636,-0.007009128,0.001424206,-0.000788964,0.025303869,-0.401593452,0.081600985,-0.045204326
,,,,,,,,,,,,118,-0.004012789,-0.011950834,0.004049916,0.001535498,-0.229915846,-0.68473235,0.232043067,0.087977544
,,,,,,,,,,,,119,-0.007447547,-0.015004537,0.003816808,0.003767686,-0.426712999,-0.859696644,0.218686962,0.2158725
,,,,,,,,,,,,120,-0.008704957,-0.015018347,0.002064979,0.006604128,-0.498757294,-0.860487898,0.118314595,0.378388688
,,,,,,,,,,,,121,-0.006929825,-0.011132508,8.52E-05,0.006422233,-0.397049723,-0.637845724,0.00488065,0.367966832
,,,,,,,,,,,,122,-0.006135359,-0.003101502,-0.000966631,0.004445332,-0.35153015,-0.177702975,-0.05538388,0.254698741
,,,,,,,,,,,,123,-0.004810347,0.00532564,-0.000144145,0.001966846,-0.275612577,0.305136695,-0.008258894,0.112691997
,,,,,,,,,,,,124,-0.002014815,0.009419472,-0.001112107,0.000190957,-0.115440404,0.539695991,-0.063719024,0.010941019
,,,,,,,,,,,,125,0.002792531,0.009924753,-0.002411689,0.000123429,0.160000214,0.56864646,-0.138179619,0.007071971
,,,,,,,,,,,,126,0.005944854,0.007782468,-0.002827835,-0.001935776,0.340615068,0.445902571,-0.162022994,-0.110911806
,,,,,,,,,,,,127,0.008052919,0.004204127,-0.001412826,-0.004380561,0.461398251,0.240878734,-0.080948971,-0.250987683
,,,,,,,,,,,,128,0.009840906,0.000417033,-0.001894318,-0.00583686,0.563842382,0.023894231,-0.10853643,-0.33442744
,,,,,,,,,,,,129,0.007643659,-0.002518596,-0.002743063,-0.005224719,0.437949412,-0.144304921,-0.157165956,-0.299354349
,,,,,,,,,,,,130,0.003011104,-0.003763213,-0.002740118,-0.001801876,0.172523537,-0.215616222,-0.156997173,-0.103239913
,,,,,,,,,,,,131,-0.00238842,-0.002686218,-0.000958615,0.00084223,-0.136846399,-0.153908954,-0.054924566,0.048256228
,,,,,,,,,,,,132,-0.007068394,-0.003378392,-0.001098763,0.003527772,-0.404989148,-0.193567603,-0.062954466,0.202126445
,,,,,,,,,,,,133,-0.009833805,-0.004436429,-0.001694066,0.006880558,-0.563435528,-0.254188658,-0.097062811,0.394226951
,,,,,,,,,,,,134,-0.009754662,-0.004712319,-0.001572976,0.007248278,-0.558900955,-0.26999599,-0.090124892,0.415295744
,,,,,,,,,,,,135,-0.00620493,-0.003327701,0.000178498,0.005736627,-0.355516324,-0.190663223,0.010227202,0.32868454
,,,,,,,,,,,,136,-0.003055927,0.000317497,-8.64E-05,0.003564565,-0.175091706,0.018191238,-0.004948901,0.204234533
,,,,,,,,,,,,137,0.000613135,0.002473555,-0.00094074,0.001903876,0.03513004,0.141724262,-0.05390046,0.109084041
,,,,,,,,,,,,138,0.005238127,0.003991882,-0.001198356,0.001758015,0.300122585,0.228717991,-0.068660751,0.100726825
,,,,,,,,,,,,139,0.00700546,0.005614717,9.77E-05,-0.000558612,0.401383289,0.321699587,0.005595652,-0.032006119
,,,,,,,,,,,,140,0.006802605,0.003578951,-0.000709328,-0.003467455,0.389760552,0.205058787,-0.040641499,-0.198670533
,,,,,,,,,,,,141,0.005635311,-0.000473642,-0.00209287,-0.005574075,0.322879518,-0.027137688,-0.119912617,-0.31937096
,,,,,,,,,,,,142,0.004549961,-0.004926876,-0.002774854,-0.005748842,0.260693586,-0.282289201,-0.158987418,-0.329384359
,,,,,,,,,,,,143,0.004503145,-0.00836139,-0.001743213,-0.003181041,0.258011194,-0.479072358,-0.099878753,-0.182260235
,,,,,,,,,,,,144,0.001759063,-0.009619396,-0.002760516,-0.00154462,0.100786886,-0.551150792,-0.158165914,-0.08850021
,,,,,,,,,,,,145,-0.002105138,-0.007835823,-0.004156396,0.000268333,-0.120615543,-0.448959587,-0.238143949,0.015374339
,,,,,,,,,,,,146,-0.005620257,-0.002518463,-0.004587038,0.003006763,-0.322016997,-0.144297301,-0.262817946,0.172274842
,,,,,,,,,,,,147,-0.007547623,0.00266976,-0.003043611,0.002947547,-0.432446964,0.15296598,-0.174386047,0.168882025
,,,,,,,,,,,,148,-0.006927547,0.008000745,-0.003350961,0.001455554,-0.396919225,0.458408921,-0.191995896,0.083397098
,,,,,,,,,,,,149,-0.00312523,0.009540561,-0.003870248,-0.000199134,-0.179062471,0.546633879,-0.221748892,-0.01140953
,,,,,,,,,,,,150,0.00018253,0.008226138,-0.003363431,-0.000892884,0.010458202,0.471322989,-0.192710417,-0.051158471
,,,,,,,,,,,,151,0.003698768,0.005258508,-0.000944313,0.000291394,0.211923807,0.301290315,-0.054105124,0.016695619
,,,,,,,,,,,,152,0.007909347,0.001917941,-0.000280363,-0.000290527,0.453172228,0.109889925,-0.016063639,-0.016645984
,,,,,,,,,,,,153,0.009069724,-0.000650445,-5.24E-05,-0.001261131,0.519656924,-0.037267753,-0.002999758,-0.072257492
,,,,,,,,,,,,154,0.008092347,-0.001521301,0.000767917,-0.00146609,0.463657337,-0.087164127,0.043998385,-0.084000782
,,,,,,,,,,,,155,0.006103922,1.81E-05,0.00302237,1.71E-05,0.349728963,0.001037054,0.17316905,0.000980345
,,,,,,,,,,,,156,0.004251662,0.000148866,0.003137531,-0.00046767,0.243602293,0.008529394,0.179767306,-0.02679551
,,,,,,,,,,,,157,0.003546963,4.89E-06,0.002328525,-0.001474233,0.203225985,0.000280176,0.133414653,-0.084467303
,,,,,,,,,,,,158,0.000252972,0.000536984,0.001720482,-0.001800765,0.014494245,0.030766917,0.098576378,-0.103176258
,,,,,,,,,,,,159,-0.003966927,0.00253469,0.002314819,-0.0004902,-0.227288175,0.145227039,0.132629332,-0.028086369
,,,,,,,,,,,,160,-0.007603727,0.002309464,0.000513577,-0.001230856,-0.435661439,0.13232254,0.029425768,-0.070522869
,,,,,,,,,,,,161,-0.009398162,0.001123467,-0.002105301,-0.002480952,-0.538475011,0.064369918,-0.120624856,-0.142148086
,,,,,,,,,,,,162,-0.008378434,0.000131452,-0.004133204,-0.002970758,-0.480048906,0.007531645,-0.236815125,-0.170211908
,,,,,,,,,,,,163,-0.003942424,0.000332821,-0.004414309,-0.001709798,-0.225884275,0.019069239,-0.252921248,-0.097964191
,,,,,,,,,,,,164,0.000238792,-0.002054502,-0.00209447,-0.002455157,0.013681753,-0.117714294,-0.12000432,-0.140670108
,,,,,,,,,,,,165,0.004726667,-0.005262999,-0.000771301,-0.003583424,0.27081806,-0.30154763,-0.044192315,-0.205315047
,,,,,,,,,,,,166,0.0054653,-0.007750719,0.000663939,-0.003799453,0.313138648,-0.444083487,0.038040887,-0.217692607
,,,,,,,,,,,,167,0.003753094,-0.00825686,0.003017715,-0.002130145,0.215036438,-0.47308323,0.17290233,-0.122048315
,,,,,,,,,,,,168,0.000921386,-0.005876938,0.002620512,-0.002337628,0.052791534,-0.336723744,0.150144252,-0.133936229
,,,,,,,,,,,,169,-0.001744042,-0.004482145,0.000892267,-0.002862213,-0.099926272,-0.256807992,0.051123153,-0.163992699
,,,,,,,,,,,,170,-0.003138354,-0.002681242,-0.000855777,-0.002501069,-0.179814435,-0.15362385,-0.049032402,-0.143300671
,,,,,,,,,,,,171,-0.002394642,0.000357135,-0.001482414,-0.000359332,-0.137202872,0.020462328,-0.084936068,-0.020588221
,,,,,,,,,,,,172,-0.003381124,0.000731941,-7.24E-05,-8.82E-05,-0.193724149,0.04193713,-0.004146871,-0.005054492
,,,,,,,,,,,,173,-0.004563372,-9.55E-05,-0.000240434,-0.000328693,-0.261461965,-0.005471747,-0.013775876,-0.018832734
,,,,,,,,,,,,174,-0.004708809,-0.000892497,-0.000673254,1.48E-05,-0.26979486,-0.051136311,-0.038574616,0.000850218
,,,,,,,,,,,,175,-0.002902901,-0.000621188,-0.000294393,0.001834347,-0.166324001,-0.035591451,-0.016867478,0.105100339
,,,,,,,,,,,,176,-0.003069273,0.00155157,0.001764595,0.001541806,-0.17585639,0.088898413,0.101103825,0.088338956
,,,,,,,,,,,,177,-0.003617376,0.002014687,0.001924757,0.000480865,-0.207260402,0.115433062,0.110280463,0.02755152
,,,,,,,,,,,,178,-0.003326276,0.001910911,0.001417897,-0.000166365,-0.190581581,0.109487135,0.081239493,-0.009532
,,,,,,,,,,,,179,-0.001300377,0.002246015,0.001328177,0.000598439,-0.074506089,0.12868718,0.076098938,0.034288003
,,,,,,,,,,,,180,-0.001338836,0.003913417,0.00259705,-0.000868988,-0.07670965,0.224222278,0.14880001,-0.049789324
,,,,,,,,,,,,181,-0.001946569,0.003319089,0.001646536,-0.002962604,-0.111530164,0.190169792,0.094339587,-0.169744701
,,,,,,,,,,,,182,-0.001933931,0.001752038,-0.000111127,-0.004305998,-0.110806088,0.100384383,-0.006367097,-0.246715486
,,,,,,,,,,,,183,-0.000375797,0.000426291,-0.001406792,-0.003803334,-0.02153159,0.024424675,-0.080603255,-0.217914959
,,,,,,,,,,,,184,-0.001007653,0.00039835,-0.001179152,-0.000666382,-0.057734255,0.022823774,-0.067560447,-0.038180851
,,,,,,,,,,,,185,-0.002285465,-0.002024317,-0.003183273,0.001557193,-0.130947527,-0.11598482,-0.182388117,0.089220574
,,,,,,,,,,,,186,-0.002929003,-0.005089028,-0.00564159,0.003726229,-0.167819497,-0.291579826,-0.323239306,0.213497206
,,,,,,,,,,,,187,-0.001927592,-0.007277728,-0.00706516,0.006552944,-0.110442864,-0.416983099,-0.404803828,0.375456018
,,,,,,,,,,,,188,0.001471456,-0.00736968,-0.006299156,0.006429801,0.084308196,-0.42225156,-0.360915078,0.368400437
,,,,,,,,,,,,189,0.00368989,-0.004515176,-0.002583077,0.004566548,0.211415107,-0.258700529,-0.147999391,0.261643946
,,,,,,,,,,,,190,0.005516148,-0.00239539,0.000522004,0.002240893,0.31605202,-0.137245737,0.029908637,0.128393712
,,,,,,,,,,,,191,0.007726247,0.00010174,0.003791124,0.000643251,0.442681332,0.005829273,0.217215384,0.036855565
,,,,,,,,,,,,192,0.006714008,0.003639636,0.007780444,0.000771659,0.384684296,0.208535782,0.445786625,0.044212794
,,,,,,,,,,,,193,0.003824279,0.004525249,0.008817181,-0.00103801,0.219115035,0.259277669,0.505187232,-0.059473581
,,,,,,,,,,,,194,0.000476621,0.003904009,0.007850971,-0.003249795,0.027308368,0.223683239,0.449827523,-0.186199552
,,,,,,,,,,,,195,-0.00203864,0.002890724,0.006026444,-0.004541987,-0.11680548,0.165626285,0.345289803,-0.260236662
,,,,,,,,,,,,196,-0.002671939,0.002537841,0.004496236,-0.003870438,-0.153090836,0.145407578,0.257615333,-0.221759753
,,,,,,,,,,,,197,-0.000624781,-0.000853424,0.004276413,-0.000491828,-0.035797332,-0.048897593,0.245020419,-0.028179657
,,,,,,,,,,,,198,0.000448696,-0.005418089,0.00165934,0.002019921,0.025708369,-0.310433633,0.095073178,0.11573293
,,,,,,,,,,,,199,0.001561729,-0.00947969,-0.001813236,0.004446665,0.089480488,-0.543146228,-0.10389078,0.254775152
,,,,,,,,,,,,200,0.003531285,-0.01162757,-0.004723747,0.007466263,0.202327727,-0.666210687,-0.27065077,0.427785376
,,,,,,,,,,,,201,0.00269761,-0.010745021,-0.005894474,0.007441673,0.154561684,-0.615644354,-0.337728495,0.426376452
,,,,,,,,,,,,202,0.000510376,-0.006145236,-0.004440131,0.005531927,0.029242409,-0.352096087,-0.254400771,0.316956055
,,,,,,,,,,,,203,-0.001671975,-0.001510413,-0.004191643,0.003011518,-0.095797134,-0.08654029,-0.240163425,0.172547295
,,,,,,,,,,,,204,-0.002671521,0.003763068,-0.00369638,0.001086042,-0.153066888,0.215607914,-0.21178697,0.062225603
,,,,,,,,,,,,205,-0.001557388,0.005564478,-0.001938974,0.000771459,-0.089231752,0.318821105,-0.111095037,0.044201371
,,,,,,,,,,,,206,-0.00201995,0.00502728,0.00176516,-0.001634936,-0.115734594,0.288041926,0.101136198,-0.09367493
,,,,,,,,,,,,207,-0.0026169,0.00328867,0.003797747,-0.004509778,-0.149937346,0.188426911,0.217594896,-0.258391227
,,,,,,,,,,,,208,-0.002210835,0.001494064,0.00503144,-0.006442331,-0.126671488,0.085603562,0.288280251,-0.369118373
,,,,,,,,,,,,209,5.46E-05,0.000670607,0.006292272,-0.006304797,0.003129163,0.038422951,0.360520639,-0.361238241
,,,,,,,,,,,,210,0.000549097,0.001668623,0.003931988,-0.00331192,0.031460958,0.095605055,0.225286334,-0.18975906
,,,,,,,,,,,,211,0.00053505,0.000752395,-0.000368045,-0.001118812,0.03065612,0.043109058,-0.02108745,-0.064103203
,,,,,,,,,,,,212,0.001046631,-0.000753298,-0.004952472,0.001277295,0.059967511,-0.043160796,-0.283755742,0.073183639
,,,,,,,,,,,,213,0.002955206,-0.00167798,-0.008378279,0.004534809,0.169320804,-0.096141172,-0.480040009,0.25982539
,,,,,,,,,,,,214,0.002678982,-0.001058213,-0.00947924,0.004971048,0.153494364,-0.060631139,-0.543120465,0.284820071
,,,,,,,,,,,,215,0.001501995,-0.002724688,-0.007401148,0.003776437,0.086057991,-0.156113123,-0.424054571,0.216373884
,,,,,,,,,,,,216,0.000601461,-0.004976801,-0.006143913,0.002142922,0.034461194,-0.285149693,-0.352020275,0.122780364
,,,,,,,,,,,,217,0.000999088,-0.00638211,-0.004247306,0.001184222,0.057243521,-0.365667967,-0.243352692,0.067850916
,,,,,,,,,,,,218,-0.000952283,-0.005814914,-0.00087067,0.001851015,-0.054561796,-0.33317003,-0.049885714,0.106055368
,,,,,,,,,,,,219,-0.003591772,-0.002510036,-1.93E-05,0.000492161,-0.205793386,-0.143814469,-0.001106209,0.028198724
,,,,,,,,,,,,220,-0.005474229,-0.000101134,-0.000254679,-0.001456464,-0.31365023,-0.005794551,-0.014592016,-0.083449231
,,,,,,,,,,,,221,-0.005437278,0.002346074,-0.000425339,-0.002729105,-0.311533084,0.134420139,-0.024370151,-0.156366218
,,,,,,,,,,,,222,-0.002654533,0.00548289,0.000419672,-0.002295741,-0.152093529,0.314146457,0.024045407,-0.131536293
,,,,,,,,,,,,223,-0.0007238,0.005640614,0.003057975,0.000622417,-0.041470703,0.323183376,0.17520906,0.035661878
,,,,,,,,,,,,224,0.001378865,0.004030913,0.003852271,0.00243245,0.079003141,0.230954302,0.220718888,0.139369145
,,,,,,,,,,,,225,0.004363676,0.001902884,0.00382938,0.004010252,0.250020223,0.109027222,0.219407314,0.229770519
,,,,,,,,,,,,226,0.004586279,0.000424363,0.003973156,0.006139609,0.262774447,0.024314209,0.227645053,0.351773655
,,,,,,,,,,,,227,0.003283307,0.000579788,0.005213477,0.005215454,0.18811964,0.033219405,0.298710216,0.298823486
,,,,,,,,,,,,228,0.001670897,-0.001324842,0.003927278,0.002611478,0.095735335,-0.075907855,0.225016479,0.149626696
,,,,,,,,,,,,229,0.000866453,-0.003713664,0.001483541,-0.000283145,0.049644105,-0.212777274,0.085000611,-0.016223029
,,,,,,,,,,,,230,0.001814189,-0.005227171,-0.000796837,-0.002221687,0.103945374,-0.299494837,-0.04565541,-0.127293277
,,,,,,,,,,,,231,0.000889012,-0.004785838,-0.001770677,-0.002195337,0.050936627,-0.274208319,-0.101452319,-0.125783567
,,,,,,,,,,,,232,-0.000549169,-0.001630178,-0.000530816,-0.003994549,-0.03146506,-0.093402319,-0.030413523,-0.228870817
,,,,,,,,,,,,233,-0.001308429,0.000640344,-0.000714323,-0.005935763,-0.074967479,0.036689009,-0.040927708,-0.34009414
,,,,,,,,,,,,234,-0.000411341,0.002916478,-0.001022208,-0.006641431,-0.023568104,0.16710188,-0.058568183,-0.380525943
,,,,,,,,,,,,235,-0.001539569,0.005875636,-0.000406762,-0.005083555,-0.08821083,0.336649145,-0.023305723,-0.291266247
,,,,,,,,,,,,236,-0.003122071,0.005875125,0.001965299,-0.000611481,-0.178881468,0.336619867,0.112603361,-0.035035305
,,,,,,,,,,,,237,-0.003852043,0.004130795,0.002512318,0.003205772,-0.220705828,0.23667712,0.14394519,0.183677229
,,,,,,,,,,,,238,-0.002714639,0.001905609,0.002376238,0.006900754,-0.155537382,0.109183353,0.136148399,0.39538408
,,,,,,,,,,,,239,-0.003537858,0.000375784,0.002579472,0.006617905,-0.202704306,0.021530837,0.147792859,0.379178021
,,,,,,,,,,,,240,-0.004628953,0.000528463,0.00404397,0.003756034,-0.265219491,0.0302787,0.231702417,0.215204879
,,,,,,,,,,,,241,-0.004664007,-0.001323037,0.003189288,-0.000181888,-0.267227926,-0.075804436,0.182732759,-0.010421419
,,,,,,,,,,,,242,-0.002679906,-0.003615958,0.001352342,-0.003771075,-0.1535473,-0.207179132,0.077483481,-0.21606669
,,,,,,,,,,,,243,-0.002463863,-0.005006672,-0.000210552,-0.005815444,-0.14116897,-0.286861175,-0.012063761,-0.333200417
,,,,,,,,,,,,244,-0.002495524,-0.004432881,-0.000415992,-0.00539274,-0.142982966,-0.253985372,-0.023834562,-0.308981247
,,,,,,,,,,,,245,-0.00164488,-0.001146766,0.001611318,-0.001864157,-0.094244679,-0.065704852,0.092321713,-0.106808303
,,,,,,,,,,,,246,0.00091943,0.001265566,0.002273526,0.00110042,0.052679441,0.07251159,0.130263472,0.06304941
,,,,,,,,,,,,247,0.00158984,0.003639472,0.002626773,0.004192723,0.091091113,0.208526385,0.150502987,0.240225338
,,,,,,,,,,,,248,0.001577911,0.006645691,0.003611696,0.007970684,0.090407634,0.380770046,0.206934954,0.456686533
,,,,,,,,,,,,249,0.001913867,0.006646849,0.00160613,0.008711522,0.109656528,0.380836395,0.092024497,0.499133446
,,,,,,,,,,,,250,0.003501797,0.004827695,-0.001723378,0.00740081,0.200638189,0.276606548,-0.098742307,0.424035167
,,,,,,,,,,,,251,0.0027654,0.002455077,-0.004833736,0.005211266,0.158445737,0.14066555,-0.276952653,0.298583571
,,,,,,,,,,,,252,0.00105589,0.000719741,-0.006415513,0.003305604,0.060498034,0.041238122,-0.367581834,0.189397176
,,,,,,,,,,,,253,-0.000374282,0.000623995,-0.00546421,0.002693066,-0.021444759,0.03575228,-0.313076147,0.154301308
,,,,,,,,,,,,254,-0.000449514,-0.001529405,-0.001307739,-0.000355486,-0.025755256,-0.087628452,-0.074927907,-0.020367872
,,,,,,,,,,,,255,0.00169814,-0.004140942,0.002486,-0.004192653,0.097296258,-0.2372585,0.142437306,-0.240221299
,,,,,,,,,,,,256,0.002475665,-0.005827465,0.006444443,-0.007338352,0.141845147,-0.33388915,0.369239384,-0.4204566
,,,,,,,,,,,,257,0.002919939,-0.005489613,0.006755756,-0.008565947,0.167300165,-0.314531656,0.387076323,-0.49079263
,,,,,,,,,,,,258,0.003962364,-0.002361296,0.004681546,-0.006956213,0.227026754,-0.135292295,0.268232843,-0.398561667
,,,,,,,,,,,,259,0.001992692,-5.85E-05,0.001583749,-0.001958785,0.114172836,-0.003351803,0.090742141,-0.112230111
,,,,,,,,,,,,260,-0.001341365,0.002341024,-0.001223151,0.002800237,-0.076854571,0.134130795,-0.070081376,0.160441747
,,,,,,,,,,,,261,-0.004502403,0.005494513,-0.002621659,0.007670967,-0.257968675,0.314812405,-0.150210001,0.439514047
,,,,,,,,,,,,262,-0.006180838,0.005746361,-0.001739239,0.008765389,-0.354135941,0.329242233,-0.099651041,0.502219796
,,,,,,,,,,,,263,-0.005367179,0.00427925,-0.002330903,0.007130859,-0.307516717,0.245182964,-0.133550917,0.40856815
,,,,,,,,,,,,264,-0.001377801,0.002316935,-0.002992247,0.00403125,-0.07894221,0.132750597,-0.17144311,0.230973613
,,,,,,,,,,,,265,0.002217094,0.001008219,-0.002608961,0.000768132,0.127030156,0.057766694,-0.149482469,0.044010727
,,,,,,,,,,,,266,0.005985465,0.001328027,-0.000347687,-0.001514441,0.342941911,0.076090342,-0.019920986,-0.086771099
,,,,,,,,,,,,267,0.006101742,-0.00039082,0.000102309,-0.001901537,0.349604065,-0.022392337,0.005861893,-0.108950053
,,,,,,,,,,,,268,0.003892811,-0.002637774,2.93E-05,0.000305704,0.223041651,-0.151133318,0.001676108,0.017515549
,,,,,,,,,,,,269,0.000752545,-0.00409495,0.000477277,0.001337183,0.043117673,-0.234623352,0.027345968,0.07661492
,,,,,,,,,,,,270,-0.001995333,-0.003705196,0.002309018,0.002155637,-0.114324139,-0.212292093,0.132297003,0.123508921
,,,,,,,,,,,,271,-0.003235509,-0.000700431,0.001906982,0.003584576,-0.185381001,-0.04013174,0.109261994,0.205381086
,,,,,,,,,,,,272,-0.002106233,0.001330214,0.000611971,0.00187791,-0.120678286,0.076215648,0.035063339,0.107596307
,,,,,,,,,,,,273,-0.002354412,0.003275753,-0.000371682,-0.001355863,-0.134897862,0.187686822,-0.021295808,-0.077685238
,,,,,,,,,,,,274,-0.002610738,0.005862758,-1.85E-05,-0.004606142,-0.149584261,0.33591129,-0.001062081,-0.263912488
,,,,,,,,,,,,275,-0.001815894,0.00546645,-0.00205332,-0.00656952,-0.104043052,0.313204514,-0.117646587,-0.376405778
,,,,,,,,,,,,276,0.000818831,0.003375474,-0.004742447,-0.006220424,0.046915559,0.193400414,-0.271722215,-0.35640405
,,,,,,,,,,,,277,0.001653178,0.000905735,-0.006598404,-0.002855844,0.094720145,0.051894793,-0.378060675,-0.163627809
,,,,,,,,,,,,278,0.001837051,-0.000740687,-0.006434436,-0.000125396,0.105255279,-0.042438239,-0.368666044,-0.007184635
,,,,,,,,,,,,279,0.002351319,-0.000572875,-0.003428809,0.002795868,0.134720648,-0.03282332,-0.196456274,0.160191412
,,,,,,,,,,,,280,0.004068878,-0.002301753,-0.001210221,0.006480163,0.233129516,-0.131880732,-0.069340577,0.371285994
,,,,,,,,,,,,281,0.003387414,-0.004334887,0.001242629,0.007238195,0.19408452,-0.24837073,0.071197377,0.414718033
,,,,,,,,,,,,282,0.001622546,-0.005335628,0.004590209,0.006107298,0.092965015,-0.305708965,0.262999581,0.349922392
,,,,,,,,,,,,283,2.08E-05,-0.004273093,0.00517023,0.004244003,0.00119239,-0.244830194,0.296232347,0.243163452
,,,,,,,,,,,,284,-0.000332317,-0.000443294,0.004142888,0.002782237,-0.019040344,-0.025398875,0.237369981,0.15941043
,,,,,,,,,,,,285,0.001444633,0.002581191,0.002676606,0.002710184,0.08277136,0.14789135,0.153358217,0.15528212
,,,,,,,,,,,,286,0.001743165,0.005483466,0.001872892,0.000333694,0.099876004,0.314179459,0.107308802,0.019119263
,,,,,,,,,,,,287,0.001696541,0.004363638,0.002683098,-0.002789092,0.097204646,0.250018041,0.153730185,-0.159803175
,,,,,,,,,,,,288,0.002294496,0.000860565,0.001466887,-0.005255338,0.131464911,0.049306742,0.084046441,-0.301108699
,,,,,,,,,,,,289,-0.000174616,-0.003388737,-0.000397299,-0.005910738,-0.010004745,-0.194160328,-0.022763556,-0.338660324
,,,,,,,,,,,,290,-0.003898757,-0.006904874,-0.001670835,-0.003905179,-0.223382308,-0.395620138,-0.095731785,-0.223750274
,,,,,,,,,,,,291,-0.007244086,-0.008468264,-0.001327601,-0.003002058,-0.415055566,-0.485195787,-0.076065962,-0.172005263
,,,,,,,,,,,,292,-0.008838125,-0.007158982,-0.003141325,-0.001896358,-0.506387245,-0.410179454,-0.179984663,-0.1086533
,,,,,,,,,,,,293,-0.007634762,-0.002410118,-0.005380231,0.00029889,-0.43743962,-0.13808959,-0.308264529,0.017125143
,,,,,,,,,,,,294,-0.002992337,0.002152294,-0.006600531,0.004234854,-0.171448297,0.123317362,-0.378182565,0.24263927
,,,,,,,,,,,,295,0.001529154,0.006925252,-0.005688543,0.006273768,0.087614062,0.396787712,-0.325929477,0.35946042
,,,,,,,,,,,,296,0.006374504,0.008012912,-0.001908874,0.007201291,0.365232154,0.459106039,-0.109370427,0.412603583
,,,,,,,,,,,,297,0.00766352,0.006494417,0.001172476,0.007904296,0.439087366,0.372102684,0.067177947,0.452882804
,,,,,,,,,,,,298,0.006463744,0.003621292,0.004301757,0.004783743,0.370345265,0.207484748,0.246472499,0.274088264
,,,,,,,,,,,,299,0.003986782,0.000668176,0.0080571,-0.000404817,0.228425808,0.038283665,0.461637797,-0.023194315
,,,,,,,,,,,,300,0.001469531,-0.001246312,0.008764429,-0.005918465,0.084197919,-0.071408418,0.502164806,-0.339103045
,,,,,,,,,,,,301,4.67E-06,-0.001226307,0.007430507,-0.010264136,0.000267354,-0.070262215,0.425736679,-0.588091678
,,,,,,,,,,,,302,0.000478019,-0.003130874,0.005248781,-0.01223274,0.02738848,-0.179385866,0.30073299,-0.700884395
,,,,,,,,,,,,303,-0.000862191,-0.005372397,0.003400063,-0.010878198,-0.04939991,-0.307815674,0.194809283,-0.623274812
,,,,,,,,,,,,304,-0.002592793,-0.006609174,0.002908724,-0.005654892,-0.148556098,-0.378677776,0.166657623,-0.32400147
,,,,,,,,,,,,305,-0.003493619,-0.005794249,7.56E-05,-0.000265102,-0.200169601,-0.331986013,0.004332235,-0.01518922
,,,,,,,,,,,,306,-0.002597678,-0.002228584,-0.003488065,0.005659441,-0.148835979,-0.127688457,-0.199851386,0.324262088
,,,,,,,,,,,,307,0.000803585,0.000415617,-0.006333456,0.008044989,0.046042034,0.0238131,-0.36288032,0.460943911
,,,,,,,,,,,,308,0.00308372,0.002998608,-0.007267554,0.007768126,0.176684126,0.171807583,-0.41640019,0.445080844
,,,,,,,,,,,,309,0.00502286,0.006138531,-0.005410569,0.005870571,0.287788705,0.351711919,-0.310002757,0.336358958
,,,,,,,,,,,,310,0.007355349,0.006139357,-0.004639859,0.003500378,0.421430442,0.351759245,-0.26584434,0.200556906
,,,,,,,,,,,,311,0.006444379,0.00421957,-0.003516954,0.00172495,0.369235719,0.241763552,-0.201506605,0.098832331
,,,,,,,,,,,,312,0.003625726,0.00166488,-0.00110704,0.001438192,0.207738814,0.095390597,-0.063428746,0.082402324
,,,,,,,,,,,,313,0.000306286,-0.000317684,0.003197335,-0.001200162,0.017548902,-0.018201952,0.183193792,-0.068764195
,,,,,,,,,,,,314,-0.002230723,-0.000715958,0.005760796,-0.00459869,-0.127810999,-0.041021372,0.330069288,-0.263485511
,,,,,,,,,,,,315,-0.0029382,-0.003338086,0.007299151,-0.007338136,-0.168346434,-0.191258239,0.418210518,-0.420444237
,,,,,,,,,,,,316,-0.001020967,-0.006442836,0.00861426,-0.008241368,-0.05849709,-0.369147311,0.493560731,-0.472195614
,,,,,,,,,,,,317,-0.000151821,-0.008535144,0.006082416,-0.006431445,-0.008698686,-0.489027729,0.348496791,-0.368494638
,,,,,,,,,,,,318,0.000743954,-0.008415712,0.001341287,-0.001388763,0.042625425,-0.482184779,0.076850076,-0.079570273
,,,,,,,,,,,,319,0.002511386,-0.005266689,-0.003921882,0.003221235,0.143891815,-0.301759052,-0.224707279,0.18456318
,,,,,,,,,,,,320,0.001425029,-0.002868537,-0.00822937,0.007764816,0.081648122,-0.164355063,-0.471508165,0.444891206
,,,,,,,,,,,,321,-0.000960372,-0.000102092,-0.010389489,0.008323532,-0.055025241,-0.005849441,-0.595273844,0.476903251
,,,,,,,,,,,,322,-0.003227988,0.003653653,-0.009483663,0.006067813,-0.184950089,0.209338897,-0.543373863,0.34766006
,,,,,,,,,,,,323,-0.004172509,0.004645001,-0.004944839,0.002368565,-0.239067181,0.266138953,-0.283318414,0.135708761
,,,,,,,,,,,,324,-0.002864688,0.004007705,-0.00048415,-0.001399994,-0.16413452,0.229624582,-0.027739741,-0.080213774
,,,,,,,,,,,,325,-0.003061741,0.002855403,0.004431344,-0.004050984,-0.175424842,0.163602541,0.253897328,-0.23210429
,,,,,,,,,,,,326,-0.003278208,0.002247444,0.005704905,-0.00464712,-0.187827459,0.128769056,0.326866976,-0.26626035
,,,,,,,,,,,,327,-0.002396788,0.003113009,0.004530445,-0.002501183,-0.137325809,0.178362277,0.25957535,-0.143307237
,,,,,,,,,,,,328,0.000386492,0.001792277,0.002139398,-0.001416633,0.022144361,0.102689908,0.122578481,-0.081167109
,,,,,,,,,,,,329,0.001449439,-0.000322533,-0.00024833,-0.00029755,0.083046713,-0.01847978,-0.014228245,-0.017048336
,,,,,,,,,,,,330,0.001931745,-0.001961485,-0.001562149,0.001660113,0.110680823,-0.112384812,-0.089504549,0.095117475
,,,,,,,,,,,,331,0.002781994,-0.002063134,-0.000942998,0.000558571,0.159396524,-0.118208871,-0.054029815,0.032003763
,,,,,,,,,,,,332,0.004852998,0.000193966,-0.002219808,-0.001979865,0.278056316,0.011113433,-0.127185629,-0.113437888
,,,,,,,,,,,,333,0.004547632,0.001197597,-0.00389033,-0.004491307,0.260560138,0.068617254,-0.222899508,-0.25733293
,,,,,,,,,,,,334,0.003086924,0.00199424,-0.004694992,-0.005727603,0.176867722,0.114261535,-0.269003219,-0.328167496
,,,,,,,,,,,,335,0.001668905,0.003458294,-0.003654301,-0.004723583,0.095621235,0.198145651,-0.209376001,-0.270641391
,,,,,,,,,,,,336,0.00136829,0.001920161,-8.49E-05,-0.000823418,0.078397235,0.110017121,-0.004864081,-0.047178385
,,,,,,,,,,,,337,-0.001479433,-0.001016538,0.002378498,0.002350979,-0.084765265,-0.058243337,0.136277871,0.134701153
,,,,,,,,,,,,338,-0.005099118,-0.003861247,0.004525186,0.005445569,-0.292157964,-0.221233157,0.259274037,0.312008144
,,,,,,,,,,,,339,-0.007925959,-0.005338481,0.007046415,0.004525189,-0.454123982,-0.30587243,0.403729846,0.259274229
,,,,,,,,,,,,340,-0.008676887,-0.004460988,0.006283422,0.001182452,-0.497148997,-0.255595785,0.360013562,0.067749515
,,,,,,,,,,,,341,-0.006424211,-0.000544225,0.003563114,-0.00298037,-0.368080184,-0.031181796,0.204151402,-0.170762623
,,,,,,,,,,,,342,-0.005031157,0.00282147,0.000283329,-0.006503968,-0.288264036,0.161658323,0.016233571,-0.372649923
,,,,,,,,,,,,343,-0.003083336,0.006225466,-0.002273398,-0.008179505,-0.176662128,0.356692927,-0.130256109,-0.468651126
,,,,,,,,,,,,344,0.000236792,0.005853204,-0.003055446,-0.007087198,0.013567163,0.335363886,-0.175064168,-0.406066554
,,,,,,,,,,,,345,0.001061612,0.003122868,-0.001262952,-0.002646249,0.060825888,0.178927156,-0.072361829,-0.151618908
,,,,,,,,,,,,346,0.000759433,-0.000486123,-0.000583222,0.001496017,0.043512328,-0.027852796,-0.03341618,0.085715451
,,,,,,,,,,,,347,0.000465571,-0.003592382,0.000110888,0.005833835,0.026675273,-0.205828327,0.006353407,0.33425413
,,,,,,,,,,,,348,0.001150117,-0.00504562,0.001695976,0.006413279,0.065896849,-0.289092731,0.097172248,0.367453809
,,,,,,,,,,,,349,-0.00094495,-0.003970625,0.000383994,0.004486269,-0.054141665,-0.227500055,0.022001259,0.257044278
,,,,,,,,,,,,350,-0.004071137,-0.004217128,-0.002181605,0.00139441,-0.233258994,-0.241623636,-0.124996761,0.079893821
,,,,,,,,,,,,351,-0.006683259,-0.004298534,-0.004530448,-0.001554004,-0.382922536,-0.246287856,-0.259575557,-0.089037865
,,,,,,,,,,,,352,-0.00750394,-0.003121223,-0.005427176,-0.003235053,-0.429944108,-0.178832905,-0.310954261,-0.185354862
,,,,,,,,,,,,353,-0.005593655,6.31E-05,-0.003936629,-0.002766267,-0.320492814,0.003615364,-0.22555221,-0.15849544
,,,,,,,,,,,,354,-0.004831498,0.001590138,-0.00387978,-0.00405175,-0.276824418,0.091108196,-0.222294994,-0.232148149
,,,,,,,,,,,,355,-0.003718634,0.002519826,-0.003737251,-0.005500593,-0.213062047,0.144375395,-0.214128723,-0.315160789
,,,,,,,,,,,,356,-0.001290454,0.003724573,-0.002415374,-0.005827905,-0.073937587,0.213402313,-0.138390744,-0.333914339
,,,,,,,,,,,,357,0.00306884,0.001433654,0.000838555,-0.004082516,0.175831597,0.082142323,0.048045669,-0.233910912
,,,,,,,,,,,,358,0.005742532,-0.002569656,0.002409963,0.000347466,0.32902283,-0.147230444,0.138080722,0.019908357
,,,,,,,,,,,,359,0.007432335,-0.006618937,0.003316413,0.003836148,0.425841447,-0.379237155,0.190016462,0.219795065
,,,,,,,,,,,,360,0.008929627,-0.009280183,0.004436303,0.006952917,0.511629938,-0.531715319,0.25418146,0.398372796
,,,,,,,,,,,,361,0.006615096,-0.009404504,0.002066937,0.005795397,0.379017073,-0.538838388,0.118426757,0.33205181
,,,,,,,,,,,,362,0.002078046,-0.006204025,-0.002030766,0.001952244,0.119063241,-0.355464448,-0.11635433,0.111855327
,,,,,,,,,,,,363,-0.003021687,-0.00346002,-0.006191906,-0.002912016,-0.173129929,-0.198244543,-0.354770091,-0.166846227
,,,,,,,,,,,,364,-0.007218178,-0.000113713,-0.008981332,-0.0072713,-0.413571114,-0.006515275,-0.514592396,-0.416614797
,,,,,,,,,,,,365,-0.009330965,0.004357183,-0.009249748,-0.00986048,-0.534624891,0.249648196,-0.529971549,-0.564963884
,,,,,,,,,,,,366,-0.008461139,0.006210139,-0.00620138,-0.009682008,-0.484787567,0.355814755,-0.355312884,-0.554738179
,,,,,,,,,,,,367,-0.0040456,0.006353053,-0.003611933,-0.006068042,-0.231795795,0.364003124,-0.206948508,-0.347673199
,,,,,,,,,,,,368,0.000231434,0.005760651,-0.000397231,-0.002846125,0.013260205,0.33006099,-0.022759662,-0.163070947
,,,,,,,,,,,,369,0.00488602,0.005442771,0.003988111,0.000897817,0.279948352,0.311847807,0.228501914,0.051441146
,,,,,,,,,,,,370,0.005884805,0.001746631,0.005805503,0.005596361,0.337174467,0.100074585,0.332630848,0.320647842
,,,,,,,,,,,,371,0.004443677,-0.00351024,0.005984351,0.007460502,0.254603915,-0.201121937,0.342878046,0.4274553
,,,,,,,,,,,,372,0.001832196,-0.00863418,0.005496468,0.007342922,0.104977102,-0.494702074,0.314924436,0.420718463
,,,,,,,,,,,,373,-0.000702467,-0.012201542,0.005340002,0.006239688,-0.04024839,-0.69909686,0.3059596,0.357507787
,,,,,,,,,,,,374,-0.002076519,-0.013041142,0.001865792,0.005200534,-0.11897575,-0.747202397,0.106902025,0.29796866
,,,,,,,,,,,,375,-0.001428513,-0.010273252,-0.003140442,0.005190947,-0.081847787,-0.588613981,-0.17993408,0.297419341
,,,,,,,,,,,,376,-0.00259338,-0.003513447,-0.008007157,0.002470266,-0.148589706,-0.201305685,-0.458776276,0.141535832
,,,,,,,,,,,,377,-0.004066093,0.00356744,-0.011322407,-0.00140882,-0.232969994,0.204399256,-0.648726113,-0.080719455
,,,,,,,,,,,,378,-0.004604058,0.010882519,-0.011935986,-0.004984884,-0.263793096,0.623522409,-0.683881617,-0.285612814
,,,,,,,,,,,,379,-0.003256819,0.014381718,-0.009013202,-0.007023185,-0.186601967,0.824011744,-0.516418423,-0.402398855
,,,,,,,,,,,,380,0.000632955,0.014477186,-0.006655807,-0.006565255,0.036265635,0.829481657,-0.381349671,-0.376161406
,,,,,,,,,,,,381,0.003434931,0.012145542,-0.003477233,-0.002964491,0.196807059,0.695888296,-0.199230774,-0.169852828
,,,,,,,,,,,,382,0.005842719,0.008601039,0.001153009,0.000102582,0.334763142,0.492803234,0.066062529,0.00587751
,,,,,,,,,,,,383,0.00853388,0.004986517,0.003304264,0.003375741,0.488955285,0.285706379,0.189320396,0.19341573
,,,,,,,,,,,,384,0.007837957,0.002250879,0.00401572,0.007372351,0.449081854,0.128965867,0.230083834,0.422404625
,,,,,,,,,,,,385,0.005021201,0.001139975,0.004198131,0.008366708,0.287693628,0.065315756,0.240535184,0.479377053
,,,,,,,,,,,,386,0.001482823,-0.002408683,0.004745338,0.007316977,0.084959522,-0.13800737,0.271887825,0.419231873
,,,,,,,,,,,,387,-0.001474291,-0.006798459,0.001946693,0.005359543,-0.084470642,-0.389523008,0.111537271,0.307079198
,,,,,,,,,,,,388,-0.002775927,-0.010614579,-0.002476534,0.003635442,-0.159048906,-0.608170578,-0.141894962,0.208295476
,,,,,,,,,,,,389,-0.001597861,-0.012659133,-0.00689674,0.003146648,-0.091550704,-0.725314893,-0.395154082,0.180289656
,,,,,,,,,,,,390,-0.001679852,-0.011936013,-0.009920387,0.000169155,-0.096248424,-0.683883169,-0.568396311,0.009691855
,,,,,,,,,,,,391,-0.001748145,-0.007777103,-0.010419726,-0.00366653,-0.100161322,-0.445595179,-0.597006324,-0.210076717
,,,,,,,,,,,,392,-0.0008069,-0.004346121,-0.007590956,-0.006884153,-0.046231954,-0.249014391,-0.434929716,-0.394432927
,,,,,,,,,,,,393,0.001910032,-0.000545899,-0.005431663,-0.008256289,0.109436797,-0.031277709,-0.311211381,-0.47305053
,,,,,,,,,,,,394,0.002773398,0.004071569,-0.002635084,-0.006856208,0.158904012,0.23328372,-0.150979216,-0.392831789
,,,,,,,,,,,,395,0.002866148,0.005526729,0.001456869,-0.002113748,0.164218175,0.316658246,0.083472423,-0.121108866
,,,,,,,,,,,,396,0.003167065,0.004873472,0.002941344,0.002342964,0.181459436,0.279229377,0.168526573,0.134241957
,,,,,,,,,,,,397,0.004578811,0.003204708,0.002978777,0.006929706,0.262346558,0.183616243,0.170671374,0.397042891
,,,,,,,,,,,,398,0.003491487,0.001609672,0.002598177,0.007743611,0.200047461,0.092227412,0.148864587,0.44367625
,,,,,,,,,,,,399,0.001270875,0.001055654,0.002758344,0.005929167,0.072815786,0.060484519,0.158041452,0.339716231
,,,,,,,,,,,,400,-0.000779973,0.002344424,0.004318576,0.00279127,-0.044689138,0.134325601,0.247436204,0.159927977
,,,,,,,,,,,,401,-0.001534262,0.00170473,0.003596201,-0.000361005,-0.087906731,0.097673834,0.206047114,-0.020684058
,,,,,,,,,,,,402,-9.56E-05,0.00037662,0.001850522,-0.002389982,-0.00547819,0.021578736,0.106027114,-0.136935894
,,,,,,,,,,,,403,-8.55E-05,-0.000517246,0.000286178,-0.002393202,-0.004898023,-0.029636013,0.016396775,-0.137120395
,,,,,,,,,,,,404,-0.000254546,-2.82E-05,-4.55E-05,-0.004295868,-0.014584418,-0.001615741,-0.002608502,-0.24613508
,,,,,,,,,,,,405,0.000418395,-0.001957662,0.001712802,-0.006448446,0.023972239,-0.11216577,0.098136347,-0.369468734
,,,,,,,,,,,,406,0.002770241,-0.004622526,0.001915533,-0.007478802,0.158723114,-0.26485123,0.109751964,-0.428503802
,,,,,,,,,,,,407,0.003222048,-0.006568133,0.001695804,-0.006333887,0.184609742,-0.3763263,0.09716243,-0.362905012
,,,,,,,,,,,,408,0.002900767,-0.006620064,0.002055684,-0.002342597,0.16620171,-0.379301727,0.117782034,-0.134220943
,,,,,,,,,,,,409,0.002850455,-0.003949504,0.003877028,0.000829606,0.163319037,-0.22628991,0.222137341,0.047532929
,,,,,,,,,,,,410,0.004022851,-0.0023008,0.003556913,0.00394122,0.230492399,-0.13182613,0.203796109,0.225815258
,,,,,,,,,,,,411,0.002837899,-0.000482005,0.002320672,0.007538844,0.162599644,-0.027616852,0.132964731,0.431943964
,,,,,,,,,,,,412,0.000689508,0.002275201,0.001328455,0.007912547,0.03950592,0.130359415,0.07611487,0.453355569
,,,,,,,,,,,,413,-0.001121806,0.002179137,0.001603773,0.006156819,-0.064274752,0.124855353,0.09188943,0.35275972
,,,,,,,,,,,,414,-0.001488887,0.000660262,-0.00048308,0.003518995,-0.085306922,0.037830226,-0.02767844,0.201623578
,,,,,,,,,,,,415,0.000462235,-0.00098288,-0.003293678,0.001212586,0.026484134,-0.056314876,-0.188713836,0.06947607
,,,,,,,,,,,,416,0.001146685,-0.001618696,-0.005384434,0.000274182,0.065700204,-0.092744449,-0.30850532,0.015709457
,,,,,,,,,,,,417,0.001659754,-0.00033785,-0.005583819,0.001536284,0.095096917,-0.019357379,-0.31992924,0.088022571
,,,,,,,,,,,,418,0.002921806,-0.000806702,-0.003048457,0.001262178,0.16740715,-0.04622062,-0.174663743,0.072317497
,,,,,,,,,,,,419,0.001278167,-0.00162663,-0.001405517,0.000629238,0.073233571,-0.093199034,-0.080530214,0.036052659
,,,,,,,,,,,,420,-0.001630621,-0.001648952,0.000449284,0.000668634,-0.093427674,-0.09447799,0.025742072,0.038309919
,,,,,,,,,,,,421,-0.004305325,3.06E-05,0.003265544,0.002251863,-0.246676953,0.001753251,0.187101872,0.129022256
,,,,,,,,,,,,422,-0.005479535,-0.000246042,0.003364628,0.001745024,-0.313954212,-0.014097168,0.192779,0.099982489
,,,,,,,,,,,,423,-0.004189039,-0.00106487,0.002062128,0.000462876,-0.240014252,-0.061012557,0.118151219,0.02652084
,,,,,,,,,,,,424,-0.004223055,-0.001254004,0.000592694,-0.000415936,-0.241963251,-0.071849137,0.033958866,-0.023831365
,,,,,,,,,,,,425,-0.004046579,0.000127409,5.99E-05,0.000105879,-0.231851875,0.007299998,0.003432404,0.006066424
,,,,,,,,,,,,426,-0.002566755,-0.000583449,0.001379835,-0.001686504,-0.147064215,-0.033429165,0.079058719,-0.096629533
,,,,,,,,,,,,427,0.000953192,-0.001882189,0.000940075,-0.004118969,0.054613861,-0.107841486,0.053862333,-0.235999566
,,,,,,,,,,,,428,0.002925617,-0.002508986,3.76E-05,-0.00575655,0.167625516,-0.143754309,0.002154512,-0.329825993
,,,,,,,,,,,,429,0.004272658,-0.001462765,-0.000205579,-0.005456947,0.244805263,-0.083810261,-0.011778815,-0.312660022
,,,,,,,,,,,,430,0.005813396,-0.002497922,0.001141572,-0.002421774,0.33308303,-0.143120388,0.065407281,-0.138757406
,,,,,,,,,,,,431,0.003911559,-0.003957317,0.000471453,-0.00025246,0.22411582,-0.226737562,0.027012263,-0.014464873
,,,,,,,,,,,,432,0.000182148,-0.004497182,-0.000804074,0.002018852,0.010436304,-0.257669548,-0.046070045,0.115671672
,,,,,,,,,,,,433,-0.003788916,-0.003099077,-0.001470127,0.005074562,-0.217088923,-0.177564032,-0.084232085,0.290750958
,,,,,,,,,,,,434,-0.006611653,0.00094343,-0.000535461,0.005268565,-0.378819832,0.054054557,-0.030679633,0.30186653
,,,,,,,,,,,,435,-0.00717396,0.004072058,-0.001689016,0.003814626,-0.41103764,0.233311737,-0.096773481,0.218561985
,,,,,,,,,,,,436,-0.004682564,0.006915441,-0.003324561,0.001942527,-0.268291164,0.396225583,-0.190483317,0.111298623
,,,,,,,,,,,,437,-0.002863103,0.005682765,-0.004108929,0.000795421,-0.164043714,0.32559845,-0.235424269,0.045574255
,,,,,,,,,,,,438,-0.000594219,0.001962313,-0.003008607,0.001339695,-0.034046215,0.112432253,-0.172380464,0.076758877
,,,,,,,,,,,,439,0.002806108,-0.002599194,0.000712504,-7.22E-05,0.160778138,-0.148922846,0.040823497,-0.004139376
,,,,,,,,,,,,440,0.003601271,-0.006500424,0.003500321,-0.001979999,0.206337642,-0.37244686,0.200553626,-0.113445603
,,,,,,,,,,,,441,0.002986192,-0.00850446,0.006052569,-0.003114194,0.171096174,-0.487269665,0.346786631,-0.17843018
,,,,,,,,,,,,442,0.002078938,-0.007666718,0.004546867,-0.002455742,0.119114378,-0.439270584,0.260516274,-0.140703681
,,,,,,,,,,,,443,0.001909504,-0.003384771,0.000663458,0.000755309,0.109406513,-0.193933093,0.038013356,0.043276017
,,,,,,,,,,,,444,0.003372042,0.000701558,-0.003911184,0.002932134,0.193203764,0.040196312,-0.224094346,0.167998881
,,,,,,,,,,,,445,0.002819436,0.005124004,-0.007664524,0.00487585,0.16154179,0.293583803,-0.439144905,0.279365617
,,,,,,,,,,,,446,0.001498564,0.005910014,-0.00935402,0.007336649,0.085861414,0.338618859,-0.535945849,0.420359033
,,,,,,,,,,,,447,0.000564245,0.0043027,-0.008039382,0.00670073,0.032328836,0.246526551,-0.460622632,0.383923571
,,,,,,,,,,,,448,0.001013173,0.001600075,-0.003154665,0.004245684,0.058050564,0.091677544,-0.180749001,0.243259751
,,,,,,,,,,,,449,-0.000813903,-0.000934956,0.001684639,0.001326002,-0.04663319,-0.053569033,0.09652268,0.075974326
,,,,,,,,,,,,450,-0.003302567,-0.002214115,0.006844002,-0.000814237,-0.189223177,-0.126859445,0.392132428,-0.046652367
,,,,,,,,,,,,451,-0.005047653,-0.001378089,0.008411375,-0.001151791,-0.289209211,-0.078958683,0.481936273,-0.065992763
,,,,,,,,,,,,452,-0.00491919,-0.002219449,0.007364086,-0.003449895,-0.281848821,-0.127165061,0.421931023,-0.197664407
,,,,,,,,,,,,453,-0.002109035,-0.003293995,0.004871795,-0.006016277,-0.120838816,-0.188732011,0.279133296,-0.344707268
,,,,,,,,,,,,454,-0.000215015,-0.003425861,0.002162638,-0.007424127,-0.012319478,-0.196287376,0.123910057,-0.425371134
,,,,,,,,,,,,455,0.001762053,-0.00172145,0.000335903,-0.006567138,0.100958221,-0.09863182,0.019245816,-0.376269319
,,,,,,,,,,,,456,0.004545637,-0.002001563,0.000287816,-0.002724963,0.260445801,-0.114681112,0.016490658,-0.156128875
,,,,,,,,,,,,457,0.004491059,-0.002745685,-0.001796918,0.000500606,0.257318721,-0.157316162,-0.102955809,0.0286826
,,,,,,,,,,,,458,0.00288155,-0.002746716,-0.004374396,0.003860468,0.165100659,-0.157375234,-0.250634418,0.221188501
,,,,,,,,,,,,459,0.000978962,-0.001084349,-0.006103351,0.007885527,0.056090394,-0.062128621,-0.349696276,0.4518074
,,,,,,,,,,,,460,-6.93E-05,-0.001539287,-0.005907594,0.0088791,-0.003970216,-0.088194649,-0.338480187,0.508734979
,,,,,,,,,,,,461,0.000690442,-0.002563442,-0.003031443,0.007795806,0.03955943,-0.146874408,-0.173688887,0.446666755
,,,,,,,,,,,,462,-0.00038369,-0.002902123,-0.001207855,0.005789781,-0.021983826,-0.1662794,-0.069204999,0.331730032
,,,,,,,,,,,,463,-0.001858452,-0.001582009,0.000640787,0.004022624,-0.106481445,-0.090642439,0.036714362,0.230479394
,,,,,,,,,,,,464,-0.002513778,-0.002406082,0.00324845,0.003513541,-0.144028878,-0.137858344,0.186122503,0.201311043
,,,,,,,,,,,,465,-0.001380154,-0.003727872,0.002838846,0.000552283,-0.079077005,-0.213591332,0.162653915,0.031643493
,,,,,,,,,,,,466,-0.002186997,-0.004217678,0.000847118,-0.003245796,-0.125305685,-0.241655149,0.048536309,-0.185970418
,,,,,,,,,,,,467,-0.003356055,-0.002863893,-0.00137668,-0.006414282,-0.19228776,-0.164088982,-0.07887797,-0.367511292
,,,,,,,,,,,,468,-0.003615425,0.001042543,-0.002640576,-0.007736627,-0.2071486,0.059733314,-0.151293869,-0.443276055
,,,,,,,,,,,,469,-0.002001631,0.003934003,-0.001986701,-0.006298688,-0.114684992,0.225401768,-0.113829559,-0.360888224
,,,,,,,,,,,,470,-0.00227582,0.006484033,-0.003213448,-0.001529203,-0.130394854,0.371507725,-0.18411703,-0.08761688
,,,,,,,,,,,,471,-0.002882617,0.004865217,-0.004701622,0.002947373,-0.165161805,0.278756401,-0.26938309,0.168872058
,,,,,,,,,,,,472,-0.002613263,0.000768871,-0.00513903,0.007522095,-0.149728955,0.044053063,-0.294444758,0.430984308
,,,,,,,,,,,,473,-0.000564771,-0.00409079,-0.003543948,0.008335143,-0.032358978,-0.234385002,-0.203053267,0.477568514
,,,,,,,,,,,,474,-0.000406323,-0.008176238,0.000741689,0.006495472,-0.023280586,-0.46846393,0.042495624,0.372163125
,,,,,,,,,,,,475,-0.00074518,-0.010222078,0.004129339,0.003303554,-0.042695646,-0.585681927,0.236593709,0.189279696
,,,,,,,,,,,,476,-0.000463806,-0.009251434,0.00719799,7.25E-05,-0.026574118,-0.530068123,0.412414471,0.004152271
,,,,,,,,,,,,477,0.00133428,-0.004665181,0.006123074,-0.002056112,0.076448635,-0.267295182,0.350826288,-0.117806525
,,,,,,,,,,,,478,0.001045395,-0.000122277,0.002452211,-0.002175876,0.059896721,-0.007005956,0.140501361,-0.124668493
,,,,,,,,,,,,479,3.88E-05,0.004883013,-0.002182372,-0.004201685,0.00222219,0.279776036,-0.1250407,-0.24073881
,,,,,,,,,,,,480,-0.000501713,0.006319213,-0.006277738,-0.006485981,-0.028746019,0.362064235,-0.359687888,-0.371619342
,,,,,,,,,,,,481,0.000410482,0.005313823,-0.00858985,-0.007650168,0.023518878,0.304459631,-0.492162177,-0.43832233
,,,,,,,,,,,,482,-0.000875378,0.003060911,-0.008156121,-0.006628635,-0.050155478,0.175377282,-0.4673113,-0.379792833
,,,,,,,,,,,,483,-0.002770958,0.000763667,-0.004343657,-0.002737244,-0.158764225,0.043754896,-0.248873201,-0.156832511
,,,,,,,,,,,,484,-0.00392466,-0.000512356,-0.000853334,0.000343777,-0.224866442,-0.029355836,-0.048892437,0.019696964
,,,,,,,,,,,,485,-0.003264137,9.75E-05,0.003032903,0.003414659,-0.187021294,0.005586339,0.173772545,0.195645532
,,,,,,,,,,,,486,-1.24E-05,-0.001185434,0.007738671,0.007023798,-0.000708657,-0.067920365,0.443393201,0.40243397
,,,,,,,,,,,,487,0.00228315,-0.00291499,0.009495218,0.007459563,0.130814839,-0.167016624,0.544035905,0.427401478
,,,,,,,,,,,,488,0.004440648,-0.003855803,0.009099419,0.005822208,0.254430404,-0.220921239,0.521358329,0.333587924
,,,,,,,,,,,,489,0.007183538,-0.003029576,0.007596069,0.003344263,0.411586437,-0.173581919,0.435222669,0.191612144
,,,,,,,,,,,,490,0.00690373,0.000271817,0.006091828,0.001222677,0.395554572,0.015573967,0.349036032,0.070054251
,,,,,,,,,,,,491,0.004820262,0.002416227,0.00092458,0.000482082,0.276180696,0.138439609,0.052974528,0.027621271
,,,,,,,,,,,,492,0.002239006,0.004235753,-0.005914585,-0.002663983,0.128285604,0.24269077,-0.33888073,-0.152634997
,,,,,,,,,,,,493,0.000375191,0.006466062,-0.007958076,-0.006461099,0.021496854,0.370478063,-0.455964151,-0.370193712
,,,,,,,,,,,,494,0.000241948,0.005461391,-0.009584183,-0.009372942,0.013862623,0.312914655,-0.549133219,-0.53703004
,,,,,,,,,,,,495,-0.001850558,0.002611447,-0.009522842,-0.01013188,-0.106029141,0.149624892,-0.545618668,-0.580513981
,,,,,,,,,,,,496,-0.004303459,-0.000660392,-0.006868152,-0.00781013,-0.24657005,-0.037837674,-0.393516095,-0.447487496
,,,,,,,,,,,,497,-0.005748387,-0.003069271,-0.001170398,-0.001923017,-0.32935829,-0.175856274,-0.067058868,-0.110180786
,,,,,,,,,,,,498,-0.005111213,-0.003572751,0.003846869,0.003907321,-0.292850926,-0.204703554,0.220409332,0.223873015
,,,,,,,,,,,,499,-0.001653055,-0.001389982,0.008488441,0.009821985,-0.094713058,-0.079640102,0.486351835,0.562758302
