encoder_value,roll_value,gyro_value,pid,predicted_pid_to_send
612,0.287,-0.688,75.19,0.0
613,0.288,0.063,55.477,0.0
614,0.285,0.659,39.169,0.0
615,0.28,1.019,28.733,0.0
616,0.275,1.166,23.697,0.0
617,0.268,1.25,20.108,0.0
618,0.26,1.257,18.353,0.0
619,0.254,1.023,23.376,0.0
620,0.25,0.783,29.018,0.0
621,0.246,0.938,23.935,0.0
622,0.239,1.248,14.481,0.0
623,0.233,1.437,8.197,0.0
624,0.224,1.774,-2.563,0.0
625,0.211,2.223,-16.99,0.0
626,0.198,2.306,-21.727,0.0
627,0.187,2.023,-16.414,0.0
628,0.177,1.78,-12.039,0.0
629,0.168,1.596,-8.954,0.0
630,0.16,1.42,-5.864,0.0
631,0.151,1.387,-6.659,0.0
632,0.143,1.354,-7.413,0.0
633,0.137,1.187,-4.294,0.0
634,0.131,1.086,-2.788,0.0
635,0.124,1.169,-6.303,0.0
636,0.117,1.21,-8.833,0.0
637,0.11,1.066,-6.34,0.0
638,0.105,0.908,-3.207,0.0
639,0.1,0.868,-3.08,0.0
640,0.096,0.93,-5.557,0.0
641,0.091,1.13,-11.952,0.0
642,0.083,1.504,-23.33,0.0
643,0.073,1.92,-36.296,0.0
644,0.062,2.218,-46.462,0.0
645,0.049,2.375,-53.132,0.0
646,0.036,2.411,-56.724,0.0
647,0.023,2.3,-56.316,0.0
648,0.011,2.031,-51.554,0.0
649,0.001,1.644,-43.384,0.0
650,-0.007,1.196,-33.185,0.0
651,-0.013,0.703,-21.309,0.0
652,-0.017,0.176,-7.974,0.0
653,-0.017,-0.316,4.903,0.0
654,-0.016,-0.724,15.952,0.0
655,-0.013,-1.095,26.424,0.0
656,-0.007,-1.485,37.869,0.0
657,0.0,-1.86,49.291,0.0
658,0.009,-2.17,59.223,0.0
659,0.019,-2.483,69.531,0.0
660,0.031,-2.897,82.898,0.0
661,0.045,-3.385,98.678,0.0
662,0.062,-3.885,115.297,0.0
663,0.082,-4.382,132.369,0.0
664,0.104,-4.833,148.748,0.0
665,0.129,-5.196,163.214,0.0
666,0.155,-5.439,174.894,0.0
667,0.182,-5.523,182.494,0.0
668,0.209,-5.455,186.036,0.0
669,0.235,-5.27,186.372,0.0
670,0.26,-4.966,183.364,0.0
671,0.284,-4.549,177.067,0.0
672,0.306,-4.033,167.677,0.0
673,0.324,-3.408,154.775,0.0
674,0.339,-2.738,139.931,0.0
675,0.35,-2.159,126.803,0.0
676,0.359,-1.756,117.84,0.0
677,0.366,-1.573,114.459,0.0
678,0.374,-1.594,116.483,0.0
679,0.382,-1.691,120.658,0.0
680,0.39,-1.758,124.133,0.0
681,0.399,-1.79,126.641,0.0
682,0.407,-1.859,130.12,0.0
683,0.416,-2.07,137.463,0.0
684,0.426,-2.465,150.059,0.0
685,0.44,-2.967,166.117,0.0
686,0.457,-3.354,179.702,0.0
687,0.475,-3.395,184.3,0.0
688,0.491,-3.049,178.345,0.0
689,0.504,-2.467,165.577,0.0
690,0.514,-1.87,151.784,0.0
691,0.522,-1.414,141.234,0.0
692,0.528,-1.148,135.348,0.0
693,0.533,-1.073,134.296,0.0
694,0.537,-1.193,138.411,0.0
695,0.543,-1.552,149.119,0.0
696,0.552,-2.162,167.104,0.0
697,0.565,-2.889,188.878,0.0
698,0.582,-3.555,209.781,0.0
699,0.601,-4.062,227.17,0.0
700,0.624,-4.316,238.293,0.0
701,0.646,-4.232,240.542,0.0
702,0.667,-3.789,232.994,0.0
703,0.685,-3.016,216.058,0.0
704,0.698,-2.047,192.941,0.0
705,0.706,-1.086,169.0,0.0
706,0.709,-0.271,148.06,0.0
707,0.708,0.365,131.121,0.0
708,0.706,0.834,118.103,0.0
709,0.701,1.188,107.831,0.0
710,0.695,1.517,97.916,0.0
711,0.687,1.906,86.086,0.0
712,0.678,2.419,70.533,0.0
713,0.665,3.081,50.444,0.0
714,0.648,3.892,25.699,0.0
715,0.627,4.83,-3.338,0.0
716,0.601,5.838,-35.267,0.0
717,0.569,6.848,-68.31,0.0
718,0.532,7.769,-100.055,0.0
719,0.491,8.478,-127.117,0.0
720,0.447,8.862,-146.102,0.0
721,0.401,8.892,-155.843,0.0
722,0.357,8.69,-159.373,0.0
723,0.314,8.378,-159.71,0.0
724,0.272,7.993,-157.78,0.0
725,0.232,7.55,-154.039,0.0
726,0.194,7.011,-147.295,0.0
727,0.159,6.33,-136.202,0.0
728,0.127,5.463,-119.482,0.0
729,0.101,4.353,-95.211,0.0
730,0.082,3.087,-65.562,0.0
731,0.068,1.899,-36.806,0.0
732,0.059,0.836,-10.376,0.0
733,0.056,-0.276,18.35,0.0
734,0.058,-1.505,51.359,0.0
735,0.067,-2.785,87.075,0.0
736,0.083,-4.039,123.46,0.0
737,0.105,-5.18,158.135,0.0
738,0.133,-6.116,188.419,0.0
739,0.164,-6.801,212.823,0.0
740,0.198,-7.298,232.762,0.0
741,0.235,-7.723,251.268,0.0
742,0.273,-8.154,270.38,0.0
743,0.315,-8.568,289.575,0.0
744,0.358,-8.872,306.305,0.0
745,0.404,-8.979,318.124,0.0
746,0.449,-8.768,321.518,0.0
747,0.492,-8.198,314.983,0.0
748,0.531,-7.341,300.114,0.0
749,0.566,-6.272,278.582,0.0
750,0.593,-5.106,253.238,0.0
751,0.616,-4.077,230.389,0.0
752,0.634,-3.418,216.558,0.0
753,0.651,-3.117,211.919,0.0
754,0.667,-2.927,210.17,0.0
755,0.682,-2.604,204.469,0.0
756,0.692,-2.181,195.276,0.0
757,0.702,-2.09,194.842,0.0
758,0.715,-2.496,208.206,0.0
759,0.728,-2.8,218.951,0.0
760,0.742,-2.774,220.954,0.0
761,0.757,-2.799,224.645,0.0
762,0.772,-2.737,226.002,0.0
763,0.786,-2.356,218.604,0.0
764,0.797,-1.792,205.795,0.0
765,0.803,-1.155,190.132,0.0
766,0.806,-0.751,180.077,0.0
767,0.81,-0.887,184.405,0.0
768,0.815,-1.386,198.752,0.0
769,0.824,-1.994,216.573,0.0
770,0.836,-2.617,235.562,0.0
771,0.852,-3.061,250.369,0.0
772,0.868,-3.183,256.871,0.0
773,0.885,-3.058,256.844,0.0
774,0.9,-2.715,250.844,0.0
775,0.912,-2.189,239.363,0.0
776,0.923,-1.713,228.81,0.0
777,0.934,-1.309,220.37,0.0
778,0.941,-0.384,197.147,0.0
779,0.938,1.22,154.145,0.0
780,0.929,2.76,111.456,0.0
781,0.912,4.05,73.867,0.0
782,0.886,5.235,37.356,0.0
783,0.856,5.802,16.397,0.0
784,0.827,5.488,18.885,0.0
785,0.8,4.603,37.045,0.0
786,0.779,3.251,68.733,0.0
787,0.768,1.45,114.285,0.0
788,0.767,-0.424,163.748,0.0
789,0.775,-1.855,203.223,0.0
790,0.789,-2.543,224.162,0.0
791,0.803,-2.404,223.239,0.0
792,0.813,-1.577,203.356,0.0
793,0.817,-0.541,176.758,0.0
794,0.816,0.289,154.532,0.0
795,0.812,0.611,145.162,0.0
796,0.81,0.282,153.424,0.0
797,0.811,-0.323,169.755,0.0
798,0.815,-0.79,182.883,0.0
799,0.82,-1.022,190.103,0.0
800,0.826,-1.077,192.734,0.0
801,0.832,-1.007,191.979,0.0
802,0.837,-0.795,187.35,0.0
803,0.84,-0.489,179.824,0.0
804,0.842,-0.189,172.261,0.0
805,0.843,0.144,163.679,0.0
806,0.842,0.662,149.738,0.0
807,0.838,1.424,128.803,0.0
808,0.83,2.419,100.765,0.0
809,0.814,3.604,66.348,0.0
810,0.793,4.715,32.696,0.0
811,0.768,5.454,8.078,0.0
812,0.742,5.889,-8.621,0.0
813,0.713,6.612,-33.508,0.0
814,0.675,7.986,-77.549,0.0
815,0.629,9.145,-117.266,0.0
816,0.585,9.413,-133.249,0.0
817,0.539,9.61,-147.489,0.0
818,0.487,10.428,-179.489,0.0
819,0.425,11.513,-220.688,0.0
820,0.358,11.439,-232.049,0.0
821,0.306,8.801,-172.505,0.0
822,0.277,4.915,-75.291,0.0
823,0.26,2.207,-6.744,0.0
824,0.248,0.776,6.254,0.0
825,0.247,-0.556,5.378,0.0
826,0.255,-1.738,11.279,0.0
827,0.267,-1.628,6.021,0.0
828,0.273,-0.257,2.162,0.0
829,0.27,1.538,-32.474,0.0
830,0.256,3.611,-99.062,0.0
831,0.229,5.503,-154.604,0.0
832,0.197,6.626,-168.454,0.0
833,0.162,6.878,-191.069,0.0
834,0.127,6.578,-212.552,0.0
835,0.095,6.164,-154.122,0.0
836,0.064,5.777,-190.264,0.0
837,0.035,5.56,-181.51,0.0
838,0.006,5.455,-162.0,0.0
839,-0.022,5.316,-172.739,0.0
840,-0.049,5.296,-177.781,0.0
841,-0.082,4.984,-198.467,0.0
842,-0.108,3.7,-205.58,0.0
843,-0.123,1.658,-181.557,0.0
844,-0.129,-0.519,-152.197,0.0
845,-0.121,-2.558,-101.189,0.0
846,-0.101,-4.362,-85.625,0.0
847,-0.078,-5.315,-38.03,0.0
848,-0.053,-5.506,-50.647,0.0
849,-0.024,-5.732,-7.582,0.0
850,0.005,-5.641,-35.634,0.0
851,0.03,-4.881,-19.627,0.0
852,0.052,-4.097,-67.423,0.0
853,0.073,-3.462,-48.908,0.0
854,0.087,-2.425,-82.734,0.0
855,0.093,-1.247,-112.786,0.0
856,0.097,-0.568,-152.514,0.0
857,0.098,-0.133,-132.555,0.0
858,0.095,0.327,-154.531,0.0
859,0.091,0.345,-155.816,0.0
860,0.091,-0.183,-164.498,0.0
861,0.092,-0.646,-98.287,0.0
862,0.094,-1.001,-128.945,0.0
863,0.1,-1.564,-126.425,0.0
864,0.109,-2.04,-103.281,0.0
865,0.117,-2.323,-94.308,0.0
866,0.128,-2.813,-79.135,0.0
867,0.144,-3.389,-83.436,0.0
868,0.158,-3.744,-62.295,0.0
869,0.177,-4.243,-67.948,0.0
870,0.201,-5.04,-33.311,0.0
871,0.226,-5.556,-14.863,0.0
872,0.253,-5.852,-24.251,0.0
873,0.284,-6.397,27.615,0.0
874,0.316,-6.836,14.107,0.0
875,0.349,-7.04,12.454,0.0
876,0.388,-7.129,76.251,0.0
877,0.424,-6.652,75.14,0.0
878,0.45,-5.712,91.33,0.0
879,0.48,-4.707,97.548,0.0
880,0.501,-3.14,87.116,0.0
881,0.507,-0.731,73.979,0.0
882,0.508,1.419,12.64,0.0
883,0.499,3.139,23.691,0.0
884,0.474,5.518,-48.635,0.0
885,0.439,7.469,-116.284,0.0
886,0.401,8.192,-142.935,0.0
887,0.356,9.121,-176.539,0.0
888,0.304,9.811,-182.568,0.0
889,0.259,9.322,-210.097,0.0
890,0.214,8.873,-198.143,0.0
891,0.165,9.006,-188.876,0.0
892,0.121,8.812,-223.988,0.0
893,0.079,8.327,-210.556,0.0
894,0.034,8.257,-195.126,0.0
895,-0.008,8.097,-230.583,0.0
896,-0.046,7.556,-214.857,0.0
897,-0.086,7.452,-197.501,0.0
898,-0.126,7.536,-239.105,0.0
899,-0.162,7.165,-205.073,0.0
900,-0.198,6.936,-237.653,0.0
901,-0.236,6.985,-237.54,0.0
902,-0.274,6.725,-215.769,0.0
903,-0.31,6.477,-247.692,0.0
904,-0.347,6.562,-248.284,0.0
905,-0.381,6.502,-253.54,0.0
906,-0.414,6.321,-232.815,0.0
907,-0.449,6.403,-273.244,0.0
908,-0.483,6.465,-272.744,0.0
909,-0.521,5.849,-263.962,0.0
910,-0.551,4.453,-322.849,0.0
911,-0.573,2.721,-312.95,0.0
912,-0.59,0.862,-307.743,0.0
913,-0.59,-1.591,-261.029,0.0
914,-0.574,-4.814,-221.934,0.0
915,-0.546,-7.444,-165.018,0.0
916,-0.507,-9.308,-112.643,0.0
917,-0.456,-11.41,-105.389,0.0
918,-0.397,-13.001,-24.891,0.0
919,-0.333,-13.995,-30.943,0.0
920,-0.26,-15.304,13.426,0.0
921,-0.181,-16.428,45.097,0.0
922,-0.101,-17.089,64.808,0.0
923,-0.006,-17.492,125.466,0.0
924,0.086,-17.014,166.836,0.0
925,0.167,-15.492,214.472,0.0
926,0.247,-13.501,186.504,0.0
927,0.312,-10.683,219.089,0.0
928,0.354,-6.312,156.578,0.0
929,0.376,-1.788,95.093,0.0
930,0.38,1.988,49.859,0.0
931,0.358,6.258,-58.593,0.0
932,0.313,10.142,-120.9,0.0
933,0.257,12.42,-241.555,0.0
934,0.188,14.321,-251.713,0.0
935,0.107,15.85,-371.104,0.0
936,0.029,15.9,-347.618,0.0
937,-0.048,15.354,-357.231,0.0
938,-0.128,15.347,-372.936,0.0
939,-0.205,15.195,-384.165,0.0
940,-0.278,14.684,-407.609,0.0
941,-0.355,14.718,-392.29,0.0
942,-0.431,14.899,-421.192,0.0
943,-0.505,14.61,-428.058,0.0
944,-0.58,14.608,-465.373,0.0
945,-0.657,14.957,-458.502,0.0
946,-0.732,14.963,-505.0,0.0
947,-0.808,15.016,-490.058,0.0
948,-0.888,15.462,-526.605,0.0
949,-0.98,14.621,-612.468,0.0
950,-1.052,11.537,-666.475,0.0
951,-1.107,7.917,-676.212,0.0
952,-1.165,6.313,-717.504,0.0
953,-1.206,4.452,-735.252,0.0
954,-1.207,-2.418,-643.819,0.0
955,-1.172,-10.567,-434.963,0.0
956,-1.106,-16.373,-353.776,0.0
957,-1.008,-21.478,-221.957,0.0
958,-0.893,-24.955,-147.978,0.0
959,-0.771,-26.796,-115.999,0.0
960,-0.632,-29.114,-45.516,0.0
961,-0.479,-31.544,-0.843,0.0
962,-0.325,-32.923,182.625,0.0
963,-0.16,-34.388,60.724,0.0
964,0.02,-36.658,173.734,0.0
965,0.207,-38.397,229.306,0.0
966,0.408,-38.56,335.921,0.0
967,0.607,-37.089,430.267,0.0
968,0.79,-33.954,495.602,0.0
969,0.959,-29.276,521.938,0.0
970,1.098,-22.938,489.421,0.0
971,1.195,-14.596,417.999,0.0
972,1.249,-5.782,294.334,0.0
973,1.266,2.456,209.866,0.0
974,1.235,10.965,32.503,0.0
975,1.155,18.779,-131.728,0.0
976,1.046,24.488,-259.343,0.0
977,0.909,28.685,-410.998,0.0
978,0.751,31.652,-552.448,0.0
979,0.589,32.449,-619.077,0.0
980,0.43,31.461,-637.977,0.0
981,0.274,30.306,-629.323,0.0
982,0.126,28.92,-644.424,0.0
983,-0.013,27.206,-617.52,0.0
984,-0.148,26.182,-639.578,0.0
985,-0.28,25.523,-639.246,0.0
986,-0.404,24.558,-638.344,0.0
987,-0.526,23.791,-664.597,0.0
988,-0.647,23.489,-694.104,0.0
989,-0.765,23.16,-677.304,0.0
990,-0.88,22.812,-722.428,0.0
991,-0.997,22.834,-737.223,0.0
992,-1.114,22.976,-764.107,0.0
993,-1.23,23.021,-800.0,0.0
994,-1.348,23.304,-800.0,0.0
995,-1.468,23.823,-800.0,0.0
996,-1.601,23.038,-800.0,0.0
997,-1.716,20.272,-800.0,0.0
998,-1.814,17.01,-800.0,0.0
999,-1.905,13.565,-800.0,0.0
1000,-1.965,8.791,-800.0,0.0
1001,-1.994,2.769,-800.0,0.0
1002,-2.004,-2.113,-800.0,0.0
1003,-1.994,-5.883,-800.0,0.0
1004,-1.955,-10.619,-800.0,0.0
1005,-1.895,-15.045,-742.918,0.0
1006,-1.82,-18.377,-707.869,0.0
1007,-1.721,-22.07,-636.17,0.0
1008,-1.604,-25.675,-571.904,0.0
1009,-1.477,-28.261,-555.334,0.0
1010,-1.334,-30.9,-502.887,0.0
1011,-1.172,-34.144,-417.118,0.0
1012,-0.997,-36.995,-370.614,0.0
1013,-0.809,-39.371,-280.232,0.0
1014,-0.606,-41.827,-225.201,0.0
1015,-0.394,-43.927,-168.724,0.0
1016,-0.173,-45.645,-98.389,0.0
1017,0.06,-47.669,-48.746,0.0
1018,0.305,-49.722,57.639,0.0
1019,0.555,-51.346,113.549,0.0
1020,0.816,-52.993,180.963,0.0
1021,1.099,-53.766,319.535,0.0
1022,1.37,-51.898,439.915,0.0
1023,1.626,-48.06,491.687,0.0
1024,1.871,-43.564,560.083,0.0
1025,2.084,-37.097,552.062,0.0
1026,2.249,-27.786,459.228,0.0
1027,2.373,-18.242,374.496,0.0
1028,2.453,-9.259,309.583,0.0
1029,2.476,0.784,128.988,0.0
1030,2.447,10.701,-9.207,0.0
1031,2.378,18.989,-165.897,0.0
1032,2.263,26.02,-325.425,0.0
1033,2.117,31.612,-480.022,0.0
1034,1.953,35.279,-569.168,0.0
1035,1.771,37.754,-675.37,0.0
1036,1.578,39.501,-724.127,0.0
1037,1.382,39.959,-747.956,0.0
1038,1.185,39.953,-782.336,0.0
1039,0.984,40.384,-797.758,0.0
1040,0.783,40.428,-800.0,0.0
1041,0.584,40.063,-800.0,0.0
1042,0.382,40.067,-800.0,0.0
1043,0.169,38.89,-800.0,0.0
1044,-0.02,34.771,-800.0,0.0
1045,-0.184,29.445,-800.0,0.0
1046,-0.336,24.601,-800.0,0.0
1047,-0.452,18.231,-800.0,0.0
1048,-0.518,9.351,-800.0,0.0
1049,-0.549,1.47,-733.693,0.0
1050,-0.55,-4.7,-598.049,0.0
1051,-0.51,-11.605,-528.885,0.0
1052,-0.437,-17.983,-350.713,0.0
1053,-0.343,-22.792,-313.082,0.0
1054,-0.214,-27.633,-173.453,0.0
1055,-0.061,-31.983,-46.539,0.0
1056,0.1,-34.621,27.722,0.0
1057,0.278,-36.961,119.94,0.0
1058,0.472,-39.623,192.531,0.0
1059,0.68,-40.242,334.913,0.0
1060,0.881,-38.445,389.468,0.0
1061,1.075,-36.061,485.958,0.0
1062,1.263,-32.577,547.505,0.0
1063,1.419,-26.616,528.32,0.0
1064,1.537,-18.614,447.552,0.0
1065,1.618,-10.463,400.458,0.0
1066,1.653,-2.254,280.089,0.0
1067,1.642,6.783,146.469,0.0
1068,1.589,15.039,-19.631,0.0
1069,1.498,21.615,-130.781,0.0
1070,1.373,26.955,-305.741,0.0
1071,1.227,30.693,-429.01,0.0
1072,1.069,32.738,-501.105,0.0
1073,0.901,33.618,-566.567,0.0
1074,0.734,33.407,-571.434,0.0
1075,0.573,32.45,-586.988,0.0
1076,0.413,31.784,-578.543,0.0
1077,0.254,31.435,-587.21,0.0
1078,0.099,30.883,-634.663,0.0
1079,-0.055,30.502,-623.54,0.0
1080,-0.209,30.415,-638.151,0.0
1081,-0.361,30.205,-694.049,0.0
1082,-0.512,30.025,-687.682,0.0
1083,-0.665,30.186,-731.031,0.0
1084,-0.818,30.452,-768.341,0.0
1085,-0.971,30.671,-781.991,0.0
1086,-1.127,31.122,-800.0,0.0
1087,-1.287,31.824,-800.0,0.0
1088,-1.45,32.569,-800.0,0.0
1089,-1.631,32.192,-800.0,0.0
1090,-1.797,29.629,-800.0,0.0
1091,-1.942,25.864,-800.0,0.0
1092,-2.078,21.796,-800.0,0.0
1093,-2.183,16.517,-800.0,0.0
1094,-2.248,9.616,-800.0,0.0
1095,-2.285,3.638,-800.0,0.0
1096,-2.302,-0.721,-800.0,0.0
1097,-2.288,-5.622,-800.0,0.0
1098,-2.251,-10.132,-800.0,0.0
1099,-2.203,-13.217,-800.0,0.0
1100,-2.133,-16.631,-779.395,0.0
1101,-2.043,-20.35,-762.345,0.0
1102,-1.942,-23.21,-703.363,0.0
1103,-1.825,-26.118,-657.707,0.0
1104,-1.686,-29.545,-594.003,0.0
1105,-1.535,-32.204,-525.89,0.0
1106,-1.375,-34.058,-508.731,0.0
1107,-1.198,-36.032,-431.259,0.0
1108,-1.014,-37.563,-359.511,0.0
1109,-0.828,-38.171,-320.841,0.0
1110,-0.634,-38.736,-281.628,0.0
1111,-0.438,-39.153,-223.497,0.0
1112,-0.248,-38.615,-223.281,0.0
1113,-0.059,-38.196,-211.056,0.0
1114,0.136,-38.652,-152.191,0.0
1115,0.33,-38.876,-108.534,0.0
1116,0.523,-38.767,-118.888,0.0
1117,0.719,-39.112,-53.771,0.0
1118,0.917,-39.592,-2.537,0.0
1119,1.116,-39.857,43.163,0.0
1120,1.319,-40.308,72.079,0.0
1121,1.524,-40.853,113.016,0.0
1122,1.739,-40.186,213.519,0.0
1123,1.941,-37.773,296.788,0.0
1124,2.13,-34.566,352.2,0.0
1125,2.308,-30.475,350.57,0.0
1126,2.452,-24.26,340.065,0.0
1127,2.557,-16.257,278.825,0.0
1128,2.628,-8.862,195.709,0.0
1129,2.665,-2.074,131.087,0.0
1130,2.66,5.818,28.833,0.0
1131,2.614,13.413,-118.563,0.0
1132,2.538,19.247,-229.953,0.0
1133,2.43,24.02,-355.35,0.0
1134,2.298,27.712,-461.381,0.0
1135,2.156,29.637,-536.121,0.0
1136,2.008,30.287,-569.425,0.0
1137,1.857,30.458,-568.022,0.0
1138,1.708,29.912,-578.565,0.0
1139,1.564,28.962,-568.529,0.0
1140,1.422,28.353,-567.217,0.0
1141,1.281,27.716,-564.699,0.0
1142,1.147,26.782,-575.598,0.0
1143,1.016,25.929,-534.139,0.0
1144,0.888,25.226,-581.374,0.0
1145,0.764,24.356,-551.462,0.0
1146,0.645,23.402,-558.735,0.0
1147,0.53,22.629,-561.271,0.0
1148,0.418,21.823,-539.666,0.0
1149,0.311,20.904,-567.936,0.0
1150,0.207,20.139,-536.88,0.0
1151,0.107,19.451,-569.931,0.0
1152,0.011,18.648,-536.275,0.0
1153,-0.081,17.915,-544.135,0.0
1154,-0.17,17.354,-569.538,0.0
1155,-0.269,15.943,-565.271,0.0
1156,-0.348,12.586,-662.847,0.0
1157,-0.405,7.966,-615.017,0.0
1158,-0.447,3.178,-600.293,0.0
1159,-0.455,-2.686,-518.84,0.0
1160,-0.42,-10.164,-350.286,0.0
1161,-0.353,-16.615,-265.378,0.0
1162,-0.264,-21.601,-129.708,0.0
1163,-0.142,-27.043,-24.647,0.0
1164,0.005,-31.794,98.47,0.0
1165,0.167,-35.152,200.991,0.0
1166,0.351,-38.681,258.653,0.0
1167,0.567,-41.116,423.758,0.0
1168,0.775,-40.195,588.49,0.0
1169,0.972,-37.443,626.571,0.0
1170,1.171,-34.438,711.986,0.0
1171,1.338,-29.006,731.696,0.0
1172,1.46,-20.278,646.077,0.0
1173,1.547,-11.929,541.29,0.0
1174,1.597,-4.495,462.377,0.0
1175,1.595,4.274,292.779,0.0
1176,1.552,12.326,197.105,0.0
1177,1.482,18.247,44.7,0.0
1178,1.371,23.696,-44.875,0.0
1179,1.236,27.79,-202.176,0.0
1180,1.095,28.928,-291.569,0.0
1181,0.948,28.825,-353.876,0.0
1182,0.799,28.294,-373.683,0.0
1183,0.665,25.934,-373.614,0.0
1184,0.547,22.755,-317.246,0.0
1185,0.436,20.365,-289.202,0.0
1186,0.34,17.988,-281.221,0.0
1187,0.258,15.406,-210.961,0.0
1188,0.184,13.515,-220.432,0.0
1189,0.117,11.9,-172.794,0.0
1190,0.063,9.929,-153.578,0.0
1191,0.016,8.31,-110.931,0.0
1192,-0.025,7.173,-133.923,0.0
1193,-0.058,5.708,-83.527,0.0
1194,-0.083,4.234,-49.41,0.0
1195,-0.105,3.275,-50.719,0.0
1196,-0.12,2.224,-16.795,0.0
1197,-0.128,1.003,-8.455,0.0
1198,-0.134,0.129,22.704,0.0
1199,-0.133,-0.744,45.971,0.0
1200,-0.127,-1.815,53.298,0.0
1201,-0.118,-2.641,108.474,0.0
1202,-0.104,-3.376,76.799,0.0
1203,-0.085,-4.26,121.99,0.0
1204,-0.063,-4.896,165.828,0.0
1205,-0.039,-5.26,171.278,0.0
1206,-0.011,-5.638,187.05,0.0
1207,0.02,-5.622,237.708,0.0
1208,0.045,-5.044,232.158,0.0
1209,0.07,-4.44,234.732,0.0
1210,0.094,-3.642,254.314,0.0
1211,0.107,-2.226,246.667,0.0
1212,0.113,-0.753,236.127,0.0
1213,0.117,0.49,231.066,0.0
1214,0.109,2.059,192.786,0.0
1215,0.093,3.652,160.967,0.0
1216,0.074,4.553,169.561,0.0
1217,0.048,5.288,127.322,0.0
1218,0.016,6.137,98.643,0.0
1219,-0.015,6.315,110.485,0.0
1220,-0.047,6.018,80.85,0.0
1221,-0.081,5.739,68.235,0.0
1222,-0.108,4.884,94.614,0.0
1223,-0.13,3.577,102.638,0.0
1224,-0.15,2.536,113.065,0.0
1225,-0.16,1.283,130.846,0.0
1226,-0.163,-0.291,181.227,0.0
1227,-0.161,-1.414,189.024,0.0
1228,-0.153,-2.377,225.332,0.0
1229,-0.137,-3.343,276.816,0.0
1230,-0.121,-3.62,278.585,0.0
1231,-0.104,-3.523,302.094,0.0
1232,-0.083,-3.392,316.487,0.0
1233,-0.068,-2.585,334.263,0.0
1234,-0.059,-1.281,306.216,0.0
1235,-0.054,-0.079,334.17,0.0
1236,-0.057,1.441,221.704,0.0
1237,-0.072,3.282,300.49,0.0
1238,-0.091,4.612,239.554,0.0
1239,-0.118,5.529,223.814,0.0
1240,-0.15,6.565,203.7,0.0
1241,-0.186,7.201,193.603,0.0
1242,-0.224,7.179,155.595,0.0
1243,-0.261,7.054,183.295,0.0
1244,-0.297,6.678,132.628,0.0
1245,-0.33,6.047,183.476,0.0
1246,-0.36,5.558,159.292,0.0
1247,-0.392,4.893,157.344,0.0
1248,-0.417,4.032,184.456,0.0
1249,-0.438,3.322,176.917,0.0
1250,-0.457,2.554,180.336,0.0
1251,-0.468,1.613,234.841,0.0
1252,-0.475,0.751,202.66,0.0
1253,-0.48,0.066,260.451,0.0
1254,-0.478,-0.53,267.982,0.0
1255,-0.486,1.072,201.828,0.0
1256,-0.511,4.584,158.017,0.0
1257,-0.534,4.83,129.32,0.0
1258,-0.546,2.117,199.133,0.0
1259,-0.549,0.22,249.05,0.0
1260,-0.547,-0.66,250.586,0.0
1261,-0.544,-0.961,268.409,0.0
1262,-0.542,-0.747,263.505,0.0
1263,-0.539,-0.777,287.649,0.0
1264,-0.533,-1.041,287.115,0.0
1265,-0.529,-0.783,303.849,0.0
1266,-0.528,-0.254,303.899,0.0
1267,-0.528,0.231,304.947,0.0
1268,-0.531,0.897,278.023,0.0
1269,-0.539,1.703,300.419,0.0
1270,-0.549,2.468,260.633,0.0
1271,-0.564,3.253,259.71,0.0
1272,-0.584,4.135,246.254,0.0
1273,-0.608,4.885,213.035,0.0
1274,-0.635,5.325,196.336,0.0
1275,-0.664,5.618,183.135,0.0
1276,-0.694,5.686,175.749,0.0
1277,-0.724,5.36,178.917,0.0
1278,-0.751,4.851,164.961,0.0
1279,-0.775,4.327,160.818,0.0
1280,-0.798,3.81,179.346,0.0
1281,-0.818,3.27,167.604,0.0
1282,-0.834,2.623,168.276,0.0
1283,-0.847,1.999,191.48,0.0
1284,-0.858,1.476,158.543,0.0
1285,-0.866,0.887,213.277,0.0
1286,-0.87,0.278,197.586,0.0
1287,-0.872,-0.258,198.111,0.0
1288,-0.871,-0.764,221.111,0.0
1289,-0.866,-1.141,232.281,0.0
1290,-0.862,-1.317,238.08,0.0
1291,-0.856,-1.369,241.036,0.0
1292,-0.849,-1.273,240.087,0.0
1293,-0.846,-0.891,230.98,0.0
1294,-0.843,-0.376,240.547,0.0
1295,-0.843,0.098,219.428,0.0
1296,-0.848,0.727,224.68,0.0
1297,-0.854,1.364,175.364,0.0
1298,-0.863,1.694,196.703,0.0
1299,-0.874,1.982,178.232,0.0
1300,-0.887,2.205,170.088,0.0
1301,-0.898,2.068,149.301,0.0
1302,-0.909,1.938,159.771,0.0
1303,-0.922,1.901,136.128,0.0
1304,-0.932,1.59,151.665,0.0
1305,-0.939,1.223,137.694,0.0
1306,-0.948,1.057,149.582,0.0
1307,-0.955,0.778,133.543,0.0
1308,-0.958,0.334,131.331,0.0
1309,-0.962,0.014,148.328,0.0
1310,-0.963,-0.328,134.926,0.0
1311,-0.961,-0.857,158.543,0.0
1312,-0.958,-1.255,147.523,0.0
1313,-0.953,-1.537,165.108,0.0
1314,-0.945,-1.975,156.174,0.0
1315,-0.936,-2.273,175.128,0.0
1316,-0.927,-2.282,177.405,0.0
1317,-0.916,-2.311,180.558,0.0
1318,-0.905,-2.25,181.33,0.0
1319,-0.897,-1.901,151.578,0.0
1320,-0.889,-1.56,175.727,0.0
1321,-0.882,-1.241,159.85,0.0
1322,-0.88,-0.751,147.657,0.0
1323,-0.878,-0.36,137.841,0.0
1324,-0.877,-0.152,132.743,0.0
1325,-0.88,0.12,102.81,0.0
1326,-0.883,0.331,128.281,0.0
1327,-0.885,0.279,98.05,0.0
1328,-0.889,0.182,86.502,0.0
1329,-0.892,0.052,98.634,0.0
1330,-0.892,-0.298,40.672,0.0
1331,-0.893,-0.637,121.505,0.0
1332,-0.89,-0.947,90.045,0.0
1333,-0.886,-1.534,93.105,0.0
1334,-0.878,-2.072,95.662,0.0
1335,-0.868,-2.323,113.5,0.0
1336,-0.857,-2.652,102.011,0.0
1337,-0.84,-2.958,145.19,0.0
1338,-0.823,-2.993,118.201,0.0
1339,-0.81,-2.88,104.467,0.0
1340,-0.795,-2.738,135.194,0.0
1341,-0.782,-2.606,103.126,0.0
1342,-0.772,-2.411,131.524,0.0
1343,-0.76,-2.181,118.947,0.0
1344,-0.751,-2.006,93.901,0.0
1345,-0.744,-1.706,96.46,0.0
1346,-0.736,-1.449,113.814,0.0
1347,-0.73,-1.459,84.088,0.0
1348,-0.725,-1.312,67.858,0.0
1349,-0.719,-1.128,95.625,0.0
1350,-0.715,-1.206,67.317,0.0
1351,-0.711,-1.25,78.482,0.0
1352,-0.705,-1.374,60.603,0.0
1353,-0.699,-1.615,77.302,0.0
1354,-0.692,-1.681,80.527,0.0
1355,-0.684,-1.833,63.741,0.0
1356,-0.675,-2.104,59.405,0.0
1357,-0.666,-2.146,71.488,0.0
1358,-0.656,-2.207,75.113,0.0
1359,-0.645,-2.409,82.831,0.0
1360,-0.633,-2.432,63.377,0.0
1361,-0.623,-2.37,72.857,0.0
1362,-0.611,-2.389,75.792,0.0
1363,-0.6,-2.357,54.768,0.0
1364,-0.591,-2.239,85.109,0.0
1365,-0.58,-2.144,53.403,0.0
1366,-0.57,-2.097,63.142,0.0
1367,-0.561,-2.0,62.515,0.0
1368,-0.552,-1.94,40.407,0.0
1369,-0.542,-2.017,53.39,0.0
1370,-0.533,-2.02,55.49,0.0
1371,-0.524,-1.977,56.189,0.0
1372,-0.515,-2.039,59.8,0.0
1373,-0.505,-2.082,40.545,0.0
1374,-0.495,-2.089,51.597,0.0
1375,-0.486,-2.131,32.272,0.0
1376,-0.475,-2.184,67.309,0.0
1377,-0.465,-2.196,60.77,0.0
1378,-0.455,-2.183,40.021,0.0
1379,-0.444,-2.202,51.774,0.0
1380,-0.433,-2.187,31.069,0.0
1381,-0.423,-2.172,64.063,0.0
1382,-0.412,-2.244,36.91,0.0
1383,-0.401,-2.254,70.757,0.0
1384,-0.392,-2.178,39.392,0.0
1385,-0.381,-2.238,52.181,0.0
1386,-0.369,-2.288,33.361,0.0
1387,-0.359,-2.125,62.466,0.0
1388,-0.349,-2.045,53.46,0.0
1389,-0.339,-2.07,33.774,0.0
1390,-0.33,-1.959,41.724,0.0
1391,-0.32,-1.892,64.321,0.0
1392,-0.311,-1.969,36.946,0.0
1393,-0.301,-1.965,47.75,0.0
1394,-0.292,-1.86,24.419,0.0
1395,-0.283,-1.8,55.945,0.0
1396,-0.275,-1.791,48.543,0.0
1397,-0.266,-1.792,27.867,0.0
1398,-0.258,-1.804,38.77,0.0
1399,-0.249,-1.821,41.073,0.0
1400,-0.24,-1.854,43.734,0.0
1401,-0.231,-1.922,47.357,0.0
1402,-0.221,-2.004,29.112,0.0
1403,-0.212,-2.062,64.053,0.0
1404,-0.202,-2.068,34.795,0.0
1405,-0.191,-2.08,46.134,0.0
1406,-0.181,-2.072,70.573,0.0
1407,-0.171,-1.926,37.359,0.0
1408,-0.162,-1.78,66.624,0.0
1409,-0.152,-1.662,56.496,0.0
1410,-0.145,-1.43,29.329,0.0
1411,-0.14,-1.176,55.193,0.0
1412,-0.134,-1.002,42.919,0.0
1413,-0.13,-0.885,40.614,0.0
1414,-0.126,-0.789,38.916,0.0
1415,-0.121,-0.757,38.978,0.0
1416,-0.119,-0.783,40.289,0.0
1417,-0.115,-0.811,19.382,0.0
1418,-0.11,-0.929,54.915,0.0
1419,-0.106,-1.026,26.968,0.0
1420,-0.101,-1.066,37.976,0.0
1421,-0.095,-1.285,45.03,0.0
1422,-0.088,-1.502,52.184,0.0
1423,-0.081,-1.581,33.263,0.0
1424,-0.072,-1.741,70.634,0.0
1425,-0.063,-1.855,66.611,0.0
1426,-0.054,-1.832,45.292,0.0
1427,-0.044,-1.841,78.903,0.0
1428,-0.035,-1.765,69.926,0.0
1429,-0.028,-1.562,66.004,0.0
1430,-0.019,-1.407,86.133,0.0
1431,-0.012,-1.187,72.853,0.0
1432,-0.008,-0.776,62.665,0.0
1433,-0.004,-0.513,56.64,0.0
1434,-0.0,-0.396,54.303,0.0
1435,-0.0,0.035,42.924,0.0
1436,-0.002,0.39,55.631,0.0
1437,-0.003,0.298,26.639,0.0
1438,-0.004,0.293,35.538,0.0
1439,-0.008,0.481,52.293,0.0
1440,-0.01,0.36,23.67,0.0
1441,-0.01,-0.053,43.666,0.0
1442,-0.009,-0.202,47.786,0.0
1443,-0.01,-0.256,26.637,0.0
1444,-0.007,-0.656,69.316,0.0
1445,-0.001,-1.069,49.984,0.0
1446,0.003,-1.18,85.178,0.0
1447,0.01,-1.343,59.508,0.0
1448,0.018,-1.706,102.311,0.0
1449,0.027,-1.678,116.789,0.0
1450,0.034,-1.422,80.046,0.0
1451,0.042,-1.414,112.999,0.0
1452,0.05,-1.094,119.674,0.0
1453,0.052,-0.489,95.204,0.0
1454,0.055,-0.156,87.087,0.0
1455,0.058,0.176,101.378,0.0
1456,0.053,0.91,94.515,0.0
1457,0.046,1.512,45.905,0.0
1458,0.041,1.538,75.644,0.0
1459,0.031,1.882,78.198,0.0
1460,0.018,2.484,50.809,0.0
1461,0.007,2.384,73.801,0.0
1462,-0.004,2.258,21.262,0.0
1463,-0.019,2.534,28.889,0.0
1464,-0.031,2.368,30.907,0.0
1465,-0.041,1.768,67.499,0.0
1466,-0.051,1.301,46.571,0.0
1467,-0.057,0.772,45.997,0.0
1468,-0.057,0.047,51.617,0.0
1469,-0.057,-0.367,71.597,0.0
1470,-0.057,-0.607,78.158,0.0
1471,-0.051,-1.257,74.161,0.0
1472,-0.042,-1.79,143.967,0.0
1473,-0.035,-1.756,104.199,0.0
1474,-0.026,-1.865,140.396,0.0
1475,-0.013,-2.036,138.633,0.0
1476,-0.005,-1.638,152.218,0.0
1477,0.002,-1.151,154.327,0.0
1478,0.011,-0.782,159.85,0.0
1479,0.011,0.056,128.957,0.0
1480,0.008,1.118,122.629,0.0
1481,0.003,1.724,119.317,0.0
1482,-0.008,2.376,113.549,0.0
1483,-0.024,3.274,100.095,0.0
1484,-0.041,3.56,80.465,0.0
1485,-0.059,3.594,53.708,0.0
1486,-0.08,3.877,73.595,0.0
1487,-0.098,3.687,66.116,0.0
1488,-0.115,3.165,76.684,0.0
1489,-0.133,2.89,35.737,0.0
1490,-0.146,2.403,86.436,0.0
1491,-0.156,1.634,73.592,0.0
1492,-0.165,1.023,74.605,0.0
1493,-0.168,0.304,102.161,0.0
1494,-0.166,-0.483,123.432,0.0
1495,-0.165,-0.875,134.192,0.0
1496,-0.16,-1.211,144.275,0.0
1497,-0.151,-1.626,157.163,0.0
1498,-0.144,-1.59,157.685,0.0
1499,-0.137,-1.378,176.125,0.0
1500,-0.127,-1.333,190.459,0.0
1501,-0.122,-0.838,169.513,0.0
1502,-0.125,-0.04,170.483,0.0
1503,-0.125,0.494,192.351,0.0
1504,-0.131,1.252,153.406,0.0
1505,-0.143,2.192,126.354,0.0
1506,-0.153,2.738,154.964,0.0
1507,-0.169,3.281,119.729,0.0
1508,-0.19,3.875,99.922,0.0
1509,-0.208,3.923,117.76,0.0
1510,-0.228,3.845,84.642,0.0
1511,-0.252,4.006,84.772,0.0
1512,-0.27,3.628,91.364,0.0
1513,-0.286,2.837,86.9,0.0
1514,-0.302,2.429,103.575,0.0
1515,-0.313,1.812,95.583,0.0
1516,-0.319,0.837,129.325,0.0
1517,-0.325,0.365,140.769,0.0
1518,-0.327,-0.107,130.625,0.0
1519,-0.323,-0.883,161.072,0.0
1520,-0.319,-1.095,167.512,0.0
1521,-0.315,-1.098,191.114,0.0
1522,-0.306,-1.362,191.044,0.0
1523,-0.301,-1.136,186.353,0.0
1524,-0.298,-0.518,193.113,0.0
1525,-0.295,-0.158,220.468,0.0
1526,-0.295,0.35,189.279,0.0
1527,-0.3,1.177,166.517,0.0
1528,-0.306,1.792,194.19,0.0
1529,-0.316,2.363,159.331,0.0
1530,-0.333,3.046,138.221,0.0
1531,-0.347,3.377,149.184,0.0
1532,-0.365,3.535,132.767,0.0
1533,-0.387,3.795,121.818,0.0
1534,-0.405,3.626,122.944,0.0
1535,-0.422,3.166,132.011,0.0
1536,-0.44,3.043,109.255,0.0
1537,-0.456,2.717,124.001,0.0
1538,-0.467,2.027,140.201,0.0
1539,-0.48,1.703,124.07,0.0
1540,-0.489,1.338,141.168,0.0
1541,-0.492,0.648,158.916,0.0
1542,-0.497,0.369,143.097,0.0
1543,-0.5,0.227,155.404,0.0
1544,-0.498,-0.21,189.989,0.0
1545,-0.499,-0.331,161.912,0.0
1546,-0.499,-0.254,191.356,0.0
1547,-0.496,-0.468,189.04,0.0
1548,-0.495,-0.424,188.319,0.0
1549,-0.496,-0.078,201.6,0.0
1550,-0.494,-0.023,191.814,0.0
1551,-0.494,0.148,209.831,0.0
1552,-0.499,0.717,185.199,0.0
1553,-0.502,1.015,199.271,0.0
1554,-0.508,1.252,183.218,0.0
1555,-0.518,1.875,164.893,0.0
1556,-0.528,2.212,176.614,0.0
1557,-0.539,2.303,163.398,0.0
1558,-0.554,2.727,149.357,0.0
1559,-0.569,2.979,139.936,0.0
1560,-0.584,2.884,139.848,0.0
1561,-0.601,2.945,135.038,0.0
1562,-0.617,2.832,135.039,0.0
1563,-0.63,2.307,124.264,0.0
1564,-0.642,1.938,140.681,0.0
1565,-0.654,1.652,146.234,0.0
1566,-0.661,1.052,138.585,0.0
1567,-0.666,0.545,160.13,0.0
1568,-0.67,0.281,144.024,0.0
1569,-0.671,-0.186,187.943,0.0
1570,-0.669,-0.559,167.012,0.0
1571,-0.668,-0.528,197.92,0.0
1572,-0.666,-0.546,167.696,0.0
1573,-0.663,-0.544,199.778,0.0
1574,-0.663,-0.243,183.163,0.0
1575,-0.663,-0.025,177.634,0.0
1576,-0.662,0.095,197.235,0.0
1577,-0.665,0.542,176.086,0.0
1578,-0.671,1.011,162.73,0.0
1579,-0.676,1.192,157.18,0.0
1580,-0.684,1.448,171.516,0.0
1581,-0.695,1.717,153.577,0.0
1582,-0.703,1.65,131.507,0.0
1583,-0.712,1.566,163.603,0.0
1584,-0.723,1.657,127.862,0.0
1585,-0.731,1.46,163.07,0.0
1586,-0.738,1.153,138.795,0.0
1587,-0.747,1.152,123.762,0.0
1588,-0.753,1.035,157.223,0.0
1589,-0.757,0.756,132.638,0.0
1590,-0.763,0.692,142.229,0.0
1591,-0.768,0.583,144.514,0.0
1592,-0.769,0.28,152.423,0.0
1593,-0.773,0.146,133.085,0.0
1594,-0.774,0.097,165.711,0.0
1595,-0.774,-0.135,140.752,0.0
1596,-0.775,-0.231,152.21,0.0
1597,-0.775,-0.216,152.013,0.0
1598,-0.774,-0.41,157.646,0.0
1599,-0.773,-0.48,159.842,0.0
1600,-0.772,-0.391,157.898,0.0
1601,-0.77,-0.498,161.306,0.0
1602,-0.769,-0.481,161.352,0.0
1603,-0.769,-0.281,178.79,0.0
1604,-0.768,-0.247,146.897,0.0
1605,-0.768,-0.116,152.605,0.0
1606,-0.769,0.212,143.817,0.0
1607,-0.772,0.39,161.298,0.0
1608,-0.775,0.53,125.785,0.0
1609,-0.78,0.802,149.22,0.0
1610,-0.786,0.975,112.314,0.0
1611,-0.791,1.022,141.615,0.0
1612,-0.797,1.067,107.951,0.0
1613,-0.804,1.007,117.325,0.0
1614,-0.809,0.862,120.384,0.0
1615,-0.815,0.746,122.494,0.0
1616,-0.821,0.507,105.503,0.0
1617,-0.822,0.064,103.692,0.0
1618,-0.822,-0.33,145.659,0.0
1619,-0.822,-0.584,121.161,0.0
1620,-0.819,-0.954,118.333,0.0
1621,-0.814,-1.282,159.671,0.0
1622,-0.81,-1.267,128.8,0.0
1623,-0.804,-1.334,140.83,0.0
1624,-0.796,-1.5,169.511,0.0
1625,-0.792,-1.278,133.309,0.0
1626,-0.787,-1.067,137.697,0.0
1627,-0.78,-1.058,139.047,0.0
1628,-0.778,-0.716,153.071,0.0
1629,-0.778,-0.336,134.269,0.0
1630,-0.775,-0.328,112.404,0.0
1631,-0.776,-0.114,138.19,0.0
1632,-0.78,0.332,116.842,0.0
1633,-0.781,0.271,118.394,0.0
1634,-0.782,0.12,99.906,0.0
1635,-0.787,0.376,101.365,0.0
1636,-0.789,0.264,104.074,0.0
1637,-0.789,-0.129,114.733,0.0
1638,-0.791,-0.112,113.993,0.0
1639,-0.792,-0.241,94.96,0.0
1640,-0.789,-0.693,116.728,0.0
1641,-0.787,-0.765,119.139,0.0
1642,-0.785,-0.735,96.348,0.0
1643,-0.78,-1.037,114.583,0.0
1644,-0.775,-1.063,116.304,0.0
1645,-0.774,-0.848,111.134,0.0
1646,-0.768,-1.041,117.594,0.0
1647,-0.762,-1.163,122.106,0.0
1648,-0.761,-0.882,92.687,0.0
1649,-0.756,-0.895,125.528,0.0
1650,-0.75,-1.036,99.109,0.0
1651,-0.749,-0.755,123.423,0.0
1652,-0.746,-0.618,89.177,0.0
1653,-0.742,-0.776,103.259,0.0
1654,-0.742,-0.612,99.146,0.0
1655,-0.741,-0.518,97.056,0.0
1656,-0.736,-0.828,106.289,0.0
1657,-0.734,-0.774,105.418,0.0
1658,-0.733,-0.585,78.292,0.0
1659,-0.729,-0.874,118.482,0.0
1660,-0.725,-0.918,89.133,0.0
1661,-0.724,-0.704,92.74,0.0
1662,-0.719,-0.908,99.306,0.0
1663,-0.714,-1.007,102.97,0.0
1664,-0.713,-0.738,73.688,0.0
1665,-0.709,-0.765,106.82,0.0
1666,-0.704,-0.923,80.656,0.0
1667,-0.704,-0.714,84.261,0.0
1668,-0.7,-0.682,84.294,0.0
1669,-0.696,-0.915,91.534,0.0
1670,-0.695,-0.771,88.049,0.0
1671,-0.692,-0.687,64.117,0.0
1672,-0.687,-0.975,81.844,0.0
1673,-0.684,-0.91,80.722,0.0
1674,-0.681,-0.791,78.248,0.0
1675,-0.675,-1.119,88.258,0.0
1676,-0.671,-1.141,67.332,0.0
1677,-0.668,-0.956,94.563,0.0
1678,-0.662,-1.196,70.878,0.0
1679,-0.657,-1.298,83.724,0.0
1680,-0.653,-1.124,80.039,0.0
1681,-0.646,-1.239,62.009,0.0
1682,-0.64,-1.34,97.463,0.0
1683,-0.636,-1.144,61.802,0.0
1684,-0.631,-1.163,94.796,0.0
1685,-0.624,-1.293,68.315,0.0
1686,-0.62,-1.114,73.364,0.0
1687,-0.616,-1.041,72.385,0.0
1688,-0.609,-1.162,77.046,0.0
1689,-0.606,-1.026,74.245,0.0
1690,-0.602,-0.85,70.374,0.0
1691,-0.597,-0.9,50.415,0.0
1692,-0.594,-0.777,79.19,0.0
1693,-0.593,-0.544,64.482,0.0
1694,-0.589,-0.643,45.487,0.0
1695,-0.587,-0.66,55.431,0.0
1696,-0.586,-0.415,71.594,0.0
1697,-0.583,-0.53,21.436,0.0
1698,-0.58,-0.755,68.46,0.0
1699,-0.579,-0.636,34.327,0.0
1700,-0.576,-0.758,47.024,0.0
1701,-0.571,-1.113,57.645,0.0
1702,-0.567,-1.154,37.148,0.0
1703,-0.563,-1.263,49.874,0.0
1704,-0.555,-1.558,59.385,0.0
1705,-0.548,-1.573,61.15,0.0
1706,-0.542,-1.543,39.138,0.0
1707,-0.533,-1.749,77.933,0.0
1708,-0.525,-1.791,49.288,0.0
1709,-0.519,-1.615,54.822,0.0
1710,-0.509,-1.679,58.502,0.0
1711,-0.501,-1.767,62.564,0.0
1712,-0.495,-1.536,57.644,0.0
1713,-0.487,-1.483,35.492,0.0
1714,-0.479,-1.594,71.475,0.0
1715,-0.474,-1.356,57.267,0.0
1716,-0.468,-1.26,33.559,0.0
1717,-0.46,-1.436,71.276,0.0
1718,-0.455,-1.243,35.755,0.0
1719,-0.451,-1.106,64.514,0.0
1720,-0.443,-1.288,39.607,0.0
1721,-0.438,-1.15,68.293,0.0
1722,-0.435,-0.965,32.675,0.0
1723,-0.428,-1.152,48.036,0.0
1724,-0.423,-1.15,49.114,0.0
1725,-0.42,-0.906,43.254,0.0
1726,-0.414,-1.02,47.539,0.0
1727,-0.408,-1.124,51.502,0.0
1728,-0.406,-0.834,21.877,0.0
1729,-0.401,-0.846,54.515,0.0
1730,-0.395,-1.093,30.868,0.0
1731,-0.393,-0.947,58.935,0.0
1732,-0.389,-0.922,27.677,0.0
1733,-0.382,-1.263,47.077,0.0
1734,-0.377,-1.293,26.499,0.0
1735,-0.372,-1.231,57.24,0.0
1736,-0.364,-1.504,57.22,0.0
1737,-0.357,-1.549,37.364,0.0
1738,-0.352,-1.332,41.695,0.0
1739,-0.344,-1.366,66.682,0.0
1740,-0.338,-1.37,36.685,0.0
1741,-0.333,-1.157,63.359,0.0
1742,-0.326,-1.099,31.857,0.0
1743,-0.321,-1.051,62.982,0.0
1744,-0.318,-0.798,25.572,0.0
1745,-0.314,-0.767,57.088,0.0
1746,-0.309,-0.844,28.668,0.0
1747,-0.307,-0.614,54.432,0.0
1748,-0.304,-0.509,20.834,0.0
1749,-0.301,-0.589,55.019,0.0
1750,-0.3,-0.438,19.906,0.0
1751,-0.298,-0.415,28.584,0.0
1752,-0.295,-0.607,56.897,0.0
1753,-0.293,-0.525,23.693,0.0
1754,-0.292,-0.443,30.699,0.0
1755,-0.288,-0.628,36.497,0.0
1756,-0.285,-0.669,38.079,0.0
1757,-0.284,-0.617,14.557,0.0
1758,-0.279,-0.791,51.612,0.0
1759,-0.276,-0.863,22.827,0.0
1760,-0.274,-0.734,51.177,0.0
1761,-0.268,-0.881,24.829,0.0
1762,-0.264,-1.067,39.631,0.0
1763,-0.26,-0.942,37.006,0.0
1764,-0.255,-0.989,39.452,0.0
1765,-0.249,-1.139,44.572,0.0
1766,-0.245,-0.95,40.345,0.0
1767,-0.241,-0.92,40.495,0.0
1768,-0.235,-1.117,46.945,0.0
1769,-0.23,-0.976,44.084,0.0
1770,-0.226,-0.858,41.734,0.0
1771,-0.221,-0.975,45.988,0.0
1772,-0.217,-0.824,65.238,0.0
1773,-0.215,-0.606,28.545,0.0
1774,-0.211,-0.685,40.425,0.0
1775,-0.207,-0.659,40.581,0.0
1776,-0.206,-0.426,57.104,0.0
1777,-0.203,-0.387,25.193,0.0
1778,-0.2,-0.429,35.866,0.0
1779,-0.2,-0.248,53.589,0.0
1780,-0.199,-0.172,20.343,0.0
1781,-0.197,-0.381,57.805,0.0
1782,-0.196,-0.358,26.048,0.0
1783,-0.196,-0.196,30.65,0.0
1784,-0.194,-0.385,58.542,0.0
1785,-0.192,-0.53,9.029,0.0
1786,-0.191,-0.428,46.754,0.0
1787,-0.188,-0.543,41.538,0.0
1788,-0.184,-0.817,49.642,0.0
1789,-0.181,-0.895,29.902,0.0
1790,-0.176,-0.902,62.528,0.0
1791,-0.171,-0.935,55.431,0.0
1792,-0.168,-0.829,53.267,0.0
1793,-0.163,-0.733,51.681,0.0
1794,-0.159,-0.682,73.7,0.0
1795,-0.157,-0.455,59.1,0.0
1796,-0.155,-0.274,32.273,0.0
1797,-0.153,-0.217,85.136,0.0
1798,-0.154,0.064,37.19,0.0
1799,-0.156,0.291,39.707,0.0
1800,-0.155,0.272,40.428,0.0
1801,-0.159,0.516,55.813,0.0
1802,-0.164,0.815,37.864,0.0
1803,-0.166,0.669,41.446,0.0
1804,-0.17,0.566,21.055,0.0
1805,-0.175,0.705,47.684,0.0
1806,-0.177,0.445,22.954,0.0
1807,-0.177,0.101,63.364,0.0
1808,-0.181,0.21,28.461,0.0
1809,-0.181,0.042,41.766,0.0
1810,-0.178,-0.418,54.656,0.0
1811,-0.178,-0.372,53.542,0.0
1812,-0.177,-0.34,52.793,0.0
1813,-0.162,-2.719,118.898,0.0
1814,-0.132,-6.266,218.934,0.0
1815,-0.103,-6.128,221.036,0.0
1816,-0.083,-3.284,172.189,0.0
1817,-0.076,-0.676,140.579,0.0
1818,-0.082,1.604,105.969,0.0
1819,-0.094,3.126,90.555,0.0
1820,-0.11,4.187,63.923,0.0
1821,-0.138,5.718,31.292,0.0
1822,-0.173,7.029,-19.128,0.0
1823,-0.208,7.273,-54.857,0.0
1824,-0.247,7.243,-52.729,0.0
1825,-0.284,7.058,-55.196,0.0
1826,-0.316,6.144,-82.023,0.0
1827,-0.342,5.287,-46.627,0.0
1828,-0.368,4.736,-59.517,0.0
1829,-0.387,3.709,-27.033,0.0
1830,-0.403,2.731,-26.606,0.0
1831,-0.418,2.248,-7.829,0.0
1832,-0.428,1.537,-13.35,0.0
1833,-0.434,0.817,13.573,0.0
1834,-0.44,0.536,19.859,0.0
1835,-0.442,0.035,10.285,0.0
1836,-0.43,-2.742,72.881,0.0
1837,-0.4,-6.665,214.313,0.0
1838,-0.367,-7.059,199.851,0.0
1839,-0.344,-4.64,149.245,0.0
1840,-0.329,-2.379,137.343,0.0
1841,-0.323,-0.764,100.399,0.0
1842,-0.32,0.156,135.127,0.0
1843,-0.322,1.172,126.129,0.0
1844,-0.336,2.737,41.695,0.0
1845,-0.356,4.166,31.387,0.0
1846,-0.379,5.0,18.302,0.0
1847,-0.408,5.547,-10.805,0.0
1848,-0.439,5.665,-42.349,0.0
1849,-0.465,5.044,-22.144,0.0
1850,-0.489,4.413,-54.829,0.0
1851,-0.512,3.869,-49.576,0.0
1852,-0.529,2.643,-33.787,0.0
1853,-0.538,1.163,-32.408,0.0
1854,-0.544,-0.113,-4.203,0.0
1855,-0.541,-1.553,21.076,0.0
1856,-0.53,-2.841,66.384,0.0
1857,-0.517,-3.652,68.016,0.0
1858,-0.498,-4.404,78.226,0.0
1859,-0.473,-5.105,133.293,0.0
1860,-0.448,-5.337,135.4,0.0
1861,-0.423,-5.255,138.349,0.0
1862,-0.394,-5.083,162.067,0.0
1863,-0.371,-4.313,159.685,0.0
1864,-0.356,-3.009,164.314,0.0
1865,-0.341,-1.931,143.414,0.0
1866,-0.334,-0.737,149.234,0.0
1867,-0.337,0.91,109.661,0.0
1868,-0.344,2.16,66.323,0.0
1869,-0.357,3.15,82.454,0.0
1870,-0.381,4.462,25.311,0.0
1871,-0.406,5.157,-20.556,0.0
1872,-0.428,5.136,7.213,0.0
1873,-0.457,5.315,-57.041,0.0
1874,-0.486,5.07,-38.204,0.0
1875,-0.507,4.016,-36.82,0.0
1876,-0.527,3.094,-29.873,0.0
1877,-0.544,2.243,-24.046,0.0
1878,-0.551,0.931,-26.597,0.0
1879,-0.555,-0.138,41.399,0.0
1880,-0.556,-0.788,4.672,0.0
1881,-0.549,-1.855,29.736,0.0
1882,-0.537,-2.795,65.997,0.0
1883,-0.526,-3.008,73.968,0.0
1884,-0.511,-3.439,88.345,0.0
1885,-0.491,-3.991,107.018,0.0
1886,-0.473,-3.871,107.394,0.0
1887,-0.456,-3.655,127.506,0.0
1888,-0.436,-3.614,121.671,0.0
1889,-0.42,-3.107,111.454,0.0
1890,-0.409,-2.211,134.83,0.0
1891,-0.398,-1.447,121.417,0.0
1892,-0.394,-0.64,92.098,0.0
1893,-0.395,0.443,85.631,0.0
1894,-0.399,1.281,76.367,0.0
1895,-0.407,1.797,52.128,0.0
1896,-0.421,2.458,32.071,0.0
1897,-0.435,2.876,40.787,0.0
1898,-0.45,2.872,-16.004,0.0
1899,-0.467,2.836,22.086,0.0
1900,-0.481,2.458,-1.924,0.0
1901,-0.493,1.714,1.999,0.0
1902,-0.502,1.084,3.494,0.0
1903,-0.506,0.408,7.034,0.0
1904,-0.507,-0.35,35.91,0.0
1905,-0.505,-0.884,28.094,0.0
1906,-0.501,-1.381,73.501,0.0
1907,-0.495,-1.824,55.246,0.0
1908,-0.486,-2.059,49.644,0.0
1909,-0.477,-2.314,89.75,0.0
1910,-0.465,-2.553,89.509,0.0
1911,-0.454,-2.63,93.954,0.0
1912,-0.441,-2.527,93.731,0.0
1913,-0.43,-2.229,88.061,0.0
1914,-0.422,-1.834,101.837,0.0
1915,-0.414,-1.428,83.782,0.0
1916,-0.409,-0.985,95.595,0.0
1917,-0.406,-0.419,72.169,0.0
1918,-0.407,0.154,79.432,0.0
1919,-0.41,0.565,59.114,0.0
1920,-0.415,0.884,27.287,0.0
1921,-0.421,1.115,51.466,0.0
1922,-0.428,1.217,38.51,0.0
1923,-0.436,1.222,14.347,0.0
1924,-0.443,1.11,24.963,0.0
1925,-0.449,0.921,28.833,0.0
1926,-0.456,0.611,13.404,0.0
1927,-0.448,-1.921,90.976,0.0
1928,-0.42,-5.927,202.762,0.0
1929,-0.392,-6.292,195.54,0.0
1930,-0.375,-3.651,115.63,0.0
1931,-0.365,-1.425,134.928,0.0
1932,-0.366,0.272,85.428,0.0
1933,-0.373,1.423,89.684,0.0
1934,-0.379,2.045,54.226,0.0
1935,-0.395,3.053,47.014,0.0
1936,-0.418,4.236,2.203,0.0
1937,-0.439,4.447,-29.932,0.0
1938,-0.463,4.291,-21.447,0.0
1939,-0.488,4.396,-29.207,0.0
1940,-0.508,3.878,-41.818,0.0
1941,-0.526,3.206,3.905,0.0
1942,-0.546,3.189,-30.831,0.0
1943,-0.562,2.887,-39.416,0.0
1944,-0.574,2.37,3.285,0.0
1945,-0.59,2.409,-9.617,0.0
1946,-0.604,2.292,-31.67,0.0
1947,-0.614,1.833,-12.45,0.0
1948,-0.625,1.754,-12.581,0.0
1949,-0.637,1.716,-13.795,0.0
1950,-0.644,1.373,-6.112,0.0
1951,-0.653,1.263,-27.259,0.0
1952,-0.662,1.314,-21.478,0.0
1953,-0.669,1.039,-15.327,0.0
1954,-0.674,0.787,-9.713,0.0
1955,-0.682,0.873,-35.932,0.0
1956,-0.688,0.783,-3.162,0.0
1957,-0.691,0.483,-49.766,0.0
1958,-0.696,0.476,-10.178,0.0
1959,-0.701,0.448,-19.162,0.0
1960,-0.703,0.166,-11.966,0.0
1961,-0.705,0.106,-10.868,0.0
1962,-0.708,0.138,-34.731,0.0
1963,-0.709,-0.086,2.523,0.0
1964,-0.71,-0.213,-48.034,0.0
1965,-0.712,-0.16,-9.393,0.0
1966,-0.711,-0.31,-36.727,0.0
1967,-0.71,-0.508,0.228,0.0
1968,-0.71,-0.439,-33.003,0.0
1969,-0.71,-0.462,-23.318,0.0
1970,-0.708,-0.706,-16.362,0.0
1971,-0.708,-0.874,-11.884,0.0
1972,-0.705,-1.245,-46.464,0.0
1973,-0.698,-1.94,-8.738,0.0
1974,-0.691,-2.599,-34.679,0.0
1975,-0.678,-3.438,-14.425,0.0
1976,-0.657,-4.557,28.256,0.0
1977,-0.635,-5.286,52.006,0.0
1978,-0.61,-5.702,68.005,0.0
1979,-0.579,-6.295,67.457,0.0
1980,-0.547,-6.464,109.666,0.0
1981,-0.518,-5.999,94.203,0.0
1982,-0.488,-5.524,87.555,0.0
1983,-0.461,-4.736,116.865,0.0
1984,-0.444,-3.301,86.916,0.0
1985,-0.432,-2.011,46.24,0.0
1986,-0.423,-0.989,65.876,0.0
1987,-0.424,0.344,35.001,0.0
1988,-0.432,1.469,-5.309,0.0
1989,-0.439,1.973,-20.02,0.0
1990,-0.453,2.53,-59.88,0.0
1991,-0.47,3.034,-45.293,0.0
1992,-0.484,2.859,-74.684,0.0
1993,-0.498,2.647,-40.492,0.0
1994,-0.516,2.816,-79.811,0.0
1995,-0.529,2.56,-66.674,0.0
1996,-0.541,2.123,-79.848,0.0
1997,-0.555,2.266,-55.073,0.0
1998,-0.568,2.244,-88.308,0.0
1999,-0.578,1.868,-71.389,0.0
2000,-0.591,1.938,-53.236,0.0
2001,-0.602,1.996,-88.502,0.0
2002,-0.611,1.676,-72.824,0.0
2003,-0.622,1.67,-97.223,0.0
2004,-0.633,1.768,-70.588,0.0
2005,-0.641,1.491,-96.178,0.0
2006,-0.65,1.385,-63.699,0.0
2007,-0.66,1.501,-100.141,0.0
2008,-0.667,1.337,-88.247,0.0
2009,-0.674,1.223,-86.632,0.0
2010,-0.684,1.366,-92.257,0.0
2011,-0.691,1.304,-92.082,0.0
2012,-0.698,1.179,-90.107,0.0
2013,-0.707,1.302,-95.125,0.0
2014,-0.715,1.3,-96.62,0.0
2015,-0.722,1.162,-94.223,0.0
2016,-0.733,1.098,-139.649,0.0
2017,-0.741,0.633,-111.025,0.0
2018,-0.742,-0.401,-128.821,0.0
2019,-0.742,-1.496,-104.32,0.0
2020,-0.734,-2.672,-85.238,0.0
2021,-0.716,-4.245,-53.495,0.0
2022,-0.693,-5.629,-48.219,0.0
2023,-0.665,-6.483,-2.263,0.0
2024,-0.63,-7.409,6.691,0.0
2025,-0.592,-8.22,44.647,0.0
2026,-0.553,-8.543,38.372,0.0
2027,-0.509,-8.803,63.024,0.0
2028,-0.463,-8.734,92.639,0.0
2029,-0.423,-7.956,115.936,0.0
2030,-0.383,-7.05,104.321,0.0
2031,-0.348,-5.816,114.545,0.0
2032,-0.326,-3.709,67.694,0.0
2033,-0.314,-1.614,50.634,0.0
2034,-0.308,0.01,-9.223,0.0
2035,-0.315,1.83,-13.815,0.0
2036,-0.331,3.468,-78.357,0.0
2037,-0.35,4.27,-80.841,0.0
2038,-0.374,4.887,-133.306,0.0
2039,-0.403,5.562,-125.534,0.0
2040,-0.43,5.619,-141.388,0.0
2041,-0.458,5.47,-165.281,0.0
2042,-0.489,5.798,-148.72,0.0
2043,-0.519,5.997,-168.97,0.0
2044,-0.549,5.896,-149.665,0.0
2045,-0.581,6.086,-192.511,0.0
2046,-0.614,6.248,-194.267,0.0
2047,-0.644,6.117,-196.831,0.0
2048,-0.677,6.223,-183.639,0.0
2049,-0.711,6.434,-227.317,0.0
2050,-0.743,6.355,-222.626,0.0
2051,-0.777,6.39,-207.705,0.0
2052,-0.812,6.63,-252.392,0.0
2053,-0.845,6.64,-227.94,0.0
2054,-0.88,6.622,-265.603,0.0
2055,-0.916,6.838,-247.058,0.0
2056,-0.952,6.964,-288.881,0.0
2057,-0.987,7.024,-266.137,0.0
2058,-1.025,7.298,-312.317,0.0
2059,-1.064,7.558,-295.512,0.0
2060,-1.103,7.687,-338.013,0.0
2061,-1.144,7.983,-322.601,0.0
2062,-1.188,8.402,-351.191,0.0
2063,-1.232,8.707,-390.441,0.0
2064,-1.278,9.06,-377.538,0.0
2065,-1.327,9.561,-431.876,0.0
2066,-1.377,10.024,-422.71,0.0
2067,-1.43,10.497,-454.659,0.0
2068,-1.487,11.133,-505.136,0.0
2069,-1.546,11.831,-504.016,0.0
2070,-1.609,12.548,-544.418,0.0
2071,-1.676,13.381,-602.284,0.0
2072,-1.748,14.273,-608.679,0.0
2073,-1.823,15.169,-678.799,0.0
2074,-1.904,16.188,-690.374,0.0
2075,-1.991,17.353,-747.367,0.0
2076,-2.083,18.587,-798.355,0.0
2077,-2.182,19.928,-800.0,0.0
2078,-2.287,21.418,-800.0,0.0
2079,-2.401,23.007,-800.0,0.0
2080,-2.532,23.413,-800.0,0.0
2081,-2.653,21.734,-800.0,0.0
2082,-2.759,19.24,-800.0,0.0
2083,-2.864,16.698,-800.0,0.0
2084,-2.947,13.149,-800.0,0.0
2085,-2.998,7.877,-800.0,0.0
2086,-3.029,3.135,-800.0,0.0
2087,-3.045,-0.016,-800.0,0.0
2088,-3.039,-3.631,-800.0,0.0
2089,-3.015,-7.076,-800.0,0.0
2090,-2.983,-9.339,-800.0,0.0
2091,-2.934,-11.917,-800.0,0.0
2092,-2.868,-14.787,-800.0,0.0
2093,-2.795,-16.735,-800.0,0.0
2094,-2.713,-18.202,-800.0,0.0
2095,-2.62,-19.88,-800.0,0.0
2096,-2.522,-21.255,-800.0,0.0
2097,-2.419,-22.234,-800.0,0.0
2098,-2.306,-23.456,-800.0,0.0
2099,-2.188,-24.438,-800.0,0.0
2100,-2.07,-24.664,-800.0,0.0
2101,-1.95,-24.974,-800.0,0.0
2102,-1.824,-25.552,-800.0,0.0
2103,-1.698,-25.723,-800.0,0.0
2104,-1.572,-25.782,-800.0,0.0
2105,-1.443,-26.18,-800.0,0.0
2106,-1.312,-26.405,-800.0,0.0
2107,-1.184,-26.289,-800.0,0.0
2108,-1.053,-26.421,-800.0,0.0
2109,-0.92,-26.727,-800.0,0.0
2110,-0.788,-26.672,-800.0,0.0
2111,-0.657,-26.572,-800.0,0.0
2112,-0.522,-26.967,-800.0,0.0
2113,-0.385,-27.37,-800.0,0.0
2114,-0.251,-27.316,-800.0,0.0
2115,-0.115,-27.47,-800.0,0.0
2116,0.027,-28.167,-762.634,0.0
2117,0.169,-28.543,-747.907,0.0
2118,0.309,-28.442,-737.493,0.0
2119,0.453,-28.992,-686.455,0.0
2120,0.605,-29.998,-653.173,0.0
2121,0.755,-30.193,-632.929,0.0
2122,0.904,-30.345,-591.461,0.0
2123,1.064,-31.532,-529.343,0.0
2124,1.228,-32.299,-522.534,0.0
2125,1.386,-32.126,-456.608,0.0
2126,1.552,-32.922,-457.643,0.0
2127,1.729,-34.381,-344.548,0.0
2128,1.9,-34.479,-340.564,0.0
2129,2.07,-34.379,-324.135,0.0
2130,2.255,-35.805,-219.371,0.0
2131,2.442,-36.826,-210.282,0.0
2132,2.626,-36.154,-129.751,0.0
2133,2.816,-35.854,-51.77,0.0
2134,3.006,-35.772,23.351,0.0
2135,3.184,-33.898,25.931,0.0
2136,3.352,-31.727,27.696,0.0
2137,3.525,-29.807,104.585,0.0
2138,3.673,-26.116,102.887,0.0
2139,3.797,-21.56,118.334,0.0
2140,3.911,-17.735,110.893,0.0
2141,3.999,-13.077,107.767,0.0
2142,4.052,-6.886,25.534,0.0
2143,4.082,-1.573,-6.287,0.0
2144,4.091,2.944,-52.764,0.0
2145,4.063,8.362,-121.343,0.0
2146,4.013,12.87,-215.106,0.0
2147,3.953,15.35,-216.6,0.0
2148,3.876,17.72,-250.157,0.0
2149,3.784,20.129,-278.568,0.0
2150,3.689,21.26,-273.648,0.0
2151,3.587,22.115,-285.323,0.0
2152,3.475,23.437,-302.348,0.0
2153,3.361,23.945,-298.118,0.0
2154,3.247,23.829,-277.479,0.0
2155,3.127,24.012,-288.221,0.0
2156,3.01,23.701,-253.8,0.0
2157,2.9,22.618,-229.166,0.0
2158,2.791,21.678,-199.055,0.0
2159,2.686,20.702,-167.084,0.0
2160,2.59,19.133,-140.005,0.0
2161,2.501,17.57,-103.012,0.0
2162,2.416,16.316,-50.68,0.0
2163,2.337,14.357,-32.357,0.0
2164,2.275,11.427,10.243,0.0
2165,2.226,8.33,46.514,0.0
2166,2.18,6.956,91.573,0.0
2167,2.142,6.691,68.559,0.0
2168,2.122,3.446,181.879,0.0
2169,2.128,-1.723,378.315,0.0
2170,2.155,-5.632,505.495,0.0
2171,2.198,-7.644,594.177,0.0
2172,2.238,-7.492,647.596,0.0
2173,2.273,-6.72,674.711,0.0
2174,2.32,-6.007,728.286,0.0
2175,2.352,-3.91,800.0,0.0
2176,2.363,-0.505,798.485,0.0
2177,2.369,2.613,798.318,0.0
2178,2.355,5.961,788.283,0.0
2179,2.313,10.405,721.201,0.0
2180,2.258,13.625,715.513,0.0
2181,2.195,15.582,710.107,0.0
2182,2.11,18.528,660.807,0.0
2183,2.012,21.165,626.095,0.0
2184,1.909,22.639,621.298,0.0
2185,1.791,24.374,606.528,0.0
2186,1.663,25.838,552.11,0.0
2187,1.537,25.885,576.064,0.0
2188,1.411,25.538,556.438,0.0
2189,1.281,25.473,569.079,0.0
2190,1.156,24.816,544.516,0.0
2191,1.035,23.726,595.046,0.0
2192,0.916,22.795,578.917,0.0
2193,0.806,21.435,616.212,0.0
2194,0.707,19.745,655.517,0.0
2195,0.609,18.699,655.751,0.0
2196,0.516,18.041,700.295,0.0
2197,0.43,17.083,713.987,0.0
2198,0.346,16.305,754.787,0.0
2199,0.265,16.129,726.284,0.0
2200,0.186,16.136,778.559,0.0
2201,0.104,16.414,773.884,0.0
2202,0.019,17.011,746.597,0.0
2203,-0.065,17.438,755.331,0.0
2204,-0.153,18.138,747.285,0.0
2205,-0.25,19.361,723.55,0.0
2206,-0.35,20.253,685.518,0.0
2207,-0.452,20.763,666.361,0.0
2208,-0.56,21.677,657.568,0.0
2209,-0.675,22.701,590.644,0.0
2210,-0.79,23.034,582.314,0.0
2211,-0.906,23.173,547.756,0.0
2212,-1.027,23.737,509.748,0.0
2213,-1.15,24.161,474.965,0.0
2214,-1.272,23.981,433.941,0.0
2215,-1.394,23.715,404.2,0.0
2216,-1.516,23.677,368.395,0.0
2217,-1.638,23.401,339.019,0.0
2218,-1.757,22.853,317.304,0.0
2219,-1.873,22.359,272.225,0.0
2220,-1.987,21.931,234.833,0.0
2221,-2.099,21.657,216.048,0.0
2222,-2.213,21.505,162.426,0.0
2223,-2.324,21.178,145.186,0.0
2224,-2.433,20.655,57.454,0.0
2225,-2.54,20.153,41.034,0.0
2226,-2.646,19.616,8.021,0.0
2227,-2.749,18.648,-80.499,0.0
2228,-2.855,19.189,-160.423,0.0
2229,-2.97,20.969,-306.372,0.0
2230,-3.076,19.035,-320.643,0.0
2231,-3.157,14.058,-280.714,0.0
2232,-3.217,10.023,-230.352,0.0
2233,-3.265,7.498,-226.544,0.0
2234,-3.303,5.828,-243.659,0.0
2235,-3.334,4.492,-268.037,0.0
2236,-3.359,3.411,-275.511,0.0
2237,-3.378,2.615,-298.487,0.0
2238,-3.394,2.146,-329.398,0.0
2239,-3.409,2.076,-348.299,0.0
2240,-3.424,2.287,-406.306,0.0
2241,-3.442,2.696,-438.473,0.0
2242,-3.462,3.376,-509.747,0.0
2243,-3.486,4.245,-533.024,0.0
2244,-3.514,5.221,-600.288,0.0
2245,-3.547,6.394,-664.837,0.0
2246,-3.587,7.805,-714.453,0.0
2247,-3.634,9.42,-800.0,0.0
2248,-3.689,11.267,-800.0,0.0
2249,-3.755,13.384,-800.0,0.0
2250,-3.843,14.408,-800.0,0.0
2251,-3.921,13.278,-800.0,0.0
2252,-3.987,11.46,-800.0,0.0
2253,-4.055,9.687,-800.0,0.0
2254,-4.103,6.707,-800.0,0.0
2255,-4.124,2.266,-800.0,0.0
2256,-4.133,-1.01,-800.0,0.0
2257,-4.134,-2.524,-800.0,0.0
2258,-4.119,-4.77,-800.0,0.0
2259,-4.092,-6.901,-800.0,0.0
2260,-4.066,-7.531,-800.0,0.0
2261,-4.032,-8.374,-800.0,0.0
2262,-3.989,-9.632,-800.0,0.0
2263,-3.949,-10.032,-800.0,0.0
2264,-3.904,-10.292,-800.0,0.0
2265,-3.852,-11.009,-800.0,0.0
2266,-3.802,-10.955,-800.0,0.0
2267,-3.76,-10.176,-800.0,0.0
2268,-3.714,-9.911,-800.0,0.0
2269,-3.669,-9.55,-800.0,0.0
2270,-3.631,-8.409,-800.0,0.0
2271,-3.595,-7.31,-800.0,0.0
2272,-3.564,-6.207,-800.0,0.0
2273,-3.542,-4.562,-800.0,0.0
2274,-3.528,-2.945,-800.0,0.0
2275,-3.518,-1.528,-800.0,0.0
2276,-3.519,0.315,-800.0,0.0
2277,-3.53,2.418,-800.0,0.0
2278,-3.548,4.329,-800.0,0.0
2279,-3.578,6.344,-800.0,0.0
2280,-3.62,8.61,-800.0,0.0
2281,-3.67,10.907,-800.0,0.0
2282,-3.735,13.471,-800.0,0.0
2283,-3.814,16.258,-800.0,0.0
2284,-3.903,18.755,-800.0,0.0
2285,-4.006,21.471,-800.0,0.0
2286,-4.128,24.9,-800.0,0.0
2287,-4.264,28.125,-800.0,0.0
2288,-4.411,31.089,-800.0,0.0
2289,-4.581,35.01,-800.0,0.0
2290,-4.774,39.47,-800.0,0.0
2291,-4.986,43.32,-800.0,0.0
2292,-5.214,47.52,-800.0,0.0
2293,-5.473,53.089,-800.0,0.0
2294,-5.76,58.757,-800.0,0.0
2295,-6.065,63.934,-800.0,0.0
2296,-6.403,70.339,-800.0,0.0
2297,-6.783,78.204,-800.0,0.0
2298,-7.196,85.788,-800.0,0.0
2299,-7.632,91.564,-800.0,0.0
2300,-8.103,97.632,-800.0,0.0
2301,-8.624,107.873,-800.0,0.0
2302,-9.2,120.737,-800.0,0.0
2303,-9.843,134.285,-800.0,0.0
2304,-10.592,147.989,-800.0,0.0
2305,-11.371,157.89,-800.0,0.0
2306,-12.19,163.986,-800.0,0.0
2307,-13.057,170.398,-800.0,0.0
2308,-13.951,174.853,-800.0,0.0
2309,-14.85,174.648,-800.0,0.0
2310,-15.754,171.939,-800.0,0.0
2311,-16.636,166.451,-800.0,0.0
2312,-17.461,159.951,-800.0,0.0
2313,-18.28,157.92,-800.0,0.0
2314,-19.109,159.625,-800.0,0.0
2315,-19.947,160.006,-800.0,0.0
2316,-20.787,155.862,-800.0,0.0
2317,-21.588,144.241,-800.0,0.0
2318,-22.288,122.753,-800.0,0.0
2319,-22.832,89.87,-800.0,0.0
2320,-23.158,45.652,-800.0,0.0
2321,-23.235,-3.62,-800.0,0.0
2322,-23.074,-46.304,-800.0,0.0
2323,-22.785,-70.982,-800.0,0.0
2324,-22.446,-79.279,-800.0,0.0
2325,-22.068,-83.419,-800.0,0.0
2326,-21.668,-86.006,-800.0,0.0
2327,-21.271,-84.208,-800.0,0.0
2328,-20.889,-79.817,-800.0,0.0
2329,-20.531,-74.401,-800.0,0.0
2330,-20.205,-67.988,-800.0,0.0
2331,-19.907,-61.51,-800.0,0.0
2332,-19.635,-55.269,-800.0,0.0
2333,-19.4,-48.609,-800.0,0.0
2334,-19.195,-42.185,-800.0,0.0
2335,-19.019,-36.221,-800.0,0.0
2336,-18.881,-29.968,-800.0,0.0
2337,-18.774,-24.685,-800.0,0.0
2338,-18.683,-21.901,-800.0,0.0
2339,-18.605,-20.802,-800.0,0.0
2340,-18.532,-21.297,-800.0,0.0
2341,-18.443,-24.813,-800.0,0.0
2342,-18.327,-30.513,-800.0,0.0
2343,-18.187,-36.248,-800.0,0.0
2344,-18.014,-42.319,-800.0,0.0
2345,-17.802,-49.063,-800.0,0.0
2346,-17.564,-54.492,-800.0,0.0
2347,-17.306,-58.203,-800.0,0.0
2348,-17.024,-61.762,-800.0,0.0
2349,-16.728,-64.861,-800.0,0.0
2350,-16.425,-67.016,-800.0,0.0
2351,-16.105,-69.935,-800.0,0.0
2352,-15.763,-73.954,-800.0,0.0
2353,-15.407,-77.491,-800.0,0.0
2354,-15.035,-80.985,-800.0,0.0
2355,-14.633,-85.169,-800.0,0.0
2356,-14.215,-88.306,-800.0,0.0
2357,-13.789,-89.824,-800.0,0.0
2358,-13.349,-91.161,-800.0,0.0
2359,-12.901,-91.78,-800.0,0.0
2360,-12.461,-90.439,-800.0,0.0
2361,-12.029,-88.493,-800.0,0.0
2362,-11.597,-86.947,-800.0,0.0
2363,-11.177,-84.37,-800.0,0.0
2364,-10.777,-80.593,-800.0,0.0
2365,-10.389,-77.192,-800.0,0.0
2366,-10.013,-73.821,-800.0,0.0
2367,-9.664,-69.029,-800.0,0.0
2368,-9.341,-63.813,-800.0,0.0
2369,-9.033,-59.506,-800.0,0.0
2370,-8.75,-54.811,-800.0,0.0
2371,-8.5,-49.267,-800.0,0.0
2372,-8.271,-44.721,-800.0,0.0
2373,-8.056,-41.279,-800.0,0.0
2374,-7.867,-37.321,-800.0,0.0
2375,-7.699,-33.524,-800.0,0.0
2376,-7.538,-31.313,-800.0,0.0
2377,-7.387,-29.375,-800.0,0.0
2378,-7.255,-26.593,-800.0,0.0
2379,-7.132,-24.393,-800.0,0.0
2380,-7.013,-23.089,-800.0,0.0
2381,-6.906,-21.01,-800.0,0.0
2382,-6.815,-18.34,-800.0,0.0
2383,-6.729,-16.549,-800.0,0.0
2384,-6.652,-14.865,-800.0,0.0
2385,-6.59,-12.111,-800.0,0.0
2386,-6.542,-9.543,-800.0,0.0
2387,-6.498,-7.996,-800.0,0.0
2388,-6.468,-6.084,-800.0,0.0
2389,-6.451,-3.284,-800.0,0.0
2390,-6.441,-1.263,-800.0,0.0
2391,-6.437,-0.131,-800.0,0.0
2392,-6.446,1.925,-800.0,0.0
2393,-6.467,4.457,-800.0,0.0
2394,-6.49,5.911,-800.0,0.0
2395,-6.523,7.068,-800.0,0.0
2396,-6.57,9.224,-800.0,0.0
2397,-6.629,11.441,-800.0,0.0
2398,-6.692,12.768,-800.0,0.0
2399,-6.763,13.868,-800.0,0.0
2400,-6.842,15.065,-800.0,0.0
2401,-6.924,15.844,-800.0,0.0
2402,-7.009,16.285,-800.0,0.0
2403,-7.096,16.755,-800.0,0.0
2404,-7.186,17.185,-800.0,0.0
2405,-7.275,17.476,-800.0,0.0
2406,-7.367,17.839,-800.0,0.0
2407,-7.461,18.416,-800.0,0.0
2408,-7.561,19.156,-800.0,0.0
2409,-7.666,20.104,-800.0,0.0
2410,-7.775,20.915,-800.0,0.0
2411,-7.885,21.256,-800.0,0.0
2412,-7.998,21.305,-800.0,0.0
2413,-8.111,21.21,-800.0,0.0
2414,-8.221,20.789,-800.0,0.0
2415,-8.328,20.117,-800.0,0.0
2416,-8.434,19.553,-800.0,0.0
2417,-8.539,19.066,-800.0,0.0
2418,-8.64,18.264,-800.0,0.0
2419,-8.736,17.054,-800.0,0.0
2420,-8.827,15.567,-800.0,0.0
2421,-8.91,13.674,-800.0,0.0
2422,-8.982,11.216,-800.0,0.0
2423,-9.038,8.302,-800.0,0.0
2424,-9.079,5.202,-800.0,0.0
2425,-9.105,2.221,-800.0,0.0
2426,-9.118,-0.458,-800.0,0.0
2427,-9.116,-2.874,-800.0,0.0
2428,-9.102,-4.926,-800.0,0.0
2429,-9.08,-6.371,-800.0,0.0
2430,-9.054,-7.26,-800.0,0.0
2431,-9.023,-7.892,-800.0,0.0
2432,-8.989,-8.522,-800.0,0.0
2433,-8.953,-9.341,-800.0,0.0
2434,-8.912,-10.509,-800.0,0.0
2435,-8.865,-12.207,-800.0,0.0
2436,-8.805,-14.51,-800.0,0.0
2437,-8.732,-17.088,-800.0,0.0
2438,-8.646,-19.493,-800.0,0.0
2439,-8.55,-21.533,-800.0,0.0
2440,-8.443,-23.195,-800.0,0.0
2441,-8.327,-24.514,-800.0,0.0
2442,-8.205,-25.232,-800.0,0.0
2443,-8.083,-25.034,-800.0,0.0
2444,-7.964,-24.051,-800.0,0.0
2445,-7.851,-22.562,-800.0,0.0
2446,-7.745,-20.789,-800.0,0.0
2447,-7.65,-18.893,-800.0,0.0
2448,-7.563,-16.919,-800.0,0.0
2449,-7.488,-14.912,-800.0,0.0
2450,-7.423,-13.14,-800.0,0.0
2451,-7.363,-11.851,-800.0,0.0
2452,-7.308,-10.761,-800.0,0.0
2453,-7.26,-9.458,-800.0,0.0
2454,-7.221,-7.908,-800.0,0.0
2455,-7.19,-6.401,-800.0,0.0
2456,-7.162,-5.144,-800.0,0.0
2457,-7.141,-3.895,-800.0,0.0
2458,-7.129,-2.344,-800.0,0.0
2459,-7.129,-0.476,-800.0,0.0
2460,-7.137,1.305,-800.0,0.0
2461,-7.15,2.56,-800.0,0.0
2462,-7.166,3.55,-800.0,0.0
2463,-7.189,4.78,-800.0,0.0
2464,-7.22,6.253,-800.0,0.0
2465,-7.26,7.484,-800.0,0.0
2466,-7.302,8.035,-800.0,0.0
2467,-7.345,8.168,-800.0,0.0
2468,-7.39,8.342,-800.0,0.0
2469,-7.437,8.395,-800.0,0.0
2470,-7.484,7.948,-800.0,0.0
2471,-7.525,6.88,-800.0,0.0
2472,-7.559,5.515,-800.0,0.0
2473,-7.586,4.442,-800.0,0.0
2474,-7.61,3.939,-800.0,0.0
2475,-7.634,3.951,-800.0,0.0
2476,-7.658,4.16,-800.0,0.0
2477,-7.681,4.314,-800.0,0.0
2478,-7.706,4.708,-800.0,0.0
2479,-7.735,5.608,-800.0,0.0
2480,-7.77,6.709,-800.0,0.0
2481,-7.811,7.688,-800.0,0.0
2482,-7.855,8.447,-800.0,0.0
2483,-7.902,9.053,-800.0,0.0
2484,-7.95,9.882,-800.0,0.0
2485,-8.006,11.257,-800.0,0.0
2486,-8.07,13.067,-800.0,0.0
2487,-8.143,15.077,-800.0,0.0
2488,-8.226,17.318,-800.0,0.0
2489,-8.321,20.006,-800.0,0.0
2490,-8.431,23.277,-800.0,0.0
2491,-8.559,27.149,-800.0,0.0
2492,-8.708,31.497,-800.0,0.0
2493,-8.88,36.045,-800.0,0.0
2494,-9.074,40.684,-800.0,0.0
2495,-9.291,45.649,-800.0,0.0
2496,-9.535,51.185,-800.0,0.0
2497,-9.809,57.187,-800.0,0.0
2498,-10.114,63.406,-800.0,0.0
2499,-10.452,69.724,-800.0,0.0
2500,-10.822,75.938,-800.0,0.0
2501,-11.223,81.862,-800.0,0.0
2502,-11.654,87.503,-800.0,0.0
2503,-12.116,92.714,-800.0,0.0
2504,-12.605,96.994,-800.0,0.0
2505,-13.111,99.896,-800.0,0.0
2506,-13.629,101.5,-800.0,0.0
2507,-14.154,102.069,-800.0,0.0
2508,-14.675,101.763,-800.0,0.0
2509,-15.197,100.843,-800.0,0.0
2510,-15.715,99.471,-800.0,0.0
2511,-16.226,97.52,-800.0,0.0
2512,-16.726,94.964,-800.0,0.0
2513,-17.211,92.129,-800.0,0.0
2514,-17.683,89.441,-800.0,0.0
2515,-18.143,87.156,-800.0,0.0
2516,-18.594,85.307,-800.0,0.0
2517,-19.038,83.74,-800.0,0.0
2518,-19.475,82.159,-800.0,0.0
2519,-19.904,80.357,-800.0,0.0
2520,-20.323,78.36,-800.0,0.0
2521,-20.733,76.31,-800.0,0.0
2522,-21.133,74.322,-800.0,0.0
2523,-21.524,72.321,-800.0,0.0
2524,-21.906,70.104,-800.0,0.0
2525,-22.275,67.567,-800.0,0.0
2526,-22.632,64.731,-800.0,0.0
2527,-22.975,61.59,-800.0,0.0
2528,-23.303,57.902,-800.0,0.0
2529,-23.61,53.274,-800.0,0.0
2530,-23.89,47.379,-800.0,0.0
2531,-24.134,40.066,-800.0,0.0
2532,-24.338,31.517,-800.0,0.0
2533,-24.495,22.175,-800.0,0.0
2534,-24.603,12.671,-800.0,0.0
2535,-24.663,3.951,-800.0,0.0
2536,-24.685,-3.005,-800.0,0.0
2537,-24.679,-7.672,-800.0,0.0
2538,-24.658,-10.115,-800.0,0.0
2539,-24.631,-10.776,-800.0,0.0
2540,-24.604,-10.141,-800.0,0.0
2541,-24.582,-8.607,-800.0,0.0
2542,-24.569,-6.442,-800.0,0.0
2543,-24.57,-3.849,-800.0,0.0
2544,-24.585,-1.197,-800.0,0.0
2545,-24.612,1.048,-800.0,0.0
2546,-24.648,2.557,-800.0,0.0
2547,-24.69,3.265,-800.0,0.0
2548,-24.732,3.361,-800.0,0.0
2549,-24.773,3.127,-800.0,0.0
2550,-24.813,2.759,-800.0,0.0
2551,-24.852,2.219,-800.0,0.0
2552,-24.887,1.364,-800.0,0.0
2553,-24.916,0.2,-800.0,0.0
2554,-24.938,-1.045,-800.0,0.0
2555,-24.953,-2.011,-800.0,0.0
2556,-24.965,-2.355,-800.0,0.0
2557,-24.978,-1.957,-800.0,0.0
2558,-24.995,-1.006,-800.0,0.0
2559,-25.019,0.1,-800.0,0.0
2560,-25.048,0.916,-800.0,0.0
2561,-25.079,1.178,-800.0,0.0
2562,-25.109,0.935,-800.0,0.0
2563,-25.136,0.491,-800.0,0.0
2564,-25.161,0.208,-800.0,0.0
2565,-25.186,0.27,-800.0,0.0
2566,-25.213,0.585,-800.0,0.0
2567,-25.242,0.915,-800.0,0.0
2568,-25.272,1.013,-800.0,0.0
2569,-25.301,0.74,-800.0,0.0
2570,-25.327,0.182,-800.0,0.0
2571,-25.35,-0.409,-800.0,0.0
2572,-25.37,-0.795,-800.0,0.0
2573,-25.389,-0.859,-800.0,0.0
2574,-25.41,-0.626,-800.0,0.0
2575,-25.432,-0.25,-800.0,0.0
2576,-25.456,0.071,-800.0,0.0
2577,-25.482,0.185,-800.0,0.0
2578,-25.506,0.055,-800.0,0.0
2579,-25.529,-0.201,-800.0,0.0
2580,-25.55,-0.381,-800.0,0.0
2581,-25.572,-0.35,-800.0,0.0
2582,-25.594,-0.118,-800.0,0.0
2583,-25.618,0.175,-800.0,0.0
2584,-25.644,0.315,-800.0,0.0
2585,-25.669,0.18,-800.0,0.0
2586,-25.692,-0.167,-800.0,0.0
2587,-25.713,-0.542,-800.0,0.0
2588,-25.731,-0.719,-800.0,0.0
2589,-25.75,-0.55,-800.0,0.0
2590,-25.772,-0.088,-800.0,0.0
2591,-25.797,0.468,-800.0,0.0
2592,-25.825,0.909,-800.0,0.0
2593,-25.854,1.08,-800.0,0.0
2594,-25.882,0.936,-800.0,0.0
2595,-25.909,0.55,-800.0,0.0
2596,-25.932,0.084,-800.0,0.0
2597,-25.954,-0.27,-800.0,0.0
2598,-25.974,-0.385,-800.0,0.0
2599,-25.996,-0.246,-800.0,0.0
2600,-26.018,0.017,-800.0,0.0
2601,-26.042,0.215,-800.0,0.0
2602,-26.067,0.228,-800.0,0.0
2603,-26.09,0.048,-800.0,0.0
2604,-26.112,-0.226,-800.0,0.0
2605,-26.132,-0.43,-800.0,0.0
2606,-26.152,-0.428,-800.0,0.0
2607,-26.172,-0.203,-800.0,0.0
2608,-26.195,0.125,-800.0,0.0
2609,-26.219,0.372,-800.0,0.0
2610,-26.244,0.404,-800.0,0.0
2611,-26.268,0.209,-800.0,0.0
2612,-26.29,-0.106,-800.0,0.0
2613,-26.311,-0.4,-800.0,0.0
2614,-26.33,-0.59,-800.0,0.0
2615,-26.349,-0.652,-800.0,0.0
2616,-26.367,-0.583,-800.0,0.0
2617,-26.387,-0.41,-800.0,0.0
2618,-26.408,-0.204,-800.0,0.0
2619,-26.43,-0.057,-800.0,0.0
2620,-26.452,-0.043,-800.0,0.0
2621,-26.473,-0.161,-800.0,0.0
2622,-26.494,-0.324,-800.0,0.0
2623,-26.513,-0.455,-800.0,0.0
2624,-26.532,-0.523,-800.0,0.0
2625,-26.551,-0.532,-800.0,0.0
2626,-26.57,-0.511,-800.0,0.0
2627,-26.588,-0.477,-800.0,0.0
2628,-26.607,-0.402,-800.0,0.0
2629,-26.627,-0.25,-800.0,0.0
2630,-26.648,-0.006,-800.0,0.0
2631,-26.67,0.28,-800.0,0.0
2632,-26.693,0.522,-800.0,0.0
2633,-26.718,0.682,-800.0,0.0
2634,-26.743,0.72,-800.0,0.0
2635,-26.768,0.64,-800.0,0.0
2636,-26.791,0.499,-800.0,0.0
2637,-26.815,0.327,-800.0,0.0
2638,-26.837,0.148,-800.0,0.0
2639,-26.858,-0.01,-800.0,0.0
2640,-26.878,-0.104,-800.0,0.0
2641,-26.898,-0.051,-800.0,0.0
2642,-26.919,0.19,-800.0,0.0
2643,-26.942,0.572,-800.0,0.0
2644,-26.966,0.999,-800.0,0.0
2645,-26.994,1.415,-800.0,0.0
2646,-27.023,1.745,-800.0,0.0
2647,-27.053,1.847,-800.0,0.0
2648,-27.083,1.706,-800.0,0.0
2649,-27.112,1.38,-800.0,0.0
2650,-27.138,0.912,-800.0,0.0
2651,-27.161,0.434,-800.0,0.0
2652,-27.183,0.06,-800.0,0.0
2653,-27.202,-0.193,-800.0,0.0
2654,-27.22,-0.297,-800.0,0.0
2655,-27.24,-0.153,-800.0,0.0
2656,-27.26,0.174,-800.0,0.0
2657,-27.282,0.404,-800.0,0.0
2658,-27.306,0.47,-800.0,0.0
2659,-27.329,0.474,-800.0,0.0
2660,-27.352,0.37,-800.0,0.0
2661,-27.372,0.1,-800.0,0.0
2662,-27.391,-0.194,-800.0,0.0
2663,-27.409,-0.276,-800.0,0.0
2664,-27.428,-0.138,-800.0,0.0
2665,-27.448,0.108,-800.0,0.0
2666,-27.47,0.35,-800.0,0.0
2667,-27.492,0.456,-800.0,0.0
2668,-27.514,0.39,-800.0,0.0
2669,-27.535,0.223,-800.0,0.0
2670,-27.555,0.093,-800.0,0.0
2671,-27.575,0.073,-800.0,0.0
2672,-27.595,0.125,-800.0,0.0
2673,-27.614,0.226,-800.0,0.0
2674,-27.635,0.422,-800.0,0.0
2675,-27.659,0.742,-800.0,0.0
2676,-27.683,0.96,-800.0,0.0
2677,-27.708,0.859,-800.0,0.0
2678,-27.731,0.533,-800.0,0.0
2679,-27.751,0.149,-800.0,0.0
2680,-27.77,-0.186,-800.0,0.0
2681,-27.787,-0.427,-800.0,0.0
2682,-27.802,-0.533,-800.0,0.0
2683,-27.819,-0.418,-800.0,0.0
2684,-27.837,-0.136,-800.0,0.0
2685,-27.857,0.116,-800.0,0.0
2686,-27.877,0.228,-800.0,0.0
2687,-27.897,0.187,-800.0,0.0
2688,-27.916,0.094,-800.0,0.0
2689,-27.935,0.107,-800.0,0.0
2690,-27.954,0.191,-800.0,0.0
2691,-27.974,0.289,-800.0,0.0
2692,-27.995,0.452,-800.0,0.0
2693,-28.017,0.531,-800.0,0.0
2694,-28.038,0.434,-800.0,0.0
2695,-28.058,0.332,-800.0,0.0
2696,-28.079,0.33,-800.0,0.0
2697,-28.099,0.396,-800.0,0.0
2698,-28.12,0.43,-800.0,0.0
2699,-28.141,0.326,-800.0,0.0
2700,-28.161,0.047,-800.0,0.0
2701,-28.178,-0.334,-800.0,0.0
2702,-28.194,-0.63,-800.0,0.0
2703,-28.209,-0.7,-800.0,0.0
2704,-28.225,-0.648,-800.0,0.0
2705,-28.239,-0.67,-800.0,0.0
2706,-28.254,-0.756,-800.0,0.0
2707,-28.268,-0.799,-800.0,0.0
2708,-28.282,-0.775,-800.0,0.0
2709,-28.296,-0.65,-800.0,0.0
2710,-28.311,-0.379,-800.0,0.0
2711,-28.328,-0.019,-800.0,0.0
2712,-28.347,0.313,-800.0,0.0
2713,-28.367,0.527,-800.0,0.0
2714,-28.388,0.613,-800.0,0.0
2715,-28.409,0.594,-800.0,0.0
2716,-28.43,0.47,-800.0,0.0
2717,-28.45,0.205,-800.0,0.0
2718,-28.468,-0.19,-800.0,0.0
2719,-28.483,-0.614,-800.0,0.0
2720,-28.496,-0.943,-800.0,0.0
2721,-28.508,-1.122,-800.0,0.0
2722,-28.52,-1.126,-800.0,0.0
2723,-28.532,-0.952,-800.0,0.0
2724,-28.545,-0.661,-800.0,0.0
2725,-28.56,-0.347,-800.0,0.0
2726,-28.577,-0.096,-800.0,0.0
2727,-28.595,0.023,-800.0,0.0
2728,-28.613,-0.093,-800.0,0.0
2729,-28.629,-0.507,-800.0,0.0
2730,-28.641,-1.106,-800.0,0.0
2731,-28.651,-1.64,-800.0,0.0
2732,-28.658,-1.853,-800.0,0.0
2733,-28.665,-1.619,-800.0,0.0
2734,-28.676,-1.034,-800.0,0.0
2735,-28.69,-0.348,-800.0,0.0
2736,-28.708,0.173,-800.0,0.0
2737,-28.727,0.352,-800.0,0.0
2738,-28.746,0.16,-800.0,0.0
2739,-28.762,-0.272,-800.0,0.0
2740,-28.776,-0.774,-800.0,0.0
2741,-28.787,-1.185,-800.0,0.0
2742,-28.797,-1.395,-800.0,0.0
2743,-28.806,-1.448,-800.0,0.0
2744,-28.816,-1.463,-800.0,0.0
2745,-28.825,-1.531,-800.0,0.0
2746,-28.833,-1.698,-800.0,0.0
2747,-28.841,-1.988,-800.0,0.0
2748,-28.847,-2.448,-800.0,0.0
2749,-28.849,-3.104,-800.0,0.0
2750,-28.848,-3.901,-800.0,0.0
2751,-28.843,-4.734,-800.0,0.0
2752,-28.833,-5.5,-800.0,0.0
2753,-28.82,-6.174,-800.0,0.0
2754,-28.804,-6.805,-800.0,0.0
2755,-28.785,-7.469,-800.0,0.0
2756,-28.763,-8.33,-800.0,0.0
2757,-28.735,-9.528,-800.0,0.0
2758,-28.7,-11.069,-800.0,0.0
2759,-28.656,-12.878,-800.0,0.0
2760,-28.603,-14.859,-800.0,0.0
2761,-28.539,-16.927,-800.0,0.0
2762,-28.464,-18.998,-800.0,0.0
2763,-28.38,-20.982,-800.0,0.0
2764,-28.286,-22.862,-800.0,0.0
2765,-28.182,-24.703,-800.0,0.0
2766,-28.069,-26.559,-800.0,0.0
2767,-27.946,-28.445,-800.0,0.0
2768,-27.814,-30.342,-800.0,0.0
2769,-27.672,-32.246,-800.0,0.0
2770,-27.52,-34.232,-800.0,0.0
2771,-27.358,-36.423,-800.0,0.0
2772,-27.185,-38.895,-800.0,0.0
2773,-26.997,-41.666,-800.0,0.0
2774,-26.795,-44.737,-800.0,0.0
2775,-26.575,-47.989,-800.0,0.0
2776,-26.339,-51.216,-800.0,0.0
2777,-26.086,-54.263,-800.0,0.0
2778,-25.819,-57.046,-800.0,0.0
2779,-25.538,-59.552,-800.0,0.0
2780,-25.245,-61.829,-800.0,0.0
2781,-24.941,-63.895,-800.0,0.0
2782,-24.626,-65.765,-800.0,0.0
2783,-24.302,-67.551,-800.0,0.0
2784,-23.969,-69.394,-800.0,0.0
2785,-23.626,-71.3,-800.0,0.0
2786,-23.273,-73.208,-800.0,0.0
2787,-22.909,-75.099,-800.0,0.0
2788,-22.536,-76.993,-800.0,0.0
2789,-22.152,-78.909,-800.0,0.0
2790,-21.758,-80.827,-800.0,0.0
2791,-21.353,-82.706,-800.0,0.0
2792,-20.939,-84.516,-800.0,0.0
2793,-20.515,-86.214,-800.0,0.0
2794,-20.082,-87.766,-800.0,0.0
2795,-19.641,-89.112,-800.0,0.0
2796,-19.193,-90.152,-800.0,0.0
2797,-18.74,-90.859,-800.0,0.0
2798,-18.283,-91.288,-800.0,0.0
2799,-17.824,-91.441,-800.0,0.0
2800,-17.364,-91.287,-800.0,0.0
2801,-16.905,-90.85,-800.0,0.0
2802,-16.448,-90.173,-800.0,0.0
2803,-15.994,-89.291,-800.0,0.0
2804,-15.544,-88.223,-751.538,0.0
2805,-15.1,-86.986,-696.03,0.0
2806,-14.662,-85.64,-644.666,0.0
2807,-14.23,-84.362,-592.679,0.0
2808,-13.803,-83.318,-535.42,0.0
2809,-13.38,-82.421,-475.079,0.0
2810,-12.96,-81.547,-414.898,0.0
2811,-12.544,-80.745,-353.457,0.0
2812,-12.131,-80.024,-290.461,0.0
2813,-11.721,-79.312,-227.878,0.0
2814,-11.315,-78.575,-166.629,0.0
2815,-10.912,-77.843,-105.878,0.0
2816,-10.511,-77.152,-44.566,0.0
2817,-10.113,-76.467,16.397,0.0
2818,-9.717,-75.695,74.554,0.0
2819,-9.325,-74.745,127.298,0.0
2820,-8.938,-73.549,172.6,0.0
2821,-8.557,-72.066,209.062,0.0
2822,-8.184,-70.339,237.428,0.0
2823,-7.82,-68.524,239.25,0.0
2824,-7.465,-66.781,294.885,0.0
2825,-7.12,-65.429,318.672,0.0
2826,-6.778,-64.972,374.578,0.0
2827,-6.431,-65.19,449.334,0.0
2828,-6.081,-64.918,511.65,0.0
2829,-5.735,-63.2,534.927,0.0
2830,-5.401,-59.759,510.11,0.0
2831,-5.089,-54.656,436.911,0.0
2832,-4.808,-48.083,318.565,0.0
2833,-4.564,-40.496,165.956,0.0
2834,-4.36,-32.583,-3.188,0.0
2835,-4.196,-24.909,-173.843,0.0
2836,-4.067,-17.831,-335.866,0.0
2837,-3.971,-11.326,-489.022,0.0
2838,-3.905,-4.839,-647.834,0.0
2839,-3.872,2.223,-800.0,0.0
2840,-3.878,10.086,-800.0,0.0
2841,-3.927,18.585,-800.0,0.0
2842,-4.02,27.189,-800.0,0.0
2843,-4.156,35.322,-800.0,0.0
2844,-4.331,42.619,-800.0,0.0
2845,-4.539,48.988,-800.0,0.0
2846,-4.777,54.61,-800.0,0.0
2847,-5.042,59.734,-800.0,0.0
2848,-5.332,64.498,-800.0,0.0
2849,-5.649,68.728,-800.0,0.0
2850,-5.985,71.81,-800.0,0.0
2851,-6.332,73.314,-800.0,0.0
2852,-6.684,73.585,-800.0,0.0
2853,-7.037,73.121,-800.0,0.0
2854,-7.388,71.87,-800.0,0.0
2855,-7.731,69.525,-800.0,0.0
2856,-8.061,66.05,-800.0,0.0
2857,-8.372,61.636,-800.0,0.0
2858,-8.66,56.394,-800.0,0.0
2859,-8.909,50.519,-800.0,0.0
2860,-9.137,44.906,-800.0,0.0
2861,-9.34,40.174,-800.0,0.0
2862,-9.525,35.517,-800.0,0.0
2863,-9.689,30.037,-800.0,0.0
2864,-9.821,23.098,-800.0,0.0
2865,-9.91,14.38,-800.0,0.0
2866,-9.95,4.825,-800.0,0.0
2867,-9.941,-4.439,-800.0,0.0
2868,-9.887,-12.755,-800.0,0.0
2869,-9.795,-19.674,-800.0,0.0
2870,-9.673,-25.27,-800.0,0.0
2871,-9.526,-29.889,-800.0,0.0
2872,-9.356,-33.779,-800.0,0.0
2873,-9.168,-37.061,-800.0,0.0
2874,-8.965,-39.752,-728.357,0.0
2875,-8.75,-41.813,-630.979,0.0
2876,-8.526,-43.366,-545.451,0.0
2877,-8.295,-44.702,-464.07,0.0
2878,-8.056,-45.877,-362.923,0.0
2879,-7.812,-46.68,-324.585,0.0
2880,-7.566,-47.153,-254.227,0.0
2881,-7.318,-47.703,-167.863,0.0
2882,-7.066,-48.722,-122.157,0.0
2883,-6.805,-50.381,-17.521,0.0
2884,-6.533,-52.543,93.96,0.0
2885,-6.247,-54.692,207.715,0.0
2886,-5.951,-56.126,304.608,0.0
2887,-5.65,-56.342,370.078,0.0
2888,-5.352,-55.249,400.273,0.0
2889,-5.063,-53.142,424.328,0.0
2890,-4.786,-50.521,378.577,0.0
2891,-4.522,-47.736,411.147,0.0
2892,-4.272,-44.855,344.15,0.0
2893,-4.037,-41.957,322.96,0.0
2894,-3.817,-39.302,296.484,0.0
2895,-3.607,-37.083,279.4,0.0
2896,-3.405,-35.083,243.938,0.0
2897,-3.213,-32.832,253.874,0.0
2898,-3.034,-29.983,182.638,0.0
2899,-2.871,-26.514,132.024,0.0
2900,-2.727,-22.641,57.977,0.0
2901,-2.604,-18.499,-27.35,0.0
2902,-2.503,-14.249,-119.854,0.0
2903,-2.423,-10.273,-209.272,0.0
2904,-2.361,-6.881,-286.803,0.0
2905,-2.314,-4.116,-328.299,0.0
2906,-2.279,-1.94,-410.432,0.0
2907,-2.253,-0.266,-440.595,0.0
2908,-2.233,1.208,-453.342,0.0
2909,-2.222,2.879,-526.747,0.0
2910,-2.22,4.926,-571.695,0.0
2911,-2.23,7.273,-635.818,0.0
2912,-2.253,9.749,-706.127,0.0
2913,-2.289,12.226,-778.967,0.0
2914,-2.338,14.483,-800.0,0.0
2915,-2.397,16.256,-800.0,0.0
2916,-2.464,17.511,-800.0,0.0
2917,-2.535,18.183,-800.0,0.0
2918,-2.608,18.367,-800.0,0.0
2919,-2.683,18.314,-800.0,0.0
2920,-2.758,18.017,-800.0,0.0
2921,-2.829,17.473,-800.0,0.0
2922,-2.897,16.716,-800.0,0.0
2923,-2.962,15.881,-800.0,0.0
2924,-3.024,15.08,-800.0,0.0
2925,-3.083,13.981,-800.0,0.0
2926,-3.135,12.129,-800.0,0.0
2927,-3.175,9.501,-800.0,0.0
2928,-3.2,6.377,-800.0,0.0
2929,-3.208,2.934,-715.26,0.0
2930,-3.198,-0.613,-619.354,0.0
2931,-3.172,-4.031,-523.627,0.0
2932,-3.13,-7.452,-424.538,0.0
2933,-3.069,-11.023,-317.742,0.0
2934,-2.989,-14.488,-210.016,0.0
2935,-2.892,-17.531,-110.077,0.0
2936,-2.779,-19.894,-25.173,0.0
2937,-2.658,-21.296,36.209,0.0
2938,-2.532,-21.654,70.696,0.0
2939,-2.406,-21.108,58.732,0.0
2940,-2.285,-19.843,80.674,0.0
2941,-2.172,-18.014,45.665,0.0
2942,-2.07,-15.864,8.993,0.0
2943,-1.978,-13.666,-31.023,0.0
2944,-1.897,-11.457,-73.453,0.0
2945,-1.827,-9.164,-120.196,0.0
2946,-1.767,-6.716,-173.239,0.0
2947,-1.721,-3.951,-237.289,0.0
2948,-1.69,-0.79,-314.913,0.0
2949,-1.677,2.595,-401.958,0.0
2950,-1.681,5.857,-489.21,0.0
2951,-1.7,8.678,-567.725,0.0
2952,-1.731,11.034,-636.36,0.0
2953,-1.773,13.196,-702.047,0.0
2954,-1.827,15.338,-769.537,0.0
2955,-1.893,17.359,-800.0,0.0
2956,-1.968,18.99,-800.0,0.0
2957,-2.051,20.012,-800.0,0.0
2958,-2.137,20.372,-800.0,0.0
2959,-2.223,20.099,-800.0,0.0
2960,-2.305,19.333,-800.0,0.0
2961,-2.383,18.419,-800.0,0.0
2962,-2.456,17.792,-800.0,0.0
2963,-2.529,17.652,-800.0,0.0
2964,-2.603,17.854,-800.0,0.0
2965,-2.678,18.147,-800.0,0.0
2966,-2.755,18.335,-800.0,0.0
2967,-2.833,18.356,-800.0,0.0
2968,-2.91,18.353,-800.0,0.0
2969,-2.989,18.432,-800.0,0.0
2970,-3.068,18.461,-800.0,0.0
2971,-3.146,18.348,-800.0,0.0
2972,-3.224,18.297,-800.0,0.0
2973,-3.304,18.288,-800.0,0.0
2974,-3.382,17.921,-800.0,0.0
2975,-3.457,17.224,-800.0,0.0
2976,-3.529,16.364,-800.0,0.0
2977,-3.594,15.31,-800.0,0.0
2978,-3.655,14.341,-800.0,0.0
2979,-3.713,13.52,-800.0,0.0
2980,-3.769,12.537,-800.0,0.0
2981,-3.816,11.139,-800.0,0.0
2982,-3.856,9.506,-800.0,0.0
2983,-3.888,7.921,-800.0,0.0
2984,-3.911,6.286,-800.0,0.0
2985,-3.928,4.735,-800.0,0.0
2986,-3.938,3.276,-800.0,0.0
2987,-3.94,1.665,-800.0,0.0
2988,-3.932,0.041,-782.579,0.0
2989,-3.917,-1.382,-741.821,0.0
2990,-3.896,-2.475,-708.619,0.0
2991,-3.871,-3.25,-683.197,0.0
2992,-3.843,-4.059,-656.11,0.0
2993,-3.809,-5.204,-619.057,0.0
2994,-3.768,-6.672,-572.01,0.0
2995,-3.718,-8.273,-519.737,0.0
2996,-3.661,-9.679,-471.099,0.0
2997,-3.598,-10.677,-432.023,0.0
2998,-3.529,-11.29,-402.229,0.0
2999,-3.459,-11.451,-383.933,0.0
3000,-3.39,-11.022,-381.543,0.0
3001,-3.324,-10.065,-393.893,0.0
3002,-3.264,-8.771,-416.315,0.0
3003,-3.211,-7.273,-445.47,0.0
3004,-3.166,-5.641,-479.696,0.0
3005,-3.129,-3.925,-517.824,0.0
3006,-3.101,-2.215,-557.568,0.0
3007,-3.082,-0.596,-596.642,0.0
3008,-3.07,0.813,-631.574,0.0
3009,-3.064,2.105,-664.638,0.0
3010,-3.064,3.655,-705.882,0.0
3011,-3.076,5.502,-757.023,0.0
3012,-3.096,7.348,-800.0,0.0
3013,-3.124,8.978,-800.0,0.0
3014,-3.161,10.421,-800.0,0.0
3015,-3.205,11.712,-800.0,0.0
3016,-3.255,12.765,-800.0,0.0
3017,-3.31,13.632,-800.0,0.0
3018,-3.37,14.266,-800.0,0.0
3019,-3.431,14.472,-800.0,0.0
