#{"t_start": 1736919827.828591, "env_id": "BicycleBalance-v0"}
r,l,t
-9.40012,8,0.146592
-8.335399,11,0.15859
0.883718,25,0.18059
-7.404417,14,0.19259
-3.677579,14,0.206591
-8.648274,6,0.21159
-2.982765,25,0.23159
-2.056364,21,0.249606
-11.921223,9,0.256592
-9.972594,10,0.265605
-7.999496,9,0.273594
-5.282502,11,0.282595
-6.003216,13,0.295597
-7.331312,8,0.3026
-10.783943,8,0.31261
-9.414688,10,0.322609
-4.573666,18,0.33961
-8.163606,8,0.347609
-11.175301,10,0.355612
-10.030565,14,0.367624
-11.75204,9,0.375611
-11.03883,13,0.386613
-3.834028,12,0.396611
-7.562111,11,0.410608
-7.182823,11,0.419611
-5.097749,12,0.431614
-6.075299,13,0.442607
-6.775436,14,0.455608
-11.402337,11,0.465607
-3.025821,16,0.487432
-8.920798,8,0.493433
-10.337756,8,0.500428
-9.533215,7,0.506428
-6.439871,10,0.518429
2.9857,21,0.538429
-4.510476,14,0.550503
-10.014952,10,0.560432
-7.992775,7,0.566433
-6.321559,9,0.574432
-7.910458,13,0.585432
-5.418681,10,0.594445
-4.749538,16,0.606432
-5.20613,15,0.622432
-4.644203,13,0.634431
-1.868832,25,0.658434
-9.432962,8,0.667429
-9.163303,8,0.67543
-3.138324,17,0.69243
-4.641603,14,0.704431
1.451844,29,0.738431
-12.300319,10,0.751429
-8.316608,10,0.761429
-11.207822,9,0.77143
-1.917449,15,0.78914
-2.206485,16,0.805155
-3.85389,13,0.817264
-6.026954,9,0.827248
-5.160781,10,0.836247
-8.627548,13,0.84725
-8.704128,9,0.854247
-7.630244,14,0.867024
-6.995363,13,0.886683
-8.050142,9,0.894686
-7.145271,10,0.901685
-7.376905,11,0.910687
10.10492,32,0.939687
-11.776905,11,0.948683
-10.305533,10,0.956687
-10.326013,9,0.963689
-9.582639,8,0.970696
-5.901499,14,0.984683
-6.037588,13,0.995684
-5.350255,9,1.002688
-6.997364,10,1.010685
-8.972265,12,1.020683
-2.906999,17,1.038686
-11.573207,9,1.048686
-2.267115,19,1.066685
-9.879167,8,1.073687
0.847043,21,1.092683
-3.688387,12,1.101683
-9.261776,11,1.111683
-8.63935,13,1.122683
-8.337808,10,1.132684
-8.840928,8,1.138791
-4.630408,12,1.150025
-12.336572,10,1.160026
-6.920829,10,1.170027
-4.019415,11,1.179025
-1.217656,14,1.192026
-7.808373,8,1.19804
-12.089342,11,1.206027
-5.346547,14,1.220026
-0.499492,16,1.23803
-8.864454,15,1.251029
-4.637442,16,1.267025
-3.588882,12,1.277025
-10.281494,9,1.285025
-5.862105,15,1.299025
-8.029706,14,1.310024
-3.049198,14,1.320025
-7.550189,6,1.325025
-5.290676,11,1.333025
-8.48352,13,1.346026
-8.295969,10,1.354026
-1.418921,18,1.372034
-6.884508,14,1.383026
-5.922858,14,1.395027
-1.966813,15,1.408031
-8.018561,9,1.416029
3.263151,23,1.436025
-5.243354,16,1.452027
-4.68403,14,1.463025
-8.586311,12,1.473027
-6.002669,8,1.479025
-0.203909,18,1.493027
-8.307831,9,1.500027
-7.585126,14,1.513028
-4.865287,16,1.525025
-8.106942,9,1.533037
-13.429673,16,1.550025
-6.752333,18,1.567026
-11.500519,11,1.576027
-7.004163,13,1.589025
-4.050685,19,1.605025
-10.526639,13,1.616026
-1.140315,21,1.634027
-0.791272,18,1.65204
-8.688367,9,1.660028
-7.558513,13,1.670026
-8.813785,9,1.680026
-6.149672,13,1.690025
-5.792072,9,1.697029
-8.889015,10,1.705025
-2.761985,19,1.721683
-3.042838,13,1.734396
-8.553664,13,1.750588
-6.674162,13,1.765586
-9.804028,9,1.775589
-7.375055,11,1.789174
-7.086156,11,1.803172
-8.737404,8,1.812187
-6.383633,8,1.819173
-4.023987,25,1.841416
-10.759999,9,1.851414
-8.970346,11,1.861416
-8.528771,10,1.870415
-2.50206,13,1.882414
-3.576992,12,1.893416
-9.512224,8,1.901415
-10.38775,14,1.916266
2.024906,23,1.935589
-10.734369,11,1.943587
-5.947712,10,1.954585
-7.338634,12,1.96626
-12.7962,10,1.975474
-9.896081,10,1.985664
-5.45555,17,2.001349
-8.52439,8,2.00902
-2.742028,20,2.027242
-7.174593,11,2.037242
-8.434908,17,3.107244
-16.536016,17,3.123241
-6.580856,10,3.132242
-8.205588,16,3.145792
-9.234232,5,3.150792
1.072105,17,3.164303
-6.397581,10,3.174452
-9.040419,7,3.180452
-7.851523,10,3.192332
-9.990804,6,3.202836
-11.524358,9,3.21292
-3.286106,15,3.23092
-8.368686,14,3.246847
-9.559994,7,3.252848
-7.240484,9,3.262285
-6.295724,10,3.270865
-0.577817,18,3.287736
-8.493744,23,3.312557
-2.445362,18,3.33122
-7.304168,12,3.341556
-6.12267,11,3.35307
-8.124161,9,3.361073
-9.914811,8,3.367074
-11.519851,9,3.374074
-8.054346,7,3.379072
-7.289805,13,3.389072
-8.778639,10,3.397074
3.679486,22,3.42007
-9.323979,11,3.431072
-0.743607,20,3.451071
-8.89041,9,3.459071
-9.626123,19,3.475089
-10.825792,8,3.48107
-1.549047,18,3.496071
-5.643599,9,3.505072
-7.59287,11,3.515072
-9.872478,10,3.523075
-2.292041,17,3.538085
-5.892556,14,3.550072
-11.201972,11,3.56007
-6.196218,10,3.568068
-7.92768,8,3.575069
-10.854311,12,3.587069
-8.224422,7,3.593646
-8.69609,9,3.610947
-4.816735,16,3.623943
-7.49579,9,3.631941
-7.943121,8,3.639941
-8.538699,9,3.648941
-7.576864,8,3.655941
-9.772237,9,3.66294
-2.669064,12,3.673941
-8.11117,14,3.686943
-4.451261,13,3.698943
-6.325371,9,3.707943
-8.12509,15,3.724961
1.19038,23,3.744945
-3.142011,17,3.760946
-9.954936,13,3.771946
-8.298255,10,3.779944
-5.590768,13,3.79057
-10.887623,10,3.798582
-7.025368,15,3.811566
-8.728093,10,3.821565
-5.950662,18,3.837565
-8.765995,7,3.842565
-7.012161,9,3.851241
-5.367419,19,3.868902
-5.250765,13,3.881636
-7.306465,13,3.894814
-7.044615,7,3.901814
-5.308686,13,3.917433
-8.919165,11,3.929467
-5.029766,12,3.941469
-9.486617,7,3.949355
0.792074,18,3.966434
-6.541315,13,3.97851
-8.133864,7,3.985626
-7.633473,8,3.992626
-7.235638,9,4.001277
-5.764957,10,4.010375
-6.808164,16,4.025402
0.731019,20,4.0424
-8.006362,9,4.050402
-6.659721,11,4.060417
-6.268398,19,4.076401
-10.142267,13,4.088399
-11.244643,8,4.095401
-10.967711,8,4.101398
-10.489063,12,4.111403
-8.561286,10,4.119869
-6.270344,13,4.133729
-9.708503,12,4.144268
-5.130693,12,4.156266
-3.029316,17,4.172266
-1.876204,16,4.184813
-7.176312,12,4.194964
-4.93841,17,4.208964
-3.755771,12,4.217964
-10.081134,7,4.226965
-7.670452,9,4.233965
-6.684271,10,4.243986
-7.802709,10,4.253965
-8.124606,13,4.267965
-9.070431,7,4.274964
-6.138937,13,4.286964
-7.994358,12,4.296966
-2.52483,16,4.31073
-8.855985,7,4.317302
-10.483739,17,4.334299
2.178344,19,4.349299
-6.5036,12,4.358306
-12.328315,15,4.371299
-7.350251,12,4.381301
-5.966398,12,4.391299
-8.047626,13,4.403301
-4.724644,11,4.414303
-9.631613,7,4.419302
-7.411058,8,4.427313
-8.862264,9,4.436299
-1.981461,18,4.451303
-3.960164,18,4.466303
-5.848757,11,4.476302
-8.039526,10,4.486311
-2.098855,19,4.504311
-2.219789,18,4.522302
-5.409994,12,4.535302
-7.355176,10,4.543305
-5.860026,15,4.5583
-12.21958,11,4.570302
-6.373482,15,4.583301
-0.736173,22,4.605539
-9.411157,12,4.619478
-1.938257,17,4.638477
-8.325686,18,4.657347
-2.557355,12,4.669094
-9.62788,9,4.679308
-9.255133,5,4.68455
-10.062618,12,4.696091
-5.342251,18,4.713668
-6.440213,12,4.723667
-6.883328,9,4.733056
-1.693121,22,4.756741
-10.743652,11,4.76774
-8.977916,11,4.77774
-7.608004,7,4.783295
-9.669296,12,4.793299
-10.308238,11,4.802299
-12.004551,9,4.811301
-7.512268,12,4.821298
-9.330626,7,4.827298
-7.816283,14,4.838299
-8.957207,6,4.845301
-7.865036,11,4.854299
-5.552781,12,4.864299
-7.372224,9,4.872299
-9.392705,12,4.8833
-7.066521,12,4.893298
-9.773896,9,4.900303
-6.348822,8,4.906302
-7.619512,9,4.914302
-6.044701,8,4.920301
-9.056375,14,4.933363
-13.733104,16,4.950911
-8.149085,12,4.962201
-4.914326,12,4.977264
-9.325079,9,4.986264
-7.511914,13,4.999266
-10.459631,11,5.010262
-8.86987,6,5.952952
-6.888986,14,5.96595
-13.418347,18,5.983952
-4.261621,16,5.99895
-5.556183,15,6.00995
-4.379564,16,6.02395
-10.567724,9,6.03195
-5.745503,13,6.04195
-9.48722,8,6.048949
-1.51873,18,6.06395
-7.184717,10,6.076969
-7.491976,10,6.08595
-3.430357,15,6.100951
-5.106482,12,6.112951
-9.16918,11,6.122951
-4.332737,12,6.133951
-6.01556,18,6.149506
-7.633409,11,6.158505
-0.21372,23,6.181505
-0.763259,20,6.199505
-3.23372,14,6.211176
-4.974481,15,6.224378
-8.728235,6,6.23138
-8.572428,7,6.237379
-9.046132,5,6.241379
4.702455,25,6.262381
-9.879722,10,6.27138
0.493168,20,6.293381
-7.741308,7,6.301691
-6.24318,13,6.314233
-2.489366,15,6.33057
-7.107061,12,6.343564
-0.11914,21,6.364581
-4.651494,12,6.375569
1.58656,25,6.401867
-10.282951,10,6.413829
4.832541,25,6.442878
-9.114347,10,6.45368
-8.613292,6,6.458681
-12.079987,13,6.47168
-7.477914,10,6.481103
-7.118018,14,6.497812
-8.347971,10,6.508232
-9.566174,6,6.514164
-7.821496,12,6.524498
-4.620502,13,6.538335
-7.836989,9,6.546575
-1.690213,17,6.561576
1.566906,25,6.581575
-8.457319,10,6.591574
-11.097203,8,6.598573
-6.251513,14,6.610788
-6.589154,8,6.617926
-2.200247,16,6.631926
-7.241145,12,6.641926
2.158942,19,6.662119
-9.259349,7,6.668628
-7.595043,11,6.679268
-3.153364,16,6.697268
-4.925265,19,6.715352
-9.553892,15,6.730554
-4.332282,14,6.744076
-5.490092,12,6.755123
-8.325818,15,6.770703
-1.613723,15,6.78537
-12.098301,17,6.804856
-2.991849,16,6.819053
-1.669523,19,6.835049
-5.18503,14,6.846053
-4.0358,22,6.864053
1.086768,21,6.881049
-0.223315,17,6.897052
-8.751229,9,6.904054
-6.860774,15,6.917049
-5.665234,15,6.92905
-8.12801,8,6.935055
-9.866266,9,6.942058
-8.76545,13,6.954051
-2.856361,19,6.969052
-9.230812,15,6.981066
-9.658891,7,6.987053
-6.066426,14,7.000072
-8.523527,21,7.017049
-6.131012,10,7.02505
-6.815352,13,7.037056
-6.11483,17,7.054056
-7.617043,13,7.066049
-11.753425,16,7.080051
-7.371886,8,7.08705
-4.825257,11,7.098051
-8.899581,14,7.11105
-5.265716,14,7.122453
-5.007628,10,7.131664
-7.744313,12,7.144206
-4.476703,13,7.156206
-7.411683,9,7.165208
-10.815626,10,7.175215
-7.076679,12,7.187206
-3.437691,16,7.20421
-8.223648,15,7.218206
-8.357319,10,7.227593
-9.234232,5,7.232596
-7.316668,10,7.240592
-11.077375,11,7.25059
-6.864112,12,7.261594
-9.599244,18,7.275591
-13.247826,10,7.284592
-1.052357,15,7.298591
-14.425423,13,7.313611
-4.765945,16,7.330592
-8.91948,15,7.344591
-7.820701,9,7.353609
-5.538079,10,7.36359
-4.430952,13,7.374592
-9.946509,9,7.382594
-7.753471,11,7.392592
-6.79834,19,7.411592
-6.761226,15,7.426594
-2.99053,18,7.444099
-7.671419,24,7.468249
-10.275097,18,7.486237
-10.580047,9,7.495235
-9.114131,12,7.506238
-6.976999,18,7.52624
-9.112442,12,7.537235
-6.703058,11,7.549235
-3.511031,12,7.564236
-7.924302,12,7.575235
-4.542366,15,7.588237
-8.117086,13,7.600235
-7.209941,11,7.609129
-9.073964,10,7.620132
-10.114992,10,7.628134
-7.075269,17,7.642134
-5.984667,16,7.655138
-10.729049,11,7.664134
-8.924871,8,7.670132
-3.412487,15,7.683132
-3.144573,13,7.693133
-7.781955,15,7.706132
-7.427125,13,7.718133
-10.87778,14,7.731135
-9.293307,10,7.740132
-7.246764,9,7.749132
-6.502618,8,7.756134
-9.280267,11,7.765136
-4.021847,20,7.784691
-2.612084,14,7.797691
-6.657519,11,7.80669
-5.607445,14,7.81969
-8.962185,11,7.82969
-7.932447,9,7.838691
-1.760624,24,7.859689
-7.087384,12,8.801982
-6.467579,16,8.815982
-8.889992,8,8.821983
-8.074817,11,8.830983
-4.988826,14,8.844994
-5.037983,13,8.858
-9.220593,18,8.875981
-7.622557,12,8.885983
-5.974446,10,8.894985
-4.550335,13,8.904985
-5.489742,15,8.917985
-7.927525,21,8.936981
-6.30759,27,8.963981
5.090248,23,8.982986
-8.561749,11,8.991984
-9.243418,11,9.001982
-2.304735,15,9.014995
-8.841437,14,9.027983
-5.113604,11,9.03598
0.191573,18,9.050587
-4.958543,12,9.065751
-8.040631,9,9.073751
-6.008415,11,9.083757
-8.878739,19,9.102753
-5.307454,16,9.117765
-1.136572,15,9.132753
-4.74498,19,9.151477
-8.117949,13,9.163465
-5.065827,12,9.174463
-10.097497,19,9.192474
-8.684845,11,9.203473
-6.226079,14,9.218516
-11.794173,8,9.226531
-4.614569,16,9.242463
-9.701323,15,9.256463
-5.870315,18,9.273466
-2.50594,24,9.296466
-6.882361,15,9.309463
-4.44813,13,9.32147
-9.565093,10,9.33147
-7.403103,12,9.341466
-8.511817,12,9.352464
-7.694539,10,9.363463
-4.982165,11,9.373467
-9.112234,7,9.380465
-5.938453,10,9.39052
-7.778046,13,9.404542
-3.118229,16,9.418466
-4.883831,18,9.436466
-9.534705,8,9.443463
-6.930511,8,9.45047
-10.380692,18,9.468467
-8.658704,16,9.484465
-8.850924,11,9.49654
-8.020172,10,9.505465
-13.881952,10,9.514465
-8.087469,8,9.520466
-3.042211,16,9.534463
-6.085793,13,9.545464
-7.11566,7,9.551466
-9.18965,10,9.558465
-10.464352,10,9.566465
-4.724078,22,9.587534
-8.841409,16,9.600463
-8.159295,19,9.617463
-6.299707,10,9.626463
-5.828391,22,9.643463
-1.870218,20,9.660467
-3.114737,15,9.675463
-1.87615,16,9.688463
-8.879967,16,9.704465
-8.112617,12,9.716463
-4.002962,11,9.726465
0.664114,18,9.741465
-5.748869,11,9.753465
-3.404003,14,9.766465
-12.020354,20,9.790159
-7.727528,17,9.808156
-7.583285,12,9.820371
-8.079003,16,9.835368
-7.508718,10,9.843369
-2.323647,21,9.863368
-3.543187,14,9.875369
-8.350023,11,9.88737
-9.21909,10,9.894371
-8.193417,13,9.90537
-2.751759,14,9.917369
-4.530684,29,9.940369
-9.20753,9,9.94937
-4.021103,21,9.967369
-5.352287,15,9.985369
-6.596752,10,9.994373
-11.790432,12,10.003371
-5.078146,15,10.018372
-10.172161,10,10.02637
-2.764201,19,10.04237
-2.863098,20,10.058368
-7.509795,17,10.075369
-3.276842,14,10.090369
-1.322538,22,10.109371
-8.18957,12,10.120369
-9.028114,11,10.129369
-6.883423,11,10.138911
-9.891104,24,10.15791
-8.70657,10,10.165913
-6.092175,20,10.182912
-7.205527,10,10.192911
-3.563889,14,10.203912
-5.597398,8,10.210912
-6.288749,11,10.220911
-2.752591,13,10.231911
-7.122911,20,10.248912
-4.309724,11,10.256927
-0.910812,18,10.272728
-8.644298,8,10.279734
-5.357246,21,10.299731
-7.915682,16,10.312941
-6.524963,12,10.325942
-7.072876,9,10.334941
-5.042182,14,10.346939
-5.436741,14,10.35894
-9.239789,11,10.366941
-4.590615,18,10.38094
-1.871199,21,10.401941
-7.995167,19,10.41766
-11.647877,12,10.433633
-7.883969,14,10.447637
-7.131855,11,10.458634
-1.954871,17,10.472651
-5.848852,11,10.481633
-10.310637,11,10.491634
-6.224359,9,10.501632
-4.297865,12,10.511632
-11.666425,10,10.520634
-6.726062,14,10.534647
-9.376407,8,10.541633
-6.345469,17,10.556635
-7.902362,14,10.568637
-9.54879,7,10.574632
-2.001834,14,10.585631
-11.754617,9,10.592635
-7.418042,9,10.602652
-8.540978,14,10.614634
-7.095001,11,10.623634
-4.829599,15,10.637631
-7.788736,9,10.644632
-2.363739,14,10.655631
-2.878366,17,11.594659
-4.863885,12,11.605661
-7.001098,16,11.618661
-8.465255,12,11.630662
-10.662213,9,11.638659
-5.279965,18,11.653661
-7.241687,10,11.66266
-9.234232,5,11.666662
4.44291,27,11.688662
-4.911129,12,11.698672
-10.265067,15,11.711661
-3.04909,18,11.731661
-6.444703,11,11.743659
-11.517208,9,11.75166
-9.332416,16,11.765659
2.171035,19,11.780379
-6.374088,19,11.800579
-6.884522,19,11.817581
-6.462222,17,11.836579
-6.298906,18,11.851578
0.778788,25,11.872577
-8.550773,15,11.88458
-7.806302,11,11.893579
3.32498,27,11.914581
-8.683509,16,11.927577
-8.863897,6,11.933578
-2.278273,19,11.952579
-6.743771,16,11.968612
-7.554999,8,11.977609
-7.598523,13,11.989611
-8.282771,11,12.000611
-8.133573,7,12.007609
-9.841869,17,12.022614
-8.764537,7,12.02861
-7.232574,11,12.043091
-7.028589,16,12.058094
-8.806861,8,12.066984
-5.390894,18,12.087015
-3.788792,14,12.100015
-11.139812,9,12.108015
-7.071462,8,12.114016
-9.194058,14,12.127015
-7.58918,14,12.139083
-4.532129,16,12.155674
-10.296951,17,12.170498
-1.121012,17,12.187494
-4.036843,11,12.197726
-2.227104,18,12.212267
-10.340382,17,12.229617
-7.273287,17,12.24862
-12.761244,11,12.25662
-9.523176,14,12.26862
-8.490284,8,12.276631
-7.847141,10,12.28562
-3.989881,16,12.301617
1.295058,24,12.323618
-4.609462,14,12.339966
-8.131456,13,12.354953
-6.747216,9,12.36395
-8.293921,12,12.37795
4.843102,26,12.399955
-6.477997,11,12.408951
-6.428362,14,12.420953
-11.119446,14,12.432878
-8.482775,10,12.44266
-7.189834,10,12.453661
-9.296093,19,12.469296
-9.554702,6,12.476058
-10.727492,14,12.489052
-7.530391,12,12.49975
-5.076967,12,12.511262
-4.698854,16,12.525545
-1.921715,16,12.538763
-10.927602,13,12.549217
-3.960682,16,12.565216
-5.452239,14,12.579216
-5.387382,16,12.593213
-6.636135,12,12.604215
-8.476841,7,12.609217
-6.057572,15,12.622217
-5.871607,13,12.633219
-9.613178,13,12.643218
-11.617514,15,12.659234
-0.960764,28,12.684222
-3.047031,12,12.694216
-6.026739,9,12.702219
-6.679595,18,12.718214
-10.85991,7,12.724214
-6.962239,13,12.735219
-10.140817,17,12.751214
-6.810645,16,12.769214
-0.816854,22,12.790802
-4.126874,10,12.800869
-9.109898,14,12.813804
-5.820104,26,12.837801
-6.148601,22,12.856804
-6.965329,12,12.867803
-6.326117,12,12.878804
-2.555982,13,12.891805
-5.778881,17,12.905813
-3.841305,16,12.918803
-7.845519,12,12.930803
-5.046742,15,12.945803
-7.966939,10,12.955803
2.619274,29,12.984805
-7.017563,10,12.995802
-9.5803,7,13.002806
-7.146946,17,13.018239
-4.107071,17,13.031238
-1.713348,26,13.052623
-9.398918,10,13.061621
-7.22422,19,13.083266
-2.89237,19,13.104256
-10.55455,11,13.115546
-10.542439,14,13.12854
-6.71484,15,13.141798
-0.694668,20,13.162212
-4.061356,18,13.182581
-8.664236,14,13.196578
-4.56359,12,13.208577
-6.611958,10,13.220579
-8.31571,9,13.229579
-4.196986,14,13.241581
-4.62277,15,13.253579
-8.585253,14,13.265578
-7.785868,14,13.280655
-13.444213,23,13.299577
-9.951573,11,13.310578
-7.87495,9,13.319582
6.940217,27,13.345582
-8.191793,10,13.353578
-0.086274,21,13.369576
-6.968499,12,13.381576
-4.323219,24,13.401577
-3.883797,13,13.414579
-6.207333,14,13.426576
-4.975358,16,13.439523
-4.766037,23,13.458524
-6.974784,25,13.480523
-11.550736,11,14.424656
-6.572462,21,14.44742
-8.910006,17,14.46342
-6.822905,10,14.472425
-4.272324,20,14.49042
-6.752375,13,14.50142
2.516677,22,14.526423
-4.156523,21,14.547432
-10.047728,11,14.558892
-11.197163,11,14.568411
-10.81176,11,14.57741
-8.681725,16,14.590411
-4.722059,15,14.602411
-10.224096,9,14.612415
-8.700149,12,14.622416
-7.904543,10,14.631412
-6.088589,11,14.642411
-4.781913,17,14.657413
-8.371422,16,14.670424
-8.686364,14,14.682411
-9.232877,10,14.690413
-7.270558,13,14.701413
-5.628425,14,14.715414
-7.604752,16,14.728413
-3.109994,14,14.740413
-8.67956,15,14.753411
-7.879223,12,14.762412
-3.036488,14,14.774429
-8.379826,12,14.785013
-1.253901,20,14.803802
-5.586633,13,14.816809
-12.73917,18,14.832803
-3.871783,15,14.846804
-9.811547,16,14.861804
-8.245519,16,14.874807
-11.677314,13,14.884804
3.969507,24,14.905803
-6.695103,14,14.919802
-1.405262,20,14.939807
-5.673117,13,14.950804
-5.820422,13,14.961802
-6.680776,12,14.973808
-7.783949,17,14.988802
-7.784091,17,15.002803
-8.850156,10,15.010801
-3.187515,14,15.025808
-14.02058,18,15.040804
-1.537927,17,15.056801
-12.630059,17,15.071802
-3.07791,20,15.091502
-9.447983,9,15.099504
-3.679168,16,15.114827
-2.955473,27,15.141214
-11.839196,27,15.16759
-4.98488,12,15.177589
-4.243168,13,15.190331
-6.76529,11,15.201101
-6.452261,17,15.216103
-8.510798,14,15.231103
-8.54755,10,15.241103
-7.886959,12,15.253101
-7.758016,9,15.2621
-5.64238,20,15.280102
-10.421675,16,15.293105
-5.270722,13,15.304107
-5.738314,11,15.312107
-10.148854,16,15.327103
-7.666357,16,15.343102
-6.09745,17,15.359103
-4.069424,15,15.373105
-4.881876,11,15.383121
-9.499965,23,15.404102
-6.668804,12,15.416101
-6.502642,10,15.425973
-4.692746,21,15.450096
-9.069687,17,15.467393
-5.771944,27,15.494509
-9.706168,23,15.515389
-7.700165,10,15.524389
-7.186728,9,15.531389
-3.816429,19,15.548391
-7.7962,14,15.560394
-9.590989,17,15.575406
-8.766919,9,15.582408
-6.293052,15,15.595391
-8.653121,11,15.604391
1.812002,23,15.62339
-6.581188,12,15.633389
-10.904965,22,15.655395
-4.697724,13,15.667392
-1.865852,13,15.678389
-8.543587,10,15.687392
-6.10991,11,15.696389
-3.225451,20,15.711391
-10.310441,8,15.718409
-5.652596,10,15.726409
-0.530002,17,15.744389
-11.640256,12,15.756391
1.57112,24,15.779393
-3.895558,17,15.795953
-4.557776,11,15.805951
-5.691853,9,15.81295
-5.487996,13,15.822953
-8.877403,15,15.834953
-5.651043,16,15.851965
-6.924433,8,15.859952
-0.762481,24,15.883685
-5.599007,16,15.896694
-3.338013,17,15.91368
-3.462177,19,15.931678
-6.10381,13,15.941698
-6.784589,12,15.953682
-4.63344,17,15.968701
3.651889,23,15.990716
-8.027791,12,16.001718
-10.692565,19,16.02073
-12.070565,15,16.035378
-13.042527,26,16.065588
-7.018849,13,16.077895
-9.962518,17,16.093558
-5.89703,13,16.105999
-6.735065,9,16.114002
-6.167956,16,16.126404
-9.031045,19,16.144797
-7.912978,15,16.160167
-7.38048,14,16.173162
-7.767836,13,16.18717
-8.336951,18,16.204165
-8.509687,13,16.215168
-4.5205,21,16.233165
-6.139127,22,16.253162
2.631025,22,16.275165
-7.226982,17,16.290164
2.060122,26,17.224556
-7.45982,18,17.247783
1.198017,20,17.264783
-5.97162,11,17.272783
-9.28528,12,17.282788
-4.134436,22,17.304786
-5.943425,10,17.315782
-2.53091,20,17.333786
2.55171,27,17.355784
-2.108113,16,17.367784
-8.327946,15,17.378785
-10.297067,13,17.392786
-7.136287,20,17.408785
-11.553396,23,17.427786
-6.013025,15,17.44079
-12.206669,22,17.458803
-9.348934,12,17.467783
-6.637877,14,17.478783
-6.904149,13,17.491785
-8.251008,15,17.505786
-2.227111,17,17.523782
-6.617631,17,17.53979
-7.895407,10,17.548787
-10.797484,9,17.558785
-1.237796,26,17.584893
-6.048385,12,17.599761
-5.549636,14,17.61276
-10.147865,20,17.638759
-9.336694,10,17.651762
-6.052571,11,17.663761
-7.740446,17,17.679098
-8.197194,9,17.687101
-9.709495,14,17.701802
-10.048713,12,17.712121
-4.377693,18,17.730118
-2.762468,20,17.750124
-5.737444,9,17.75735
-6.248756,13,17.770349
-8.011111,21,17.791246
-6.998971,9,17.802248
-9.905471,14,17.814246
-5.669133,27,17.837248
-8.720794,12,17.847251
-3.620797,20,17.863249
-9.324213,23,17.882244
-5.298381,16,17.895244
-11.175472,14,17.910244
-3.689221,26,17.936263
-6.395491,20,17.954244
-7.595132,18,17.969245
-6.338363,11,17.97825
-6.002505,9,17.986245
-4.424556,17,18.000247
-11.865123,10,18.012244
-0.609451,23,18.033882
-8.108506,12,18.045878
-4.763499,26,18.068781
-5.139635,16,18.08415
-9.216847,14,18.095908
-5.577511,15,18.110535
-9.119835,16,18.126824
-8.793704,22,18.147433
-3.688186,21,18.167372
-11.831012,13,18.180367
-14.522241,21,18.199373
-11.326518,22,18.224445
-11.846017,16,18.238647
1.985957,28,18.262645
-1.126922,25,18.282646
-12.036618,18,18.296645
-8.407772,18,18.312645
-7.097354,14,18.328645
-2.433014,19,18.344652
-9.06055,9,18.352652
-5.056118,11,18.362645
-7.99878,14,18.373645
-4.062391,11,18.382647
-7.781394,11,18.392876
-14.331675,17,18.407876
-5.392992,12,18.419391
-1.881212,25,18.439883
-10.158492,7,18.446959
-5.769334,17,18.464174
-6.206461,10,18.473485
-5.45296,20,18.49338
11.243945,36,18.529024
-5.05597,12,18.540025
-8.698405,11,18.55003
-12.22484,14,18.564029
-8.772271,14,18.577027
-0.725187,21,18.594793
-6.443941,12,18.604861
-5.73583,19,18.619861
-8.598378,12,18.631862
-6.556355,16,18.644861
-1.128186,20,18.661859
-4.334342,15,18.674857
-6.184218,16,18.687857
-7.605042,16,18.70086
-7.009138,9,18.707859
-2.175569,22,18.727858
-11.243922,20,18.74386
-2.406472,15,18.757858
-7.193334,15,18.769858
-4.321961,12,18.780859
-12.23079,11,18.791394
-1.989403,16,18.805393
-11.810057,16,18.818397
-5.853874,18,18.837393
-6.574248,14,18.851393
-5.040879,16,18.867393
-4.039433,14,18.879875
-10.058309,9,18.889018
-10.266629,20,18.907398
-6.725847,15,18.919401
-5.451783,11,18.928401
-2.771634,16,18.942399
-5.788924,17,18.957398
-6.472844,13,18.967398
11.345682,42,19.000398
-6.828086,11,19.010398
-8.28994,23,19.028398
-8.377576,10,19.039398
-7.881866,12,19.048397
-8.419359,16,19.0614
-8.81858,11,19.070402
-9.260153,12,19.080402
-5.573518,10,19.997754
-6.215017,16,20.01375
-8.948786,12,20.026754
-3.946139,14,20.041753
-7.767268,16,20.054749
-4.32082,35,20.085774
-3.971674,14,20.099753
-6.311991,11,20.107753
-11.251482,12,20.117752
-2.835515,21,20.137324
-10.491897,19,20.153371
-4.400341,14,20.169318
-9.409881,9,20.178324
-9.121589,16,20.19332
-7.818343,24,20.212319
-4.265646,15,20.226318
-7.073494,7,20.232318
-7.401606,9,20.240823
-5.670626,49,20.287948
-6.825666,12,20.299949
-4.395835,16,20.313897
-10.594046,11,20.323289
-3.712659,19,20.342289
-4.833642,20,20.359287
2.92982,22,20.381849
-6.335736,15,20.395836
-6.162648,10,20.406557
-4.99393,12,20.417555
-8.143514,17,20.435366
-7.790563,8,20.44288
-7.482163,14,20.457114
-9.837723,11,20.467115
3.177102,26,20.490669
-7.572843,14,20.504739
-11.201314,15,20.518669
-6.133119,13,20.529669
-6.291221,11,20.540665
-10.140756,11,20.550663
-3.85861,20,20.571665
-6.679721,12,20.584677
-9.230855,10,20.593668
-9.454183,13,20.604665
-2.816249,15,20.618668
-5.018583,13,20.629663
-2.844264,16,20.643664
-1.984697,24,20.664089
-9.886684,10,20.674098
-7.492908,12,20.686084
-3.196431,16,20.700086
-2.054165,19,20.718085
-3.101811,24,20.741084
-4.753103,16,20.755089
-3.70032,20,20.772704
-10.323421,14,20.790727
-7.492702,14,20.805727
-3.445512,17,20.821728
-6.091827,19,20.837728
4.07132,23,20.856728
0.268919,20,20.872726
3.911695,26,20.898725
-4.800797,12,20.910175
-6.397705,12,20.921305
-2.657399,23,20.939306
-12.180562,14,20.950319
-6.349069,16,20.964307
-10.547322,9,20.973323
-4.758005,16,20.989385
-10.074672,18,21.003304
-7.33444,9,21.011306
-3.836094,20,21.030307
-6.19591,10,21.038306
-8.975532,17,21.056305
-9.536793,9,21.064306
-9.702403,14,21.077358
-3.508733,14,21.093303
-6.649809,26,21.118305
-4.887269,15,21.131304
-13.525777,15,21.145286
-7.492305,15,21.160281
-0.860014,19,21.178282
-1.013714,20,21.197282
-11.008462,17,21.211282
-9.627055,13,21.224283
-8.18658,12,21.23428
-0.798753,21,21.253106
-9.280688,13,21.264194
-3.850558,18,21.278193
0.730339,25,21.305193
-9.590525,14,21.317192
-10.262868,12,21.329198
-5.311229,10,21.338203
-4.910741,11,21.349213
-3.514529,18,21.363192
-7.490886,7,21.369192
-7.544892,19,21.385192
-5.251202,13,21.396196
-8.819128,11,21.407196
-1.648871,17,21.422195
-5.937916,17,21.439198
-7.93697,10,21.449198
-7.568848,20,21.467901
-9.214916,7,21.473991
-9.451991,14,21.488609
-5.890831,29,21.518468
-7.859557,11,21.528108
-7.293091,10,21.538057
-6.677949,22,21.5613
-7.524977,13,21.574295
-3.835712,17,21.590345
-7.387142,21,21.611296
-12.15366,13,21.623297
-8.304867,13,21.636309
-5.625463,17,21.650299
-10.407319,13,21.662295
-7.104635,10,21.672316
-6.571123,29,21.699293
-5.697762,15,21.716295
-9.32205,9,21.725296
-3.479569,18,21.743296
-10.164965,13,21.755346
0.487405,32,21.784826
-8.40475,13,21.797831
-13.098964,18,21.81583
-5.320773,15,21.827832
-4.333214,10,21.837834
-6.338815,13,21.850834
-6.614767,21,21.870913
-9.155562,15,21.885831
-8.315608,12,21.896831
-0.474784,32,22.867764
-2.644859,14,22.879763
-3.417908,23,22.900761
-10.805254,11,22.909764
-7.439019,14,22.922765
-8.050464,11,22.932765
-8.336128,13,22.946761
-6.511464,17,22.964765
-7.006495,10,22.972435
-8.555031,13,22.984723
-7.028595,14,22.99672
-8.650911,16,23.008722
-5.766757,14,23.019723
-5.969719,14,23.031721
-10.956051,14,23.044718
-4.27964,12,23.054718
-5.474807,15,23.066723
-6.515977,7,23.072721
-7.016591,7,23.079724
-7.774013,13,23.092721
-6.652635,17,23.108719
-5.716649,12,23.125721
-5.038724,13,23.147775
-4.580687,14,23.168884
-5.566792,10,23.179884
-5.672065,10,23.188883
-3.45985,15,23.200882
-8.314817,15,23.212883
-8.421167,16,23.225882
-6.465877,13,23.236882
-2.959005,17,23.254884
-11.638524,10,23.263887
-6.918575,11,23.274886
-12.305035,17,23.290362
-8.316535,10,23.299876
-1.347102,20,23.31732
-5.491077,14,23.329576
-13.899682,15,23.343703
-2.471731,19,23.363701
-8.660677,10,23.374192
-7.675264,15,23.389194
-7.728223,17,23.405847
-6.73117,11,23.416847
-7.756027,15,23.433085
-7.755121,10,23.441084
-2.47968,21,23.46109
-2.8194,17,23.475084
-6.019727,17,23.490086
-2.031354,14,23.501084
-8.434675,10,23.510087
-8.504171,12,23.520084
-7.551459,10,23.528085
-4.405619,12,23.538087
-8.247719,12,23.5481
-9.257335,14,23.561086
-8.400788,11,23.570084
-5.797813,17,23.584089
11.882578,39,23.616222
-4.237491,15,23.628221
-4.36047,15,23.64022
-2.108166,15,23.653231
-7.228439,11,23.664222
-6.770734,13,23.67422
-12.897792,14,23.68722
-10.690689,9,23.696221
-2.004112,22,23.717221
-7.691732,11,23.726219
-1.887339,15,23.738219
-3.533351,15,23.750219
-7.080574,11,23.759219
0.130489,28,23.784793
-9.237141,9,23.792789
-8.682445,17,23.807789
-10.249654,11,23.817791
-7.757097,12,23.828787
-4.584197,19,23.845788
-5.313898,11,23.856788
-4.189748,14,23.870789
-9.63375,19,23.889789
-4.3586,15,23.904788
-6.816972,11,23.914436
-8.572339,11,23.924496
-6.311842,12,23.936827
-6.474667,15,23.952826
-5.265418,16,23.972827
-6.112281,13,23.98483
-8.248527,14,23.998829
-7.19826,11,24.007842
-6.730785,12,24.019827
-5.098581,15,24.033837
-4.431515,12,24.044651
-8.153061,21,24.06759
-6.470436,15,24.081155
-9.254993,10,24.090155
-6.071363,15,24.102153
0.24602,23,24.123153
-7.193887,13,24.136693
-8.282936,12,24.145691
-8.31219,17,24.160707
-11.071763,18,24.177693
-6.972329,11,24.18669
-7.408958,9,24.193687
-6.329696,12,24.203691
-13.08069,17,24.218689
-8.163298,12,24.228688
-9.37591,13,24.238688
-4.346291,16,24.251689
-7.954478,9,24.258691
-7.887823,15,24.272688
-2.839762,15,24.287688
-5.345256,16,24.301689
-11.717066,16,24.31701
-6.618075,9,24.325012
-8.452859,9,24.333025
-4.198152,20,24.352011
-14.780347,16,24.36701
-1.745943,20,24.38701
-8.735184,13,24.399012
-5.088807,16,24.414013
-10.209871,9,24.422012
-7.64788,17,24.438011
-5.414849,16,24.453012
-6.80512,10,24.463013
4.688843,29,24.490012
-4.968479,11,24.500013
-4.775311,12,24.512014
-6.087901,13,24.522015
0.068404,20,24.540014
-1.521012,17,24.556438
-2.780573,19,24.575858
-6.868009,9,24.584858
-8.658263,12,24.59586
-9.32609,17,24.61086
-11.500153,8,24.617863
-7.557198,16,24.63186
-6.631896,9,24.639859
-4.936668,13,24.650858
-7.59288,12,24.660858
-4.220443,18,24.676859
-5.568191,22,24.697859
-16.115421,28,24.722858
-8.107589,10,24.73386
-8.678717,18,25.65864
-6.718876,13,25.671645
-10.432316,12,25.68364
-6.936242,7,25.69114
-1.330755,18,25.706339
-10.497981,8,25.715335
-9.313805,11,25.724335
-4.818404,21,25.743338
-1.562065,20,25.764335
-7.452521,17,25.781349
-6.858554,17,25.796891
-2.349971,15,25.81089
-3.476742,17,25.826905
-1.254924,19,25.84289
-5.547542,10,25.85189
-5.662489,16,25.866892
-10.310467,10,25.873892
-10.743552,15,25.887893
-10.614208,14,25.900892
-9.350464,17,25.918893
-7.336897,19,25.934892
-8.513217,15,25.94789
-8.772177,24,25.968894
-3.396765,18,25.982894
-2.032611,21,25.999893
-4.157896,13,26.009895
-11.884535,15,26.024911
-5.555271,15,26.037892
1.880487,26,26.062894
-5.633004,15,26.074911
-5.605207,13,26.084891
-5.385062,23,26.105894
11.191533,35,26.137475
-5.249024,15,26.149473
-8.190131,20,26.167472
-9.26816,28,26.191472
-5.645532,21,26.207474
-7.376858,11,26.216473
-0.589126,17,26.233489
-9.324746,9,26.240477
-4.516104,19,26.257471
-3.645606,20,26.274375
-4.964077,17,26.289362
-3.640108,14,26.301766
-8.542076,17,26.316766
-7.382859,11,26.325766
-6.735019,22,26.348768
-2.210445,13,26.359766
-5.648078,19,26.377769
-10.54274,10,26.385768
-6.531749,16,26.399767
-2.624504,16,26.413767
-3.42276,19,26.433768
-7.952509,9,26.440771
-5.171353,16,26.455767
-1.19433,20,26.47477
-10.154714,14,26.487771
-7.261441,15,26.500768
-7.291109,20,26.518769
2.390829,32,26.548772
-1.881179,19,26.565767
-8.10892,29,26.590767
-3.036278,14,26.603768
-7.629746,10,26.612773
-8.037677,10,26.620768
-9.836199,14,26.632778
-3.127362,15,26.649767
-7.001742,12,26.658769
4.26196,24,26.682237
0.392325,19,26.69924
-7.029446,24,26.721238
-0.145695,18,26.741935
-3.943014,16,26.756221
-7.303577,14,26.769779
-1.868533,20,26.800453
-10.092154,10,26.812454
-6.008263,11,26.826453
-6.039207,20,26.850452
-8.958808,9,26.859452
-8.536549,8,26.867454
-5.704614,14,26.882454
-7.199312,14,26.894453
-7.346677,20,26.914455
-5.328695,16,26.929454
-6.542032,12,26.947452
-4.889295,15,26.972454
-8.952136,20,26.994452
-5.356325,11,27.007453
-5.100579,21,27.028452
-4.738838,12,27.041453
-2.537366,22,27.064133
-11.687266,19,27.081767
-6.310718,9,27.089825
-3.975993,17,27.108103
-8.640784,10,27.117101
-5.993298,19,27.136636
-3.998802,19,27.157641
-4.726268,10,27.16664
-6.087451,15,27.179641
-5.440057,20,27.198136
-5.429778,10,27.206135
-5.42522,14,27.218147
-7.183728,14,27.230643
-9.641234,21,27.247177
-4.977255,12,27.259177
-8.991303,13,27.271177
-0.250072,19,27.288195
-3.697811,21,27.305178
-4.939278,18,27.319175
-7.173443,20,27.336177
-5.251939,12,27.348179
-10.787875,13,27.363179
-5.637434,18,27.379177
-10.062544,19,27.394179
-12.180171,13,27.40518
-7.268366,10,27.413181
-10.409016,10,27.422181
-7.673227,11,27.432182
-7.854512,13,27.44219
-5.575701,14,27.454181
-3.431341,16,27.469347
-3.528836,26,27.492215
-5.951626,12,27.502214
-6.341732,11,27.513214
-7.237791,9,27.521231
-6.358128,11,27.531233
-9.1947,22,27.549216
-6.6878,14,27.560217
-12.582771,12,28.466348
-4.384859,16,28.479352
-8.558321,11,28.48735
-8.878177,19,28.508347
-0.473591,21,28.527348
-7.736143,11,28.536473
-6.630896,14,28.548477
0.485739,24,28.56746
-7.564374,10,28.575458
-6.58058,17,28.58946
-8.618536,10,28.600458
-7.639922,14,28.611458
-9.189885,18,28.626458
-5.174943,12,28.638462
-7.6093,15,28.651464
-3.989237,13,28.66146
-4.23132,13,28.672462
-7.824798,15,28.685461
-5.328917,11,28.698465
-8.510417,10,28.707464
-2.146858,19,28.723462
-9.070911,8,28.731458
-7.56839,11,28.73946
-5.864464,15,28.753459
-4.536549,13,28.764459
-5.305802,13,28.776462
-7.81873,8,28.783997
-9.015144,11,28.794995
-7.065215,9,28.804996
-8.616122,11,28.815995
-8.548738,9,28.821995
-7.933255,19,28.838996
-8.44707,12,28.85101
-0.706514,19,28.867994
-5.171248,13,28.880996
-5.620892,20,28.897996
-9.346875,15,28.914997
-5.474122,12,28.924013
-6.805147,13,28.935993
-7.5535,9,28.943993
-4.78896,17,28.956993
-6.960157,10,28.965994
-4.594153,16,28.980998
-7.26255,10,28.989994
-6.546253,8,28.997996
-4.960451,16,29.015996
-9.055665,9,29.024994
-12.363353,14,29.038319
-0.474597,24,29.059814
-4.780756,13,29.071014
-7.547314,22,29.09252
-2.819274,14,29.10852
-3.025755,17,29.121522
-4.69481,16,29.136052
-3.948783,19,29.152051
-4.88724,12,29.163064
-9.96882,18,29.177056
-2.749184,19,29.193057
-4.142692,16,29.206056
-2.499308,16,29.222051
-3.746474,20,29.240065
0.487554,20,29.257053
-7.151795,16,29.272053
-7.578604,14,29.283058
-8.429351,9,29.291052
-4.822971,16,29.304051
-5.28335,14,29.318052
-7.034337,15,29.330053
-6.895408,11,29.340058
-6.604596,16,29.353053
-5.457825,17,29.367052
-6.878653,10,29.377072
1.849965,25,29.399052
-6.984062,11,29.407051
-7.966908,11,29.418054
-3.639598,21,29.435946
-2.825778,20,29.452457
-1.637709,22,29.472842
-9.28265,13,29.483842
-3.975286,15,29.495846
-5.077841,12,29.506846
-9.014629,12,29.520841
-10.26119,18,29.537846
-6.50187,17,29.555004
-6.702957,9,29.564009
-8.497705,10,29.573005
-2.114465,15,29.586057
-4.770817,12,29.597004
-8.678113,8,29.605004
-0.542087,21,29.626004
-6.122994,13,29.640003
-2.179949,22,29.660003
-6.519731,10,29.668003
-4.234721,16,29.680002
-4.071344,15,29.691003
-6.989469,16,29.704003
-9.886242,16,29.718576
-7.413568,12,29.731578
-9.401383,8,29.737577
-6.949549,13,29.748577
-2.201703,20,29.765577
-6.844731,17,29.78058
-3.402468,13,29.792137
-7.929954,12,29.801136
-7.204678,15,29.814133
-4.129893,25,29.838137
-8.686272,8,29.845139
-3.234095,15,29.858136
-6.250327,9,29.866132
-6.64284,7,29.872132
-2.787762,17,29.886136
-4.871454,14,29.897135
-4.374026,14,29.908132
-6.712492,10,29.916134
-6.740589,15,29.930136
-5.658708,12,29.941138
-3.365863,17,29.957134
-5.933551,11,29.966135
-8.390025,9,29.973132
-8.753124,17,29.988132
1.818487,21,30.008133
-9.691818,17,30.022131
-7.824115,10,30.033133
-6.594399,10,30.042132
-9.288359,15,30.055135
-6.567399,12,30.066134
-5.085011,16,30.080132
-5.337611,22,30.099136
-9.209588,8,30.106139
-5.636889,14,30.118135
-8.798272,7,30.124134
-0.855564,22,30.145725
-3.997242,16,30.159988
-2.419181,26,30.185299
-7.345469,11,30.197297
-7.179259,21,30.217299
-8.821841,12,30.227296
-6.660385,11,30.239611
-10.359001,8,30.247054
-8.627296,18,30.263427
-11.152251,14,30.278991
-6.702271,12,30.289991
-8.739958,12,30.301737
-4.245028,18,31.213935
-7.503669,15,31.228933
-5.521674,12,31.239934
-0.501862,21,31.257938
0.100393,19,31.279937
-8.618427,21,31.299945
-7.824604,11,31.309936
-7.332346,12,31.321935
-7.688234,12,31.333932
-6.2902,19,31.348932
-12.743134,18,31.363933
-6.600818,20,31.382932
-5.092292,22,31.400933
-6.66852,12,31.409932
-0.350095,17,31.426933
-7.96446,9,31.433932
-8.108015,9,31.441932
-5.386125,12,31.452932
-8.426243,13,31.464932
-9.060348,11,31.478315
-3.522827,16,31.490314
-5.877016,12,31.503315
-6.745526,13,31.513314
-6.579679,11,31.523319
-6.175424,7,31.529319
-0.335061,19,31.545314
-2.872979,15,31.561314
-3.890546,20,31.580314
-9.097038,10,31.588315
-5.289795,12,31.597315
-1.249747,15,31.610313
-8.365375,14,31.624313
2.653297,23,31.642313
-9.887476,12,31.653313
-5.711247,11,31.661313
-4.335195,12,31.671313
-5.223423,16,31.687313
-4.219288,15,31.698313
-2.88162,16,31.711314
-5.703359,14,31.722316
-7.305895,15,31.735316
-8.748569,11,31.744314
4.958806,24,31.767316
-3.274881,19,31.785858
-1.352041,18,31.800858
-8.726746,12,31.811859
-4.929112,15,31.825858
1.155576,21,31.843858
-10.027598,12,31.854858
-4.075509,13,31.866856
-5.377055,13,31.876862
-7.834764,11,31.887872
-2.15903,24,31.90786
-7.30807,14,31.918856
-4.403464,15,31.930858
-10.006777,9,31.937858
-9.730903,18,31.952858
-9.400057,21,31.969857
-3.620784,13,31.979858
-7.916381,22,31.999859
-12.907606,18,32.014875
-4.913362,12,32.02386
-5.45594,13,32.034856
-5.459111,16,32.047856
-6.607632,9,32.055856
0.711468,23,32.073862
-8.435326,9,32.08086
-2.678329,14,32.095875
-8.647314,17,32.109856
-7.562396,11,32.120856
-5.569424,18,32.136403
-2.06837,19,32.151402
-5.058696,13,32.161418
-6.011374,9,32.17042
-5.000687,19,32.189401
-8.116181,9,32.197402
-3.921039,13,32.209405
-8.491972,14,32.222955
-5.063073,11,32.237162
-6.046406,8,32.244163
-10.546253,15,32.256164
-3.443834,12,32.266177
-5.947611,19,32.28116
-9.190447,9,32.289163
-6.301451,18,32.305668
-0.685892,23,32.327656
-8.025648,8,32.335657
-4.778145,21,32.359657
-4.442614,15,32.373653
-7.057203,16,32.387652
-6.285152,14,32.404656
2.558955,26,32.426654
-2.966615,15,32.442654
-7.269507,15,32.456657
1.708002,19,32.471655
-7.85777,11,32.481827
-7.311655,20,32.500955
-5.145448,15,32.513954
-6.249708,17,32.527958
-4.160398,15,32.540949
-9.20959,10,32.548952
-9.657738,16,32.561949
-5.982851,12,32.571951
-8.426431,10,32.580967
-9.331832,9,32.589962
-3.775636,22,32.611951
-0.858283,15,32.62495
-8.282961,19,32.64095
-5.782975,15,32.652952
-3.521879,23,32.67295
-5.230722,14,32.683949
-6.33763,9,32.690949
-4.077212,14,32.704951
-8.090254,10,32.71295
-2.60943,19,32.727951
-8.502763,19,32.744951
-3.054476,18,32.760951
-6.114596,15,32.774952
-9.353897,14,32.787475
-2.943524,17,32.802475
-6.798381,7,32.811475
-2.651542,22,32.831476
-5.466258,11,32.843477
-6.79425,14,32.855475
-2.410083,14,32.865474
-5.926304,21,32.882475
-10.176252,12,32.893479
-7.27714,16,32.911479
4.011207,26,32.934479
-5.147343,11,32.94348
-3.909871,23,32.965475
-6.050401,12,32.975479
-4.207207,13,32.986478
-5.216771,15,32.998491
-7.528228,18,33.016475
-9.283827,19,33.939425
-4.131908,28,33.963426
-5.574733,11,33.974426
-2.1261,15,33.987425
-1.061235,26,34.009425
-8.334325,10,34.017423
-5.287325,14,34.031426
-4.595626,19,34.049424
-10.802221,9,34.059424
-2.125216,17,34.073428
-8.471533,14,34.085427
-7.915326,15,34.096429
-4.697723,22,34.114445
5.344087,27,34.141954
-6.51356,13,34.152956
-4.25524,16,34.166954
-5.43207,14,34.178962
-3.150782,24,34.198955
-3.991354,27,34.221958
-6.530423,18,34.236954
-1.842956,28,34.263954
-6.258189,22,34.283961
-6.063198,18,34.299445
-8.336425,10,34.308445
-3.681004,18,34.326932
-6.021084,11,34.336934
-5.958179,15,34.352937
-7.734742,14,34.364934
-8.580752,21,34.384932
-3.644767,17,34.398934
-11.212489,13,34.408934
-8.3271,9,34.416934
-6.431828,16,34.430935
-7.645548,23,34.450934
-12.438456,18,34.466783
-7.980347,12,34.477775
-8.496215,20,34.495782
-9.464152,9,34.502778
-7.764891,21,34.522997
-8.666477,14,34.534999
-11.86762,18,34.552
-4.792782,17,34.566999
-8.80641,14,34.579
-7.075117,7,34.584014
-6.181711,13,34.594997
-6.047444,14,34.605999
-8.345588,10,34.614999
-4.936867,15,34.630997
-8.831315,18,34.648001
-7.897246,9,34.659998
-7.110388,13,34.671997
-4.819675,24,34.694
-6.919216,13,34.707999
-9.956209,13,34.723333
0.039363,25,34.746333
-2.541496,26,34.770341
-4.875102,20,34.787873
-8.780469,12,34.798885
-0.573051,29,34.82387
-5.017579,11,34.83387
-4.873117,12,34.843874
-3.32156,21,34.863872
-0.468993,27,34.889873
-7.143026,14,34.901874
-5.888373,9,34.909872
-12.994819,17,34.923876
-6.81319,15,34.935873
-6.385947,15,34.95042
0.03238,23,34.975592
-7.706393,15,34.987592
-7.816817,12,34.997594
-1.571467,15,35.012596
-9.167866,16,35.026595
-12.37369,14,35.037598
-4.016069,13,35.048609
-6.371499,14,35.059614
-5.632541,20,35.078594
-4.658915,20,35.096595
-2.86339,22,35.116592
-5.382941,18,35.134593
-7.263858,15,35.149644
-4.822596,15,35.165643
-8.077438,16,35.181643
-8.852032,17,35.196644
-9.589166,11,35.207644
-4.725171,17,35.222648
-0.034529,18,35.237173
-8.169463,12,35.24727
-5.933103,20,35.26327
-1.27248,19,35.281272
-6.671749,13,35.29227
-4.35482,25,35.31427
-4.674,19,35.32927
-7.49807,12,35.33927
1.324644,21,35.356273
-3.648967,19,35.371275
-3.958857,24,35.397271
-4.022613,15,35.41127
0.940613,28,35.43627
-8.276058,10,35.446885
-12.020877,15,35.458885
-8.949667,20,35.477885
-1.590644,21,35.495886
-6.549954,11,35.506887
-3.875701,12,35.517902
-7.235851,17,35.532899
-6.976042,12,35.542888
0.815657,20,35.558885
-3.773785,16,35.572892
-2.936206,17,35.589889
-0.979915,17,35.604885
-4.012958,15,35.618888
-3.581684,15,35.633888
-3.982621,21,35.654936
-4.177328,18,35.672884
-5.008928,13,35.687891
-6.613796,8,35.694888
-8.27219,7,35.700889
-2.40856,21,35.720885
-5.803154,13,35.733938
-6.464311,15,35.750887
-1.174979,18,35.770887
-6.425448,11,35.779885
-8.140467,15,35.79842
12.998677,32,36.748109
-9.137762,9,36.757108
-13.12953,16,36.771109
-6.498924,25,36.792771
-6.385507,10,36.80077
-10.907694,12,36.811769
-3.447474,17,36.829767
-5.649604,13,36.843768
-5.204874,11,36.852767
-6.684617,11,36.862769
-4.90876,17,36.878769
-5.346834,20,36.89777
-5.205801,11,36.90778
-7.0184,21,36.932768
-6.18315,9,36.941767
-3.473173,18,36.959837
-13.179534,20,36.979837
-3.388124,20,36.998839
-2.595361,18,37.014838
-10.020518,19,37.034837
-7.574057,12,37.044841
-4.99048,21,37.062842
-9.7837,17,37.076837
-3.439725,16,37.089839
-6.827031,15,37.101835
-1.599892,32,37.131842
-9.372647,19,37.149379
-5.981032,9,37.158379
-6.852509,19,37.174382
-5.354998,19,37.190381
1.31789,18,37.205379
-8.038691,16,37.217378
-2.670064,22,37.237383
-5.535443,16,37.251384
-1.350073,19,37.271394
-6.259806,21,37.288378
-6.804968,11,37.297379
-6.307061,9,37.305399
-2.619766,18,37.319378
-1.429294,18,37.335382
9.534138,34,37.365378
-7.786314,20,37.380378
-9.037741,16,37.394378
-6.871631,10,37.402378
-7.413346,10,37.411378
-8.075958,10,37.41938
-7.162826,14,37.433378
-10.027939,12,37.443378
-7.872027,17,37.45838
-2.741155,15,37.471393
-6.702261,9,37.479382
-3.940311,16,37.49338
-5.685949,13,37.50438
-8.881721,10,37.5114
-7.177592,14,37.523381
5.614477,27,37.552385
-2.640731,20,37.572201
-8.674239,13,37.5842
3.244079,29,37.6082
-6.333302,12,37.6192
-10.710057,12,37.630198
-10.569339,23,37.6522
-10.372465,15,37.6642
-8.245112,13,37.6752
-6.819848,10,37.684204
-7.759162,15,37.696204
-1.107824,17,37.7102
-10.023374,11,37.719198
-9.621509,19,37.735202
-10.752918,17,37.753205
-7.805827,10,37.762283
-4.515869,14,37.776284
-5.741129,12,37.786823
-1.828767,27,37.809843
-5.073181,17,37.823824
-8.549262,13,37.835825
-8.186818,10,37.847823
-6.232701,11,37.858824
-6.014887,18,37.875828
-11.866469,27,37.899825
-8.421742,19,37.915825
2.489416,18,37.932322
-7.351698,11,37.942324
-8.696245,26,37.969309
0.049024,20,37.988312
-4.744071,26,38.016309
-12.98244,22,38.036309
-14.368801,16,38.052491
-6.747017,18,38.070488
-9.440153,18,38.08749
-5.250662,15,38.10349
-4.240582,12,38.115489
-10.263378,14,38.12749
-4.344543,26,38.155076
-3.222409,19,38.175078
-4.976785,13,38.187076
-7.469831,12,38.198074
-8.47752,10,38.206074
-1.602321,21,38.224076
-9.001802,13,38.23508
-7.261966,15,38.249074
-6.511246,11,38.261075
-3.904876,20,38.279074
-7.664761,13,38.293075
-6.377455,14,38.307308
-7.050486,20,38.326066
-11.241963,15,38.339067
-8.259402,9,38.346067
-6.766586,21,38.367069
-5.739476,15,38.382067
-9.244538,13,38.394274
3.7321,24,38.415276
-9.577962,14,38.427275
-7.236325,13,38.438278
-3.661029,19,38.454276
-1.6253,25,38.478276
-0.405606,20,38.496275
-9.501141,11,38.506279
-7.150655,16,38.519274
-7.544554,10,38.529275
-5.583193,20,38.550683
-9.111715,11,38.56368
-5.933196,15,38.578419
-5.597198,14,38.59156
-0.1321,20,39.609743
-3.16137,22,39.630744
-7.850732,8,39.637899
-8.78987,14,39.650896
-3.229827,13,39.662895
-5.983034,11,39.671897
-5.394222,11,39.6823
-5.43138,14,39.696301
-10.149138,15,39.708302
-1.401213,27,39.733945
-7.061125,29,39.761233
-5.028163,16,39.776286
-9.355749,24,39.801841
-13.301945,19,39.819844
-3.191963,18,39.835838
-5.885486,17,39.852839
-7.942722,13,39.864839
-11.54947,16,39.879321
-9.89779,22,39.900145
-6.999374,26,39.922149
-2.558923,16,39.937148
-1.259754,24,39.95715
-7.6683,20,39.975148
-8.120229,23,39.994147
-3.400525,15,40.009145
-0.360804,22,40.029145
-9.139586,21,40.048151
-7.694429,19,40.064147
-8.875963,14,40.078145
-3.255217,15,40.092146
2.164023,43,40.13015
0.463237,26,40.153696
-8.014986,10,40.163696
-4.18944,16,40.176698
6.440451,35,40.210696
-5.718075,15,40.223695
-5.396255,21,40.242697
-5.055825,15,40.257708
-11.360934,22,40.280698
-5.814402,20,40.301811
-6.213679,17,40.329304
-7.253987,13,40.344305
-6.329548,18,40.367306
-8.236789,22,40.393306
-2.168519,24,40.416054
-4.901369,16,40.430056
-5.082932,21,40.449052
-8.990134,11,40.458053
-3.826168,21,40.475056
-7.09077,19,40.491058
-7.352462,25,40.511058
-10.09784,19,40.529058
-0.582947,17,40.544055
-4.707134,13,40.556054
-6.667286,10,40.564052
-5.257935,15,40.577056
-10.198251,15,40.589054
-7.94349,13,40.600051
-3.027026,23,40.624442
-6.157985,11,40.634441
-1.79972,14,40.646443
-10.719519,12,40.655453
-6.454194,12,40.666446
-7.182097,8,40.672443
0.190814,16,40.687441
-3.982992,19,40.703443
-8.285348,21,40.725443
-5.73689,11,40.736855
-0.756464,23,40.758853
-6.823469,20,40.776851
-5.729792,16,40.793426
-7.537926,12,40.804425
-9.024801,10,40.81343
-12.443526,20,40.832428
-5.782488,16,40.847441
-7.846538,10,40.85644
-6.730057,13,40.868425
-6.470492,13,40.881427
-6.667995,11,40.890426
-5.778945,15,40.902441
3.058351,28,40.928427
-2.299124,17,40.943428
-11.780673,19,40.961427
-8.768214,8,40.968427
2.534161,29,40.994425
-4.972868,13,41.004425
-7.769703,18,41.020427
-1.668525,22,41.046427
-2.682597,28,41.07543
-3.363756,17,41.089429
-5.64239,12,41.10043
-3.209465,16,41.114426
-6.600537,10,41.121425
-2.20333,20,41.140955
-10.100398,13,41.150955
-5.97922,23,41.169955
1.936351,36,41.200954
-7.061593,10,41.209955
-2.079938,21,41.22597
-6.753957,9,41.232966
-6.5318,24,41.256955
-3.233971,17,41.269956
-8.680932,20,41.290896
-8.600074,9,41.299896
-3.000332,23,41.318896
-4.411757,19,41.334898
-7.852826,12,41.346896
-8.02948,13,41.35791
0.460417,39,41.391897
-10.35719,14,41.404896
-4.458712,16,41.418896
-2.523517,22,41.439897
0.923365,22,41.464898
-7.24223,14,41.478899
1.894024,20,41.499894
-2.907732,17,42.432348
-1.859078,20,42.451348
-4.915312,15,42.465348
-9.86672,10,42.4757
-4.798933,19,42.492707
-8.450238,8,42.499706
-12.792505,27,42.525708
-11.747239,12,42.537706
-4.676172,14,42.55071
-4.163462,18,42.572038
-6.327667,17,42.589045
1.312685,26,42.616108
-5.143714,12,42.628113
-3.905206,21,42.649985
-12.646942,12,42.660985
-12.058668,14,42.673985
-7.573709,21,42.696989
5.996266,31,42.722985
-6.401708,16,42.737983
-11.509611,20,42.756595
-5.635975,22,42.778597
-2.920959,20,42.798174
-4.85658,12,42.809172
-3.816196,16,42.823185
-8.811188,20,42.839171
0.62103,17,42.852171
-4.158427,18,42.867172
-5.26179,14,42.882172
-6.738249,19,42.901289
-8.919699,20,42.921736
0.993633,23,42.942732
-11.497739,13,42.955738
-5.931723,14,42.971735
-5.395561,18,42.990732
-8.295335,13,43.003736
-6.837366,28,43.030129
-7.802163,9,43.038567
-7.058267,9,43.047873
-6.941042,11,43.057253
-5.764066,16,43.070261
-5.090688,17,43.087259
-2.620418,16,43.101258
-6.472111,15,43.113258
-1.001056,19,43.129259
-8.274576,15,43.142786
-4.491667,24,43.161792
-8.607031,14,43.175852
4.629827,24,43.199785
-6.289332,18,43.217789
-8.702613,16,43.234788
-8.745179,13,43.246786
-7.155571,16,43.260785
-4.908385,17,43.276787
-6.270764,18,43.294788
-3.846172,15,43.305786
-7.338473,14,43.316786
-4.940232,29,43.34579
-3.45826,23,43.366789
-0.396281,19,43.384785
-13.112428,17,43.405058
-4.815628,13,43.418114
-5.672879,17,43.434297
-2.881967,14,43.447295
-6.771052,10,43.456297
-11.078046,20,43.474294
-3.5751,11,43.484296
-4.180419,10,43.496294
-7.09341,15,43.508296
-5.50476,19,43.526294
-8.898065,21,43.543294
-7.176068,16,43.557297
-7.616026,13,43.567296
-4.876261,14,43.5803
-2.811083,15,43.595294
-3.051674,19,43.616294
-11.636122,28,43.642294
-10.171956,17,43.660025
-2.75993,14,43.673131
-3.386185,21,43.692133
-6.96413,16,43.708132
-11.316749,12,43.720134
-6.757157,10,43.73064
3.721363,32,43.762056
-7.202502,14,43.777088
-7.56636,17,43.791683
-7.616907,16,43.807685
1.205624,18,43.824682
-8.471605,13,43.837682
-7.461551,13,43.849681
0.790444,22,43.867684
-8.927157,20,43.884687
-6.514418,12,43.894685
-12.162387,20,43.912685
-12.070992,11,43.923682
-3.671867,15,43.938686
-4.364698,13,43.950686
-4.869286,13,43.961686
1.85421,28,43.984682
-8.020144,18,43.999685
-0.941197,26,44.022688
-6.435241,15,44.034688
-6.653344,15,44.049684
-8.965798,21,44.071697
-8.004646,11,44.080688
-5.73615,20,44.099684
-4.251643,23,44.120684
-6.555436,12,44.131682
-6.366498,18,44.148232
1.695417,23,44.172235
-8.661971,28,44.200233
-5.411096,11,44.211236
-4.312133,18,44.228236
0.315248,24,44.251234
-11.916902,10,44.259235
-9.489654,11,44.268249
-1.954433,18,44.284246
-4.230208,13,44.297234
-7.278577,26,44.323166
-9.150695,13,44.335148
-8.185257,15,44.349152
-2.82452,19,45.289935
-7.237904,10,45.297927
-5.229821,15,45.310927
-6.039553,11,45.319933
-4.931249,14,45.330925
-8.805506,11,45.338928
1.585073,20,45.358928
-6.078484,17,45.375927
-12.669606,26,45.400928
-11.05221,13,45.413926
-10.907836,12,45.424927
-8.300125,16,45.43988
-3.719104,16,45.45788
-6.057222,12,45.469896
-7.589823,11,45.480881
-0.544595,21,45.500883
-1.707379,22,45.518878
-11.282723,14,45.530885
-8.6006,10,45.540885
-10.41172,19,45.56202
1.000137,24,45.586021
-4.026035,20,45.604018
-6.086783,10,45.611018
-8.09595,18,45.62702
-7.105448,24,45.650102
-9.76098,19,45.672122
-5.074744,16,45.689443
-8.465506,19,45.706732
-7.808383,19,45.722736
-1.634037,18,45.736735
-7.016676,19,45.751734
-3.375506,19,45.771735
-2.176372,23,45.796393
-8.724393,17,45.812406
-9.343354,11,45.822392
-6.529978,16,45.836393
-6.811217,15,45.848391
-4.432858,12,45.859391
-6.782864,15,45.872393
-4.803515,15,45.885391
-6.073364,13,45.897391
-7.020316,14,45.910393
-4.320504,18,45.932394
-5.264086,23,45.956393
-7.427711,10,45.969393
-6.772838,14,45.983391
-4.498733,18,45.999399
-7.787896,23,46.020393
-3.696147,32,46.051469
-4.651452,17,46.069857
-4.108484,14,46.084202
-2.91301,17,46.100327
-5.348176,11,46.110327
-2.902732,14,46.123327
-12.041476,25,46.149707
-5.598553,16,46.167719
-9.391086,20,46.18711
1.257062,21,46.20511
-0.564146,23,46.22535
-1.609551,17,46.239348
-6.992732,14,46.250346
-3.420588,15,46.264764
4.097507,30,46.292766
-13.738951,20,46.310756
-8.942163,20,46.328261
-5.011612,15,46.340793
-8.562504,10,46.349788
-7.078328,19,46.367408
-2.602932,16,46.385926
-6.343159,22,46.409437
-0.014154,39,46.446516
-7.170801,25,46.468438
-6.633807,15,46.483438
-1.267455,16,46.496439
-5.671089,13,46.506456
-5.747585,18,46.522439
-5.816943,18,46.536438
-7.496751,19,46.554437
-1.986594,19,46.570438
-4.981936,20,46.590454
-4.03577,13,46.601456
-2.392168,26,46.625439
-1.578228,20,46.642436
-7.56629,15,46.654436
-7.677757,15,46.666448
-0.369909,19,46.686436
-9.436767,18,46.702121
-1.256452,18,46.718145
-5.583908,10,46.726144
-3.383053,13,46.737143
-0.093133,20,46.754143
-4.416494,13,46.765688
-2.658735,15,46.777938
-2.75454,14,46.793936
-10.135347,12,46.803885
-5.698915,11,46.814184
-6.419139,25,46.837879
-0.06033,18,46.855393
1.892543,29,46.880397
-9.530955,15,46.896716
-5.477666,15,46.91272
-4.691075,22,46.934727
1.95578,23,46.957577
5.703358,30,46.984045
-7.758805,15,47.000044
-6.233458,13,47.011049
-8.602466,18,47.027042
-1.597524,15,47.039043
-6.593051,14,47.051043
1.241368,21,47.069046
-2.853758,30,47.101047
-7.205674,16,47.118362
-9.743737,23,47.140545
-6.495734,20,47.161776
-5.404893,19,47.180001
-7.164838,9,47.187001
-5.312559,14,48.078337
2.429966,23,48.100336
-6.579628,16,48.113339
-1.027133,27,48.137897
3.523453,25,48.158896
-6.536936,17,48.172897
-11.577013,14,48.184895
-4.01815,20,48.202898
-7.266296,9,48.210901
-10.30631,12,48.220897
-11.185499,19,48.241896
-6.947893,11,48.251896
-7.941492,17,48.266894
-5.566903,22,48.288896
1.08232,25,48.315781
-6.029463,17,48.332771
-4.757564,22,48.351777
-5.694774,18,48.365778
1.015882,17,48.379777
-3.616149,17,48.393776
-5.868204,17,48.407774
-4.112568,19,48.423788
-7.857511,11,48.435771
-2.174856,15,48.447773
-6.36782,21,48.466791
-4.607429,24,48.488771
-9.854121,13,48.500771
-2.256435,21,48.518771
6.732326,32,48.548777
0.925193,36,48.581515
-9.311633,18,48.599597
1.303143,23,48.619598
3.358454,21,48.640598
-4.647876,19,48.658597
-5.097876,16,48.6726
-4.208815,14,48.683613
11.290151,38,48.714601
-2.77587,20,48.731596
-6.111474,16,48.748597
-6.617423,13,48.759602
-4.035045,31,48.79016
-1.967131,20,48.809161
-0.626889,20,48.826162
-6.430458,16,48.840162
-2.919645,19,48.856162
-0.977384,18,48.872161
-2.332196,16,48.886159
-2.907381,14,48.900162
-6.153808,19,48.917159
-4.140803,16,48.932166
-2.54634,22,48.95416
-5.092531,24,48.977183
-6.555067,15,48.990161
-5.795136,13,49.00216
-19.307768,21,49.020161
-6.022835,17,49.034161
-4.77784,12,49.04716
-12.287924,23,49.06616
-4.635135,17,49.082162
-6.644067,14,49.09516
-4.7578,15,49.110161
-7.057881,8,49.117161
-6.472763,9,49.126161
-6.775146,15,49.139732
-5.207894,15,49.159314
-6.40652,21,49.185487
-5.199041,15,49.202484
-6.952184,14,49.214495
-5.876751,10,49.224313
-3.75101,15,49.238534
-6.344118,16,49.256499
-7.446827,12,49.267501
-5.138628,25,49.293501
-3.360319,18,49.311498
-8.022195,13,49.325502
-8.353865,15,49.340499
-6.110687,20,49.364501
-3.742934,17,49.381502
-6.675164,10,49.390913
0.07719,30,49.4181
-2.563476,14,49.431101
-6.547108,11,49.442101
-6.834936,14,49.458102
-8.409577,16,49.4721
-1.721163,30,49.498101
-7.433099,15,49.510114
5.317952,29,49.534106
-4.184337,23,49.553102
-9.255137,27,49.577105
-11.858004,28,49.603105
-9.334945,24,49.6231
-5.473649,12,49.632103
-5.199379,14,49.643102
-8.014671,22,49.662113
-3.40076,13,49.673104
-2.699523,22,49.691103
0.932758,21,49.709117
-1.533895,22,49.7291
-7.12125,10,49.737853
-8.140562,17,49.751876
-3.332889,19,49.771874
-8.131492,19,49.789463
-6.946493,18,49.805485
-2.645914,19,49.822469
-5.295766,26,49.845463
8.23601,31,49.87547
-7.36632,11,49.885463
-4.999564,21,49.907467
-2.810111,22,49.928464
-7.711663,14,49.940468
-5.037652,16,49.955578
-6.488189,18,50.947021
-3.083401,16,50.961019
-1.115217,21,50.97902
-1.490001,15,50.991021
-3.563901,15,51.005021
1.829096,24,51.03002
-10.098075,15,51.043022
1.572286,39,51.07402
-2.730417,19,51.08902
-7.795326,17,51.103019
-3.166928,16,51.118025
-2.114969,23,51.137579
-7.135302,22,51.158577
-2.150959,21,51.175581
-4.852819,25,51.197577
1.988579,28,51.22258
-2.337893,15,51.236578
-10.003513,11,51.24658
-3.699944,15,51.259593
-6.552026,14,51.271577
-1.75674,20,51.287154
-3.602557,16,51.300236
-3.55893,15,51.315238
-1.68253,32,51.351236
-3.740023,18,51.368251
-5.842526,13,51.380236
-8.82302,17,51.398235
-10.179798,17,51.413235
-7.044392,12,51.427251
6.674671,29,51.454238
-7.188351,16,51.467237
-1.661725,19,51.483235
-3.049894,20,51.501236
-4.408899,22,51.519234
-2.292567,27,51.546236
-3.409474,17,51.560236
-5.227881,12,51.570236
-9.069304,23,51.590236
-6.670732,13,51.603009
-8.605857,14,51.616009
-1.250208,21,51.639011
-6.793127,9,51.649007
-8.636311,21,51.669008
-2.481407,16,51.684008
-9.222862,13,51.69801
-5.799086,13,51.710363
3.943489,24,51.729363
-6.206404,14,51.743364
-5.301368,14,51.757363
-12.346588,16,51.771931
-4.378937,20,51.788472
-3.504529,19,51.80447
-1.787307,21,51.825488
-1.525659,25,51.850472
-9.3463,12,51.861491
1.881154,23,51.883471
1.156848,17,51.898471
-4.440089,12,51.909472
-7.679983,10,51.920473
-5.059673,13,51.93247
-1.778098,18,51.952557
-10.351022,15,51.969556
-0.734111,26,51.994924
-4.331299,16,52.009922
-6.079423,19,52.026931
-4.353523,19,52.047286
-5.928813,12,52.059285
-6.560778,12,52.069285
-10.190233,20,52.087285
3.233395,23,52.107286
-7.177301,17,52.121287
-3.78359,19,52.138867
10.595244,34,52.169886
9.358644,36,52.203866
-1.656091,15,52.217868
-0.130592,19,52.233868
-6.821261,17,52.250869
10.166092,36,52.283951
-4.213093,27,52.310846
-3.203524,15,52.322847
-1.887661,22,52.34085
-5.342755,16,52.357856
-2.971369,21,52.374847
-8.807891,17,52.390846
-8.275314,16,52.407275
-3.75886,23,52.43026
-12.933475,13,52.444259
8.142256,38,52.486276
-1.871241,18,52.503263
-11.579317,15,52.517262
-3.948036,25,52.541261
-6.181174,11,52.552292
5.525045,29,52.578506
-3.651995,16,52.593506
1.539989,21,52.610502
-1.266129,22,52.628506
7.958261,31,52.655502
-7.178627,20,52.674504
-5.370333,13,52.684502
-12.651581,11,52.693507
-1.44106,16,52.707642
-5.926921,21,52.728131
-0.370979,25,52.750133
-2.29639,26,52.779132
4.201682,32,52.811748
2.724131,27,52.840744
-8.580176,15,53.783286
-3.435016,16,53.801469
-7.314881,14,53.814647
0.304934,35,53.846096
-2.0693,28,53.872101
-4.98238,17,53.8861
-8.862603,22,53.909581
-3.807913,26,53.937582
-8.293652,22,53.960582
-2.865296,15,53.976823
-5.703004,18,53.992481
-4.017893,30,54.020468
-7.533876,27,54.043965
-6.607052,15,54.057963
-3.636363,17,54.073967
-5.920985,26,54.094964
-1.424913,20,54.114969
-4.809199,20,54.132964
-3.322306,21,54.152623
-1.327001,26,54.174624
-5.291695,16,54.188624
-7.733402,9,54.196625
-6.035901,17,54.213622
-6.907997,13,54.223622
-6.662503,15,54.235623
-6.386284,12,54.24563
-10.398713,14,54.257636
-11.448597,13,54.267635
-5.097394,10,54.276621
9.651612,37,54.310409
-5.0166,34,54.342376
-9.698274,22,54.362372
-5.969157,16,54.375729
-7.225295,30,54.400678
-6.693804,24,54.426678
-3.547265,14,54.43768
-8.884276,16,54.451684
-1.401389,23,54.47368
-4.882552,19,54.48968
-1.099637,24,54.513685
-5.591063,15,54.527685
-6.266525,15,54.541679
-5.33321,14,54.55569
-5.736572,23,54.57468
-14.063789,16,54.588678
-4.98058,12,54.599729
-9.559467,31,54.627693
-1.896122,17,54.64268
-4.165183,11,54.652678
-7.337418,18,54.667681
0.092581,20,54.683678
-5.092005,26,54.704681
1.590998,25,54.727681
-11.268426,22,54.749679
-3.380696,17,54.765734
-8.047365,16,54.78068
-6.35451,15,54.795285
-1.426178,19,54.815018
-7.217039,14,54.827019
-5.808253,16,54.843021
-8.577112,14,54.85702
-7.117714,17,54.87202
-9.535549,17,54.889202
3.319319,22,54.908198
-10.782225,18,54.928201
-4.141766,19,54.946198
16.015301,39,54.979205
-5.378401,31,55.012204
-7.753502,19,55.034202
-0.597411,24,55.058198
-10.355061,19,55.074198
-4.774207,20,55.093299
-6.122707,17,55.108305
-4.323577,18,55.125306
-13.561796,28,55.150972
-1.912247,23,55.172852
-7.985818,13,55.186839
-7.90512,14,55.200841
-5.074761,12,55.21484
-1.20944,26,55.247839
-8.266609,14,55.262857
-5.300884,19,55.277837
0.557516,31,55.303837
-5.933081,19,55.321836
3.040974,29,55.34784
2.980903,21,55.365839
-10.296565,18,55.379842
-6.309384,11,55.389839
-2.70844,32,55.416618
-3.451154,17,55.436616
-1.165192,23,55.459188
0.447624,22,55.481189
-5.672222,23,55.500192
-3.540329,17,55.514192
10.554153,37,55.546191
-3.056855,16,55.560418
-8.829425,16,55.576094
-11.174468,14,55.590095
-7.38664,17,55.606594
-6.316662,12,55.617607
-8.246103,15,55.631593
-1.672705,22,55.653596
-6.202993,20,55.673599
-7.75025,16,56.584397
-1.632518,27,56.610397
-4.859155,17,56.624393
-11.209759,23,56.646393
-6.239049,14,56.658398
-5.850546,19,56.676393
-9.549141,21,56.694395
-7.856253,9,56.702393
-5.200766,27,56.727395
-5.511913,20,56.743399
-11.020374,23,56.763082
-0.50242,23,56.786661
-6.789677,25,56.80966
-0.698598,27,56.834661
-7.596128,13,56.844658
-10.775065,16,56.858661
-6.974847,17,56.874663
2.143853,25,56.895658
-6.840015,26,56.920662
2.669705,32,56.94666
-5.514684,35,56.979674
-5.703898,32,57.009661
-0.532885,26,57.032658
-7.202274,20,57.050382
-7.917958,8,57.058472
4.554546,40,57.095471
-2.92994,16,57.111476
4.061787,36,57.146759
-1.346282,25,57.168756
1.682849,19,57.186842
-5.782877,20,57.206757
1.578688,39,57.239757
-5.449656,12,57.25276
-3.778825,19,57.272758
-11.086778,16,57.288758
-4.473545,18,57.304013
-7.425461,32,57.332918
-8.258806,13,57.344919
-10.649695,19,57.36411
-7.020472,20,57.381108
-5.876163,17,57.39711
-5.668711,18,57.415107
-6.024944,46,57.45411
-5.075976,13,57.465111
-4.76236,19,57.480113
-1.714101,15,57.495112
-5.26931,24,57.521112
2.172201,26,57.549217
-4.857862,29,57.578209
-3.116069,25,57.60321
-12.41163,28,57.627209
-8.816403,9,57.634209
-4.954683,13,57.645213
-5.703723,27,57.667209
-0.199957,26,57.687209
-1.310875,26,57.713212
-7.696234,13,57.72521
-3.435148,22,57.746214
0.3273,19,57.764214
-7.40518,25,57.786791
-5.701004,13,57.80079
-11.028043,12,57.810807
-3.081528,23,57.834372
-5.846124,26,57.85771
-5.544185,18,57.874712
-3.348566,15,57.886712
-5.03925,27,57.913713
-5.780215,12,57.925723
5.924229,28,57.949725
-2.7252,19,57.964725
-7.232513,14,57.975724
-3.769801,24,57.995724
-2.045184,21,58.015723
-4.989763,19,58.032725
-1.866939,26,58.058725
-3.417003,19,58.076729
-2.818434,22,58.093724
-2.363235,24,58.118736
-5.406553,18,58.135264
13.49192,40,58.173269
-5.199179,19,58.190328
-7.273068,17,58.210268
4.873094,23,58.230282
-2.103555,28,58.256271
7.23541,36,58.289274
-6.142496,15,58.303634
0.441413,25,58.32861
-9.156699,14,58.341607
1.721569,23,58.362607
-13.98081,16,58.378609
-5.104719,13,58.390608
5.566105,31,58.423733
-9.630999,22,58.444876
-6.873842,21,58.466094
-2.014942,16,59.387066
7.460161,43,59.425066
-0.300982,28,59.45107
-6.483928,37,59.486725
-0.312895,21,59.508886
-5.438673,17,59.524936
-1.763319,30,59.557937
-0.134837,20,59.579356
-5.850883,12,59.590344
-7.828761,22,59.611343
4.884003,45,59.654393
-2.782713,25,59.677391
-9.325567,26,59.700393
-6.381597,29,59.7234
-5.797343,15,59.736389
3.273999,26,59.76239
-4.942355,13,59.776074
-3.228235,36,59.808672
-1.689297,30,59.83567
-15.379007,21,59.855671
-5.3038,26,59.886048
-10.702613,22,59.912396
-13.468058,27,59.947037
-2.17732,20,59.972036
-2.047344,24,59.996092
-12.410194,21,60.016093
-9.999768,22,60.037094
-8.968384,14,60.057517
-2.025685,18,60.084947
-3.735227,27,60.116183
-6.134501,13,60.13018
-2.552861,27,60.160302
12.824052,45,60.197302
-2.166948,22,60.216303
-0.87064,21,60.233306
-7.19318,20,60.248317
1.068222,32,60.277306
-8.484832,9,60.286304
-0.970742,28,60.313309
-8.274273,15,60.328579
-7.952388,11,60.337579
2.40764,32,60.366579
-2.748522,28,60.391582
-3.852604,21,60.409583
-8.505288,29,60.43547
1.556703,32,60.468473
-8.821185,25,60.491881
-4.712254,22,60.509864
-7.218354,18,60.524862
-4.556001,27,60.547868
-0.753914,26,60.571862
-6.273272,18,60.587863
-6.119459,16,60.601864
-9.641069,29,60.627861
-17.140087,25,60.649863
-4.990125,25,60.676862
-3.381988,18,60.693001
-8.893227,19,60.709999
-6.69984,15,60.723017
-2.658052,27,60.748212
-5.631196,21,60.765211
-6.476685,26,60.789754
-6.835414,17,60.805751
-5.314858,16,60.818751
-7.569636,11,60.828751
0.6929,36,60.861693
-6.499907,11,60.871689
1.00945,24,60.89469
1.370982,37,60.92669
-7.543822,13,60.938689
-2.96209,31,60.96769
-6.934893,21,60.990694
-2.429967,19,61.005692
-1.497823,21,61.025693
1.029314,35,61.054693
-2.685057,20,61.07469
-4.895964,20,61.09369
-6.708476,13,61.105689
0.482153,37,61.138964
0.66733,30,61.163035
-2.904704,18,61.180058
-7.466094,22,61.204078
-7.984353,21,61.222267
-1.371425,20,61.241757
-9.411702,26,61.26576
-9.425371,25,61.286757
1.594864,27,61.312761
6.151582,30,62.28792
13.388514,41,62.329995
-8.837908,47,62.372993
-4.135337,18,62.387993
-7.529655,13,62.398998
-8.02728,21,62.41601
-9.871744,12,62.427994
-8.684276,12,62.437996
1.626102,22,62.456009
-7.061662,21,62.472994
-0.694998,28,62.496548
-10.922673,21,62.513705
-9.448688,13,62.527704
-1.522873,23,62.547706
-1.051554,38,62.579721
-3.511676,26,62.600722
2.607241,34,62.631702
-6.218514,15,62.643705
-8.978153,35,62.676703
-9.491154,16,62.690706
-2.007408,24,62.709703
13.74104,40,62.746707
6.717298,33,62.774707
-5.225339,27,62.799409
-6.641062,16,62.812394
-4.299492,28,62.839399
-10.45663,13,62.851388
-7.450338,15,62.86339
-5.57472,13,62.874392
-2.738371,17,62.888389
3.907076,29,62.916725
-9.069037,26,62.943921
0.70532,32,62.97692
-1.348899,20,62.99619
-0.860064,23,63.017189
-4.973007,26,63.041189
-7.697846,23,63.060204
-13.515894,20,63.078189
-3.5012,31,63.105188
-3.390517,16,63.120191
-2.711428,17,63.133193
-5.552194,21,63.153744
-5.505494,23,63.174741
-3.173807,31,63.203743
-0.034146,27,63.225741
-8.507543,16,63.240741
-3.958743,44,63.277756
-10.898856,21,63.29874
-6.596141,21,63.315744
-7.268603,21,63.336247
-3.116725,19,63.356266
-6.479214,27,63.382271
-1.022224,26,63.405266
-2.318636,35,63.439309
-5.713493,16,63.457265
-14.84534,24,63.482308
-3.288729,22,63.508268
1.372825,22,63.542659
-2.695094,23,63.579668
-2.990199,19,63.604666
-0.265127,24,63.632667
-11.477076,20,63.654666
-4.729638,17,63.670665
2.816237,35,63.703666
-1.411957,25,63.725664
-2.227094,19,63.74168
-1.774638,27,63.766664
-6.275653,16,63.783215
-14.857208,24,63.805962
0.013911,29,63.851842
-13.608713,19,63.879956
-3.684703,16,63.896955
-5.620899,40,63.938955
2.260077,35,63.976956
0.326392,34,64.009953
-7.090154,20,64.032955
-7.584295,14,64.049081
-1.500275,39,64.093238
-9.066382,19,64.111238
-2.385213,51,64.159638
-6.828355,14,64.173664
-3.955957,24,64.194664
0.107682,20,64.211665
-8.927402,17,64.226667
-1.698653,20,64.245665
-9.366072,21,65.279738
0.311455,33,65.313764
-7.50392,13,65.324767
-5.622078,35,65.357764
-0.001021,21,65.376783
-3.234968,36,65.413932
0.254829,21,65.431932
-15.874886,29,65.458934
-11.383348,32,65.485931
-4.853143,16,65.500933
6.402098,42,65.53893
2.197788,39,65.574932
-3.162836,29,65.59893
-7.082872,30,65.624932
-5.159761,21,65.641931
0.584238,32,65.671932
-2.812983,35,65.702932
-8.282908,19,65.719934
-6.226842,16,65.733931
-10.25655,20,65.754104
12.027503,41,65.79165
-0.644063,30,65.82317
-7.993107,15,65.83768
-13.636626,27,65.866642
-10.28359,15,65.880662
-2.754911,17,65.897666
-9.354932,18,65.913664
-3.838934,19,65.933679
10.958849,35,65.966664
0.629113,41,66.003718
-7.712653,35,66.037717
1.337825,22,66.05872
-10.50596,19,66.076716
-5.210801,27,66.102716
-3.908874,27,66.127718
-2.829367,23,66.150278
-3.713568,38,66.184277
-13.47795,23,66.204728
-4.722957,20,66.22173
-4.836301,30,66.251745
-5.785598,11,66.26173
-2.756317,17,66.27573
-1.226115,27,66.302371
14.018614,49,66.362505
-4.763074,33,66.397492
3.732538,32,66.429492
-8.500762,46,66.475494
-8.003773,25,66.497493
24.901626,78,66.56609
2.206747,29,66.594426
-2.855896,30,66.62012
0.10177,33,66.650118
-11.613722,48,66.695792
-6.19195,22,66.714792
-14.891716,53,66.773946
-6.663757,29,66.802845
2.3689,30,66.830066
17.204978,46,66.883051
-2.898958,15,66.89915
2.05504,54,66.951772
-3.511907,41,66.992945
-2.858214,30,67.019962
-3.784369,24,67.039962
-8.801164,24,67.06295
4.236728,34,67.094947
-1.019661,25,67.114947
-3.062233,33,67.140495
-9.62866,19,67.158494
-9.101552,26,67.181493
-11.219821,19,67.198491
-5.831392,18,68.19785
-11.231352,27,68.223469
-8.937425,14,68.239336
22.66845,115,68.382944
25.509499,115,68.491169
-5.423859,38,68.523172
14.520606,53,68.573171
1.723819,37,68.61417
-10.287971,26,68.643035
-2.914551,40,68.686884
-3.950535,38,68.734909
-9.205208,15,68.749568
-0.889465,29,68.778683
-2.894214,77,68.854408
-7.497577,29,68.878405
4.220451,40,68.915094
-5.411886,36,68.948108
-6.1106,20,68.965095
17.747271,82,69.040844
-4.14987,18,74.125831
10.723298,73,74.195752
4.880745,35,74.226748
-6.341802,26,74.255745
-1.201665,20,74.273745
-1.583622,19,74.290744
0.7185,26,74.316021
-4.636104,29,74.346997
2.285754,31,74.376996
-6.293528,24,74.395996
-3.035974,25,74.416007
11.450084,54,74.468998
-2.217275,25,74.491542
-4.777882,18,74.507555
-5.222594,30,74.531538
11.315641,59,74.593207
-2.340956,27,74.621127
-10.232201,49,74.670126
24.459654,80,74.742645
-0.972784,43,74.784461
6.955293,42,74.823463
-8.026213,32,74.850461
-5.31134,19,74.868461
2.420031,25,74.891464
0.444833,22,74.912465
-3.643173,34,74.944461
2.638692,35,74.974463
-0.199091,25,74.995463
-0.475098,28,75.020465
5.976813,59,75.074392
-3.742644,14,75.087038
28.206014,85,75.167879
14.843344,60,75.222895
16.585481,87,76.230901
-6.586133,23,76.251904
2.172273,39,76.2869
7.26535,60,76.341673
-4.250799,55,76.386667
-5.161347,34,76.416667
13.164213,96,76.515182
-1.118805,36,76.555005
5.33654,39,76.591916
1.139431,61,76.649998
5.307851,45,76.687999
5.427607,33,76.714015
6.239007,44,76.755331
-7.306259,15,76.769329
-9.105067,30,76.800892
-1.346851,20,76.824894
5.484563,51,76.866893
1.475966,20,76.884892
-13.372112,42,76.922898
-4.235045,16,76.938902
-4.68003,16,76.953894
22.958601,106,77.059956
-6.087867,38,77.09576
-9.022301,48,77.139542
8.783706,53,77.190058
-6.565197,17,77.20383
5.289592,34,77.234824
5.305912,29,77.260823
-4.03499,30,77.286824
-12.194545,40,77.326825
4.109229,44,77.366838
6.772137,32,77.394829
-0.862695,19,77.409825
0.391161,31,77.439841
12.225334,47,77.483843
-6.256255,24,77.505218
0.87534,37,77.537219
1.330752,23,77.56322
3.275454,35,77.596486
3.715808,32,77.625483
-0.728027,25,77.653984
2.314145,70,77.716753
4.763377,55,77.77556
-4.089327,76,77.860614
-4.83616,34,77.8936
-0.572515,35,77.9236
-3.701287,28,77.945601
3.806304,40,77.981601
-5.861286,34,78.0096
-1.489282,44,78.0476
19.334351,71,79.06753
18.379207,54,79.114907
-4.219993,50,79.157499
15.755536,90,79.241483
-0.796407,60,79.296483
0.066433,30,79.321481
5.864971,62,79.375481
-10.347591,23,79.397949
-2.164036,38,79.433849
-8.874313,30,79.46024
-8.643527,45,79.500038
2.211918,72,79.567524
3.653828,49,79.612525
10.210934,89,79.687527
16.96241,69,79.747527
155.050519,261,79.997296
-3.851192,56,80.050729
8.614144,69,80.113732
-2.98744,33,80.142273
3.352359,43,80.177962
10.623346,63,80.233968
-11.777548,31,80.261986
132.840794,270,80.513058
175.894045,337,80.812601
-10.420334,27,80.837604
8.578171,93,81.863943
2.277117,63,81.917948
0.174427,54,81.967955
34.240333,172,82.119959
4.616143,30,82.145491
-6.881485,23,82.170492
37.318424,89,82.25624
261.055897,461,82.69892
-1.408,17,82.712935
-3.2462,42,82.747922
-6.640517,34,82.777921
258.672482,411,83.143732
-5.820209,12,83.153748
52.870563,132,83.269598
130.174559,234,83.490289
-13.300945,29,83.518275
11.587232,61,83.576736
32.42261,76,83.64575
154.733485,292,84.835035
-7.328205,25,84.861035
25.794793,92,84.944036
-6.486762,28,84.968037
20.487115,86,85.054034
187.960709,322,85.335445
-8.331196,32,85.36546
-5.92714,72,85.432444
-15.107641,95,85.516444
117.447781,298,85.793743
127.960106,223,85.991741
-15.218993,43,86.027741
246.369784,393,86.376137
7.58125,48,86.425136
13.792825,49,86.469153
-4.226033,65,87.423178
-4.390671,34,87.453176
121.95597,216,87.655174
88.033611,199,87.846724
83.96318,162,87.999135
118.649288,197,88.168683
56.341267,150,88.299665
11.586832,70,88.362986
111.319136,205,88.546246
114.769179,220,88.746625
100.202257,262,89.004471
75.554016,190,89.172588
317.411615,491,90.531417
56.038561,152,90.658418
110.33175,235,90.86328
82.975587,149,90.9985
69.670385,171,91.176805
22.584697,75,91.279804
90.087627,174,91.432803
144.192906,249,91.649804
100.074328,177,91.805343
311.466297,526,93.193269
93.595843,177,93.357462
136.389175,244,93.598683
60.794566,140,93.726592
260.665228,406,94.086196
77.764523,217,94.276767
-0.069413,62,94.332825
119.996097,207,94.521642
16.741475,77,94.589645
146.121813,257,94.82818
103.29016,177,95.922112
163.129789,269,96.169304
187.434347,313,96.440687
147.438945,250,96.662686
219.736817,350,97.003227
412.214717,628,97.576068
211.576707,333,98.790613
174.041705,289,99.046496
242.760992,399,99.413213
10.603863,69,99.476211
184.561411,290,99.734474
96.283766,182,99.915056
277.354528,426,100.314375
122.416954,222,101.412972
134.871128,237,101.630322
512.644839,770,102.312473
293.942983,473,102.791345
113.02133,214,102.991821
407.263157,622,104.535682
240.012524,393,104.916456
406.052295,612,105.457802
78.051918,173,105.613801
436.622534,676,107.168213
269.942372,412,107.551583
282.621848,479,108.002487
178.190141,307,108.301111
340.596452,559,108.804993
801.108178,1315,110.934756
238.181044,398,111.285037
935.131354,1500,113.616169
746.247475,1244,115.624547
940.084628,1500,117.003631
948.990691,1500,119.2299
632.223779,1116,121.113018
605.581031,998,122.002024
376.686366,698,122.63618
235.834916,398,123.891726
1014.796424,1500,125.234192
942.087141,1500,127.461031
1044.277628,1500,129.74026
550.679036,863,130.536433
725.505115,1084,132.389932
753.720517,1125,133.401142
234.30052,371,134.65202
228.000987,352,134.983121
928.610091,1500,136.336939
210.454541,384,137.666626
239.631749,431,138.082648
623.55432,938,138.944061
537.587685,832,140.600141
632.544096,940,141.454584
189.135748,321,141.73457
843.069065,1226,148.60431
934.955665,1364,150.694812
779.442877,1135,151.706358
626.006996,985,153.499072
718.227733,1073,154.462772
918.295616,1280,156.61509
743.244966,1050,157.607942
319.310514,514,159.051497
322.430619,496,159.505284
757.990782,1051,160.553811
894.117124,1302,162.635984
580.788679,851,163.434257
1105.838476,1500,165.684381
774.797219,1117,167.613162
649.31329,942,168.457788
906.869025,1271,170.543738
484.10806,706,171.196872
1036.947808,1500,173.839928
150.854734,262,174.097272
295.952536,451,174.498718
233.92704,378,174.832392
619.962117,924,176.645407
425.649089,637,177.210569
1103.26562,1500,179.465248
357.74271,537,179.948517
900.392238,1270,182.022306
580.039402,829,182.844048
272.442494,405,183.209496
187.196008,303,183.48632
1074.860077,1492,185.787618
1072.85952,1488,188.317098
606.445798,883,189.280445
337.401747,499,190.951273
380.831912,574,191.629852
1101.916924,1500,194.334544
110.901638,191,194.51649
879.606404,1255,195.6857
806.231846,1129,197.587147
754.339113,1066,198.554797
1105.630637,1500,200.837992
425.847229,645,201.432326
806.201741,1128,203.507924
761.071859,1070,204.509606
529.973637,760,206.131237
966.303203,1322,207.287903
375.928174,551,208.701747
1129.467303,1500,210.059088
1004.606904,1374,212.192285
378.206117,564,212.706459
968.688187,1347,214.845948
834.075433,1142,216.75931
1016.804719,1500,222.817484
678.603594,955,224.61605
1139.155503,1500,226.873185
747.91327,1031,227.816868
563.057319,788,228.523235
258.668012,394,229.77505
321.997191,484,230.201258
455.971551,648,230.795251
1128.573457,1500,233.057697
666.529788,938,233.905558
402.408245,596,235.372163
1122.850564,1500,236.711705
117.83918,206,237.791605
589.196034,821,238.493249
944.616844,1307,240.554934
582.567346,820,241.296082
1124.929617,1500,243.49331
877.067462,1231,244.596916
537.803816,758,246.169118
1106.788712,1500,247.475908
1055.311493,1442,249.695738
1141.908583,1500,251.979068
201.656008,323,252.278897
1112.198923,1500,254.519358
1137.429636,1500,255.857323
306.790649,445,257.164193
304.782764,449,257.553088
1135.114321,1500,259.808075
977.016242,1327,260.991814
1126.045234,1500,263.229089
1122.332696,1500,265.505975
393.794734,602,266.055245
439.193932,618,266.589182
304.112768,448,267.934433
1135.740956,1500,269.332719
864.123004,1189,271.337025
204.001839,311,271.624437
415.669014,593,272.167583
1127.637578,1500,274.407121
669.20126,927,275.233901
572.101793,795,276.819613
1135.234362,1500,279.06533
228.548236,341,279.38579
134.394795,213,279.571786
568.025731,787,280.261869
502.390571,699,281.808353
899.276276,1213,282.892128
155.171738,255,283.11378
1154.394734,1500,285.385544
1015.376071,1353,287.521577
733.106481,1006,293.28633
422.846565,588,293.846801
242.374589,358,295.060908
1137.205763,1500,296.431866
823.529077,1099,298.279569
842.424776,1127,299.280193
102.778879,197,300.363395
619.412153,847,301.113921
422.593534,594,301.628433
156.051531,238,301.840909
667.356333,912,303.572975
615.150257,840,304.327163
681.10366,925,306.070163
474.424911,650,306.664793
697.813263,940,307.481618
154.405068,258,308.608737
554.76429,765,309.298373
668.193452,927,310.12697
938.685556,1263,312.18842
582.019623,814,312.903636
1099.927891,1500,315.178546
826.627664,1108,317.091609
170.012169,272,317.332907
225.328252,348,317.641789
636.836709,874,318.43764
922.549053,1227,320.443443
547.473335,765,321.134586
458.41208,640,322.627375
716.884284,972,323.482385
384.865468,549,323.967262
786.813766,1060,325.852274
549.623993,760,326.515659
1138.738534,1500,328.769564
581.005743,808,329.510897
612.814598,845,331.16293
668.320494,904,331.984576
1151.10487,1500,334.315022
1150.150978,1500,336.621759
591.186033,805,337.372046
508.96346,711,338.896771
513.438688,712,339.542211
213.640784,330,339.84223
351.344404,499,340.291952
641.757184,863,342.010871
698.947944,941,342.846224
485.785006,673,344.363928
464.853505,664,344.969972
1024.928419,1367,347.073771
1161.104547,1500,348.425186
867.964783,1189,350.395233
715.004408,972,351.262577
1149.195191,1500,353.551942
773.603284,1041,355.413958
413.192197,582,355.934213
1127.995191,1500,358.174703
177.988198,279,358.447542
679.551211,942,359.299854
570.007927,783,360.916867
286.520346,402,366.095084
741.383133,1009,366.99519
215.968992,320,367.28153
838.381088,1129,369.254652
1064.872976,1427,371.449613
1151.878461,1500,372.800267
830.295029,1116,374.705515
781.835186,1077,375.669434
957.621802,1284,377.74545
595.746425,824,378.469728
692.356933,937,380.218275
403.213424,569,380.721921
530.724105,738,382.326488
1150.083719,1500,383.742146
969.468979,1303,385.857438
901.775322,1209,387.875912
132.796818,219,388.073756
848.636936,1163,389.123835
192.48515,293,389.374059
197.997471,303,389.634177
1147.438734,1500,391.87434
978.339478,1319,393.968457
908.296535,1230,395.067591
905.886951,1218,397.06514
538.870838,739,397.709175
298.316923,427,399.018614
539.695826,734,399.693223
882.459267,1186,401.714185
340.207916,601,402.268907
186.902546,287,402.527001
647.089575,877,403.334647
177.620559,272,404.511816
161.085181,239,404.728467
507.991178,707,405.347031
805.351925,1081,407.228634
724.303364,976,408.079493
159.518357,250,408.305166
270.437444,393,408.639105
1153.700296,1500,410.91117
332.453177,472,411.324966
559.263948,764,412.936411
205.158093,308,413.210242
284.446742,407,413.602204
1161.018637,1500,415.830713
615.057117,840,416.59303
732.442642,978,418.37798
947.465532,1258,419.515875
365.001644,512,420.909996
648.976363,880,421.690158
616.376584,840,422.458545
694.234832,958,424.243834
699.471705,959,425.106221
919.944045,1227,427.118221
206.710388,306,427.39343
153.719538,246,427.632105
1154.274131,1500,429.888007
1107.548907,1481,432.231907
1160.26461,1500,436.252262
1154.841347,1500,438.51156
894.523356,1226,440.574543
236.040488,343,440.873378
1162.29778,1500,443.238583
387.709395,543,443.744513
372.766444,529,444.219631
912.204073,1210,446.213028
680.855433,916,447.013704
381.191874,527,447.477352
900.052315,1199,449.513652
414.27179,569,450.030016
938.222112,1240,452.093951
567.636217,769,452.773213
1155.991512,1500,455.01109
595.247248,815,455.732496
268.571277,441,457.031773
190.06502,292,457.289402
337.513588,487,457.733538
204.222198,309,458.000277
64.998359,155,458.137821
495.671675,675,459.662743
720.641469,985,460.52596
989.201908,1310,462.623078
1151.777366,1500,463.975702
733.425595,1007,465.803605
1073.826513,1420,468.08519
1125.200925,1488,469.449786
124.077237,194,469.640783
196.463434,303,470.803301
521.690674,721,471.460618
1159.695637,1500,473.743091
1161.336507,1500,475.100123
870.120059,1169,477.053821
635.562048,866,477.821104
1156.630746,1500,480.087801
927.030285,1232,482.120205
722.881477,974,483.039613
577.942325,779,484.650521
701.969793,931,485.449641
1163.794136,1500,487.723141
1167.075367,1500,489.060462
977.814971,1291,491.117515
357.559425,493,491.587517
980.46316,1303,493.689589
1163.187361,1500,495.920411
801.013899,1074,496.862235
1107.127716,1468,499.09142
581.738525,787,499.810639
947.334012,1256,501.84622
285.581659,411,502.215681
846.771986,1134,508.083589
289.554405,422,508.480919
931.264439,1253,509.602878
102.049445,187,510.666889
1136.266648,1498,512.025875
1149.911377,1500,514.277517
320.937395,456,514.687103
918.254399,1220,516.675761
1155.780141,1500,518.887559
1153.64072,1500,520.204703
378.631969,530,521.602631
788.367172,1052,522.580499
241.813182,359,522.900039
1156.402671,1500,525.146162
268.488686,390,525.513968
1158.586526,1500,527.760628
507.668357,698,528.383892
1128.811208,1500,530.616134
736.000848,999,531.515605
246.516786,366,532.802867
1158.546657,1500,534.244899
1132.39757,1494,536.537989
790.999425,1054,538.378513
1160.156268,1500,539.723284
133.46767,215,539.92884
1163.148482,1500,542.149057
1127.944071,1497,544.359458
1159.39596,1500,546.610333
405.854428,565,547.118672
1165.500274,1500,549.398789
1078.416896,1430,550.652832
913.501109,1232,552.701853
964.304303,1278,554.746925
541.318206,731,555.400727
989.583949,1301,557.498329
850.126323,1125,558.507156
1166.93966,1500,560.76284
445.405836,617,561.325874
1160.884775,1500,563.627382
1004.514743,1328,565.77079
193.08655,293,566.027248
683.555345,920,566.850026
713.853623,962,568.619419
504.969736,681,569.199193
639.021887,865,569.97114
602.368335,817,571.606963
691.454965,918,572.409917
526.304081,716,573.964194
993.194923,1316,579.89904
743.571823,993,581.689167
6.896333,98,581.773164
579.845389,784,582.469815
668.088575,890,584.153485
612.56506,830,584.925169
508.111986,758,585.603725
455.445234,627,587.066412
803.203012,1079,588.05248
730.544523,976,589.805121
784.417259,1059,590.768088
1018.878711,1364,592.881617
443.487087,610,593.394944
500.824878,681,594.036553
1102.15,1471,596.219364
385.071032,546,596.701722
516.257058,703,598.269932
865.98459,1156,599.320597
476.80622,652,600.87326
502.068913,686,601.492731
961.972943,1286,603.585663
336.049378,482,604.017477
939.244408,1268,606.038505
1159.747322,1500,607.38101
697.593445,944,609.117628
183.500242,269,609.345589
1156.772388,1500,611.59597
676.373772,919,612.427518
540.511341,735,613.072105
511.763486,694,614.58007
193.658583,305,614.863153
896.788907,1189,615.951302
1147.124417,1500,618.218029
1019.025286,1339,620.355775
208.814951,307,620.615942
1070.61694,1415,622.82235
511.626535,696,623.453831
735.347582,981,624.338627
1046.737175,1379,626.484778
136.968753,216,626.664037
249.603629,361,626.973904
812.85296,1107,628.907534
401.037423,554,629.398187
1163.702985,1500,631.635261
775.089201,1033,632.573242
119.694127,200,633.631064
332.169737,468,634.038367
804.841297,1069,634.995328
1162.950677,1500,637.239288
790.836548,1056,639.103105
259.698611,376,639.449152
188.465834,276,639.694156
486.648139,664,640.290778
1165.773836,1500,642.520983
1084.878667,1432,644.728896
272.859257,387,645.067519
383.874804,534,645.53712
1160.022019,1500,652.553754
1104.569848,1452,654.804656
1071.202016,1415,656.052375
588.831386,793,657.693248
687.906354,935,658.527669
867.227193,1160,660.436467
542.768933,740,661.098567
597.349887,798,661.808656
634.898333,845,663.458605
918.38295,1214,664.573857
511.428493,694,666.147788
335.278244,466,666.594489
1172.100349,1500,668.86567
1169.491108,1500,670.214799
655.638958,883,671.927873
537.5233,727,672.595699
1028.813317,1362,674.69831
381.70036,533,675.181589
268.892224,380,675.514557
557.520152,753,677.098075
532.613231,715,677.727434
637.619278,853,678.504813
1165.440108,1500,680.74166
872.13819,1157,682.677119
609.701742,818,683.411502
1081.172907,1423,685.617821
200.255947,299,685.879818
793.079365,1054,687.745523
569.747748,767,688.44186
1039.724341,1369,690.543667
1166.662222,1500,691.872055
194.766015,288,692.124053
669.243979,888,693.803539
419.9224,565,694.315763
311.707041,434,694.706523
545.962971,736,696.28251
1167.552061,1500,697.64434
294.424051,416,698.931291
599.86331,809,699.645436
675.877532,903,700.44656
429.040657,601,701.892818
1105.824825,1464,703.197791
1004.121827,1324,705.302535
133.254775,210,705.51
1166.036939,1500,707.748453
428.24189,582,708.24756
116.77206,195,708.422628
528.300284,720,709.985569
1031.904766,1370,711.238232
819.539272,1086,713.05249
626.338981,846,713.8405
961.856556,1270,715.932488
471.364845,652,716.512256
838.462549,1113,723.273532
1168.643592,1500,725.50428
437.293838,605,726.053164
1042.78982,1398,728.25317
1164.286461,1500,729.587252
485.16587,662,731.134103
1089.282755,1439,732.464943
955.760867,1274,734.566437
1169.471841,1500,736.880383
405.919742,562,737.380068
1169.265738,1500,739.723815
387.209803,538,740.204178
1169.40204,1500,743.017117
522.287927,708,743.661766
1168.97917,1500,746.236496
262.646473,372,746.590312
516.562854,698,747.311606
443.549572,600,748.795834
1162.50123,1500,750.095863
1009.825317,1324,752.335175
320.248297,449,752.815286
814.265844,1072,755.014586
603.766344,818,755.820986
1147.830931,1500,758.077727
1160.838985,1500,760.344241
253.892957,364,760.668186
263.942732,375,760.999627
1172.045561,1500,763.254246
1162.688151,1500,764.581436
1165.440146,1500,766.81268
552.631725,755,767.475593
691.061719,925,769.26788
239.823377,342,769.572879
1167.521811,1500,771.789763
465.300838,642,772.379797
773.748787,1029,774.245286
677.326075,908,775.059995
556.773483,751,775.745135
1167.532916,1500,777.971385
484.922099,667,778.569487
1162.607969,1500,780.861117
641.277872,862,782.614413
1095.391389,1447,783.923597
153.090262,238,784.132581
469.420071,642,785.643138
810.202832,1076,786.613541
478.483838,654,788.116651
1163.783554,1500,789.467259
916.593472,1223,791.470811
1161.197446,1500,798.610274
1164.145696,1500,799.983123
865.320149,1153,801.944146
1173.665375,1500,804.190306
250.933716,362,804.515111
1173.352289,1500,806.732621
751.038287,998,807.63269
136.674689,215,807.821257
551.89705,745,809.419741
1146.46421,1496,810.778048
963.384578,1266,812.827368
862.219381,1145,813.851452
1172.469237,1500,816.129004
1176.968558,1500,818.481562
725.124698,963,819.354052
625.296195,835,821.030701
