#{"t_start": 1738843143.6598868, "env_id": "BicycleBalance-v0"}
r,l,t
-3.0,10,0.130138
-6.0,9,0.140138
1.0,16,0.155992
3.0,24,0.179439
-1.0,12,0.19339
-6.0,7,0.199394
-3.0,18,0.217228
-7.0,6,0.222227
-1.0,12,0.233227
7.0,22,0.251521
-4.0,9,0.259521
-6.0,7,0.26552
-6.0,7,0.271521
-2.0,11,0.28052
-1.0,16,0.29752
-4.0,13,0.310526
-9.0,10,0.321833
-6.0,9,0.330828
-1.0,12,0.343825
-2.0,11,0.355531
-5.0,8,0.363531
-4.0,13,0.376868
3.0,16,0.390867
-6.0,11,0.40174
3.0,14,0.413735
-9.0,8,0.420737
-5.0,10,0.430736
2.0,17,0.447738
-2.0,15,0.461736
-3.0,10,0.471804
-4.0,9,0.479741
-9.0,14,0.494796
-3.0,10,0.507441
7.0,18,0.52402
1.0,12,0.535215
-3.0,8,0.542836
-5.0,8,0.549927
3.0,16,0.56493
-3.0,10,0.583779
0.0,17,0.597778
-3.0,8,0.606783
-4.0,11,0.614776
-3.0,12,0.624776
-5.0,10,0.632776
12.0,27,0.656338
1.0,14,0.667846
-4.0,7,0.674846
3.0,14,0.685846
8.0,21,0.706848
-6.0,7,0.711846
1.0,14,0.723848
0.0,15,0.739847
9.0,24,0.764844
-6.0,9,0.774851
0.0,15,0.789038
-3.0,12,0.801033
-3.0,12,0.814831
13.0,26,0.835832
-1.0,10,0.845831
6.0,17,0.859926
-5.0,8,0.867925
-12.0,9,0.875927
-3.0,14,0.88844
3.0,16,0.905439
-9.0,14,0.921157
7.0,18,0.937691
-6.0,9,0.946972
-2.0,11,0.957973
-7.0,8,0.964973
0.0,15,0.978525
-5.0,10,0.990096
-9.0,12,1.001689
-9.0,8,1.009198
-1.0,10,1.019197
-7.0,6,1.024197
2.0,21,1.042196
-1.0,10,1.052197
-2.0,13,1.065198
-9.0,10,1.074198
-2.0,13,1.0852
-1.0,14,1.097172
9.0,22,1.12047
-2.0,11,1.130969
-3.0,14,1.144012
0.0,13,1.156012
-6.0,9,1.163012
-8.0,9,1.171013
-5.0,10,1.181012
-4.0,9,1.188014
-8.0,5,1.19201
-7.0,8,1.19803
-2.0,11,1.208013
-8.0,5,1.213012
-1.0,12,1.225012
-5.0,8,1.231012
6.0,19,1.24801
4.0,27,1.272012
-5.0,6,1.277049
-8.0,13,1.287716
-8.0,5,1.292715
1.0,14,1.304032
-3.0,10,1.313031
2.0,19,1.333035
-8.0,5,1.337743
-2.0,11,1.348749
3.0,18,1.364752
-5.0,8,1.372753
-8.0,11,1.381752
-4.0,9,1.38875
-3.0,8,1.39575
0.0,13,1.40775
-6.0,11,1.416752
-5.0,8,1.42675
-6.0,7,1.432071
-7.0,10,1.44108
-8.0,11,1.451068
-1.0,12,1.461674
-5.0,10,1.470675
3.0,14,1.484168
3.0,14,1.498168
-5.0,10,1.507167
-8.0,9,1.514167
-4.0,11,1.526167
-3.0,10,1.535167
-9.0,12,1.545166
-6.0,9,1.552166
2.0,15,1.566172
-8.0,13,1.57717
-4.0,9,1.585779
-1.0,14,1.598995
2.0,15,1.612202
0.0,13,1.623203
-8.0,5,1.629561
-3.0,10,1.637561
4.0,17,1.651561
-7.0,10,1.660792
-1.0,18,1.676182
5.0,18,1.690181
-1.0,14,1.702184
-1.0,14,1.7152
-10.0,11,1.725199
-2.0,11,1.736197
-3.0,10,1.745186
-4.0,9,1.752186
-2.0,11,1.762186
-2.0,11,1.772186
-6.0,7,1.778183
1.0,12,1.791182
-2.0,11,1.803187
0.0,17,1.819187
2.0,15,1.835201
6.0,19,1.85018
0.0,13,1.863181
-8.0,7,1.869181
-4.0,9,1.877181
-5.0,10,1.885182
-8.0,5,1.890182
-3.0,12,1.900182
4.0,21,1.91918
-6.0,7,1.926181
-6.0,5,1.930181
-6.0,9,1.942945
-5.0,10,1.950943
-1.0,14,1.964945
-3.0,10,1.974941
3.0,14,1.986943
3.0,14,1.997943
-7.0,6,2.002943
-5.0,10,2.010943
-3.0,10,2.019953
10.0,21,3.093412
2.0,17,3.110412
0.0,15,3.124412
-5.0,20,3.147946
-8.0,9,3.156947
-6.0,7,3.164947
0.0,13,3.178948
-5.0,10,3.187112
7.0,20,3.203833
-4.0,15,3.216833
-4.0,9,3.225835
3.0,20,3.243472
-1.0,12,3.255471
-1.0,12,3.266471
-6.0,7,3.273474
3.0,14,3.288474
-3.0,16,3.304471
6.0,19,3.320473
-3.0,12,3.33147
-4.0,11,3.340471
-5.0,8,3.347507
6.0,23,3.365505
-2.0,9,3.373507
-4.0,19,3.392505
5.0,18,3.408949
3.0,16,3.422962
-4.0,9,3.430949
-1.0,14,3.443639
-8.0,11,3.452639
-2.0,13,3.466639
0.0,13,3.47964
0.0,15,3.496639
-5.0,8,3.504641
1.0,14,3.518093
-7.0,6,3.525092
-4.0,13,3.539093
-1.0,12,3.550095
-2.0,13,3.563093
-7.0,12,3.575056
0.0,19,3.59506
-5.0,6,3.600882
1.0,14,3.61488
-4.0,9,3.623116
-3.0,10,3.633183
-5.0,8,3.640182
1.0,14,3.651185
-6.0,9,3.660186
1.0,18,3.675183
3.0,16,3.692199
-2.0,15,3.703814
1.0,12,3.714813
5.0,18,3.73481
-5.0,10,3.74481
-3.0,14,3.75581
-5.0,8,3.763812
-1.0,10,3.772811
-4.0,13,3.782809
-2.0,13,3.796812
-6.0,7,3.802812
-2.0,11,3.812814
-3.0,8,3.819814
-3.0,10,3.829814
-3.0,18,3.845812
9.0,28,3.868914
4.0,19,3.885921
6.0,23,3.909922
-4.0,7,3.915921
-11.0,14,3.927923
-3.0,8,3.935924
-6.0,9,3.944453
-3.0,10,3.953811
0.0,13,3.96481
-9.0,14,3.976012
19.0,30,4.005997
1.0,14,4.019
-7.0,8,4.026998
-7.0,12,4.037996
-6.0,11,4.048996
-3.0,10,4.057993
-6.0,9,4.065994
-2.0,11,4.075996
-3.0,10,4.085162
-4.0,9,4.093162
-6.0,15,4.110694
-3.0,12,4.121693
-3.0,8,4.129347
-4.0,9,4.13835
9.0,22,4.15735
-3.0,10,4.165352
-1.0,10,4.175352
-4.0,9,4.184352
-6.0,7,4.19135
-10.0,9,4.200351
-7.0,12,4.21435
-1.0,12,4.225352
-5.0,12,4.23635
0.0,13,4.24835
-6.0,9,4.25735
24.0,45,4.301166
-2.0,11,4.314188
-5.0,8,4.321188
-5.0,16,4.335188
-9.0,12,4.346188
4.0,19,4.362188
-5.0,8,4.370188
-2.0,9,4.379188
-2.0,11,4.389188
-8.0,5,4.393188
0.0,13,4.403188
1.0,16,4.420189
-3.0,10,4.429282
-8.0,11,4.439271
-6.0,13,4.45218
-2.0,11,4.461747
-1.0,10,4.469398
3.0,16,4.484402
-3.0,10,4.493402
-11.0,10,4.501398
-3.0,14,4.516323
-8.0,5,4.521449
-1.0,12,4.531447
2.0,23,4.552453
-5.0,14,4.564449
-8.0,5,4.568449
-3.0,14,4.581448
-8.0,7,4.588449
3.0,16,4.602792
-4.0,7,4.608359
-7.0,8,4.616865
-8.0,15,4.63094
7.0,20,4.651177
1.0,16,4.667177
-2.0,15,4.682173
-4.0,9,4.692171
-1.0,20,4.711155
-4.0,9,4.721159
-3.0,10,4.730159
9.0,24,4.753159
10.0,23,4.773159
-4.0,9,4.781159
0.0,13,4.792158
6.0,27,4.815334
-6.0,11,4.829334
-5.0,10,4.840836
-1.0,10,4.848836
-4.0,11,4.858748
5.0,22,4.878747
-5.0,8,4.885751
0.0,13,4.898748
-1.0,14,4.910747
2.0,15,4.925747
-3.0,14,4.936748
3.0,14,4.949293
-10.0,7,4.957293
3.0,14,4.970234
1.0,14,4.984234
-3.0,12,4.995234
-3.0,14,5.009015
-3.0,16,5.997739
13.0,26,6.020738
-1.0,12,6.032592
-5.0,10,6.041589
0.0,13,6.051589
-5.0,10,6.059592
3.0,14,6.073593
-2.0,11,6.082596
0.0,13,6.094771
-7.0,12,6.106774
-9.0,8,6.115021
-6.0,11,6.12615
-9.0,8,6.133742
-2.0,11,6.144323
-7.0,12,6.156319
-3.0,8,6.16438
1.0,22,6.189818
-5.0,8,6.198815
-4.0,11,6.208815
-1.0,10,6.216814
-4.0,9,6.223816
-7.0,16,6.237817
-1.0,12,6.247814
4.0,15,6.259815
-2.0,13,6.270814
0.0,15,6.285817
-4.0,9,6.294819
-3.0,8,6.301815
6.0,19,6.320046
2.0,17,6.335389
-10.0,9,6.344392
-3.0,12,6.356557
-2.0,13,6.366557
-5.0,12,6.379559
-4.0,9,6.388558
-1.0,16,6.404396
-5.0,10,6.414398
0.0,13,6.425398
1.0,18,6.4404
-1.0,10,6.449401
-4.0,17,6.466396
3.0,16,6.48278
-9.0,16,6.495781
1.0,14,6.508784
-3.0,10,6.516783
-3.0,18,6.531792
1.0,12,6.54264
-3.0,10,6.552743
0.0,15,6.566912
-4.0,9,6.575915
8.0,19,6.595915
-10.0,15,6.609912
-5.0,10,6.618912
-5.0,8,6.625913
1.0,20,6.641912
-3.0,10,6.650912
3.0,18,6.669912
-4.0,13,6.682912
-3.0,14,6.698119
-10.0,9,6.707119
-2.0,11,6.71612
-3.0,14,6.729486
-7.0,14,6.742847
-2.0,9,6.751848
-6.0,7,6.756848
-4.0,9,6.763848
-4.0,9,6.771848
-3.0,16,6.78486
4.0,21,6.804848
-5.0,20,6.824847
-4.0,11,6.834846
8.0,21,6.853846
0.0,15,6.868116
0.0,13,6.880128
3.0,18,6.901119
-10.0,11,6.912115
-2.0,21,6.932788
-1.0,12,6.94333
-6.0,9,6.95233
-7.0,14,6.96533
0.0,13,6.977332
7.0,22,6.999744
3.0,14,7.011744
-4.0,11,7.020745
2.0,17,7.035744
-3.0,10,7.043744
-2.0,15,7.055745
-5.0,22,7.073013
-5.0,16,7.086014
-4.0,13,7.101013
-3.0,10,7.110372
-9.0,12,7.123375
-7.0,12,7.133924
-4.0,9,7.142919
5.0,16,7.156919
3.0,16,7.170919
-1.0,16,7.183993
0.0,11,7.194115
-6.0,9,7.205116
1.0,14,7.218116
-5.0,10,7.227115
1.0,12,7.237117
-2.0,21,7.254117
-4.0,9,7.262117
-3.0,10,7.270116
5.0,26,7.292145
-4.0,9,7.304148
-8.0,9,7.311147
0.0,13,7.323145
3.0,18,7.339147
-5.0,12,7.351145
6.0,23,7.372145
-3.0,20,7.390752
-4.0,11,7.406912
-7.0,6,7.411912
-2.0,11,7.421913
-4.0,17,7.436913
-4.0,9,7.44498
-2.0,11,7.454981
-9.0,14,7.465981
-4.0,9,7.474891
-3.0,16,7.490889
-6.0,9,7.498891
-5.0,8,7.507899
0.0,17,7.523888
2.0,15,7.53689
7.0,22,7.55789
-4.0,13,7.56889
-6.0,9,7.575973
-5.0,8,7.582974
-2.0,17,7.596814
-11.0,14,7.610736
1.0,14,7.622737
-4.0,9,7.630736
4.0,27,7.653248
0.0,11,7.665249
-3.0,10,7.675444
-9.0,6,7.681445
-3.0,8,7.687443
-3.0,12,7.698445
-1.0,12,7.707445
-4.0,15,7.724734
0.0,13,7.737751
6.0,21,7.756734
-8.0,7,7.763734
-5.0,10,7.771734
1.0,14,7.785734
-4.0,7,7.793281
-6.0,9,7.802279
5.0,18,7.82228
-7.0,8,7.82928
-7.0,8,7.835279
0.0,17,7.85028
-4.0,9,7.858279
4.0,15,7.871393
-5.0,14,7.885396
-4.0,13,8.860353
1.0,20,8.879355
2.0,15,8.893868
-3.0,22,8.913298
2.0,15,8.927298
-5.0,8,8.934298
0.0,13,8.944826
-8.0,19,8.963826
-1.0,14,8.974975
-6.0,9,8.982975
3.0,16,8.996975
8.0,19,9.012978
-2.0,11,9.023733
-8.0,17,9.039737
-7.0,12,9.052734
-6.0,15,9.066634
0.0,13,9.078631
0.0,13,9.090635
-7.0,8,9.098633
6.0,23,9.119632
3.0,18,9.136224
-4.0,21,9.158225
0.0,11,9.167226
8.0,21,9.186899
-3.0,10,9.194902
3.0,14,9.207906
2.0,13,9.2189
2.0,15,9.232907
-8.0,9,9.24293
-3.0,8,9.250213
-8.0,7,9.258215
-5.0,18,9.273531
0.0,15,9.28853
-8.0,9,9.296533
8.0,21,9.314531
2.0,15,9.327534
-2.0,11,9.335531
-4.0,17,9.350531
7.0,26,9.373531
-1.0,16,9.387534
-6.0,11,9.396554
-5.0,10,9.406167
4.0,15,9.419231
7.0,18,9.433232
-3.0,10,9.442231
2.0,15,9.456234
-3.0,14,9.471231
-2.0,13,9.482232
-4.0,9,9.489232
-4.0,9,9.497233
-6.0,7,9.502233
-5.0,10,9.511233
-9.0,8,9.518233
-10.0,15,9.530233
-4.0,13,9.541233
5.0,18,9.55695
0.0,13,9.570951
-1.0,20,9.590018
8.0,23,9.609021
3.0,20,9.625957
-6.0,7,9.631957
2.0,21,9.648957
-8.0,11,9.657957
2.0,21,9.678957
-3.0,12,9.688957
0.0,11,9.699725
-5.0,10,9.709741
-1.0,12,9.719314
-1.0,14,9.731336
0.0,15,9.743323
1.0,14,9.755975
-4.0,17,9.774959
-14.0,13,9.787961
-5.0,10,9.797961
10.0,23,9.819963
-2.0,11,9.82996
-5.0,14,9.842957
-9.0,14,9.855226
-2.0,9,9.864232
-7.0,8,9.87523
-2.0,11,9.884776
-3.0,10,9.893774
-3.0,10,9.903773
-5.0,10,9.912771
-4.0,11,9.923771
-2.0,11,9.934195
0.0,23,9.955868
-4.0,17,9.971043
-4.0,11,9.983037
9.0,22,10.004038
-4.0,9,10.013042
4.0,15,10.028041
-1.0,10,10.036042
4.0,21,10.058038
7.0,20,10.077038
-4.0,9,10.087215
1.0,18,10.104166
-8.0,19,10.12217
-7.0,10,10.132716
-3.0,12,10.145333
-7.0,8,10.153338
14.0,35,10.185336
7.0,18,10.202336
-4.0,11,10.212344
-5.0,8,10.219337
-6.0,9,10.226338
-1.0,14,10.239338
-3.0,12,10.249338
-8.0,25,10.273337
-8.0,5,10.279524
9.0,30,10.310606
4.0,15,10.324602
-3.0,10,10.334617
0.0,13,10.345601
-7.0,14,10.358601
0.0,13,10.3696
9.0,24,10.393256
-3.0,12,10.404256
13.0,24,10.430256
2.0,15,10.44526
4.0,15,10.45655
-4.0,13,10.468553
3.0,18,10.486143
2.0,17,10.504357
-8.0,13,10.518434
-3.0,10,10.527366
-4.0,9,10.534354
2.0,17,10.549351
-9.0,10,10.560351
-5.0,10,10.570354
5.0,18,10.584351
-5.0,10,10.596561
-7.0,8,10.604032
7.0,20,10.623039
-3.0,8,10.63104
13.0,28,10.656314
-3.0,8,10.663314
-6.0,9,10.672315
-6.0,7,10.677315
0.0,11,10.687316
-8.0,15,10.702315
-1.0,12,10.71251
-1.0,14,10.724512
-3.0,10,10.732512
-5.0,16,10.746506
-5.0,10,11.744082
3.0,16,11.758085
-11.0,12,11.768084
-1.0,22,11.786083
-3.0,14,11.799082
1.0,14,11.812083
-5.0,10,11.821088
-12.0,19,11.841082
1.0,14,11.853087
8.0,25,11.878086
-6.0,17,11.893085
-4.0,11,11.903086
-6.0,15,11.917084
-2.0,17,11.935082
-11.0,16,11.951628
-7.0,8,11.959628
0.0,17,11.977628
8.0,19,11.996392
11.0,22,12.017391
2.0,15,12.033391
-2.0,9,12.041391
14.0,25,12.064812
-12.0,15,12.077217
-5.0,12,12.08822
4.0,17,12.10296
-5.0,10,12.111964
0.0,13,12.122966
-3.0,20,12.143491
-5.0,12,12.154491
5.0,20,12.171203
0.0,15,12.184203
1.0,14,12.196692
-3.0,14,12.209694
5.0,18,12.224693
3.0,18,12.246691
3.0,14,12.261692
-3.0,18,12.278692
6.0,21,12.299058
-4.0,7,12.305059
5.0,24,12.324058
8.0,21,12.345054
-8.0,11,12.356056
-4.0,11,12.366607
-6.0,21,12.3855
-1.0,22,12.403499
-8.0,5,12.408499
3.0,18,12.423499
15.0,26,12.447499
1.0,26,12.473385
-9.0,10,12.481383
-7.0,12,12.492383
-2.0,13,12.502383
-3.0,10,12.512383
-3.0,24,12.532389
-4.0,7,12.538634
5.0,18,12.557534
-3.0,14,12.569532
1.0,14,12.583537
6.0,23,12.60553
-7.0,14,12.61753
1.0,18,12.632891
-1.0,14,12.644891
-3.0,20,12.665382
-4.0,9,12.674384
-9.0,12,12.686898
1.0,14,12.700899
-4.0,21,12.718899
-6.0,15,12.731898
-4.0,11,12.740484
-2.0,11,12.753606
0.0,13,12.766608
-9.0,16,12.779609
-1.0,14,12.791389
0.0,15,12.804111
-2.0,13,12.815682
-4.0,11,12.826698
-9.0,10,12.837683
0.0,13,12.848684
0.0,15,12.864682
2.0,15,12.878682
6.0,17,12.895682
-10.0,17,12.910684
-4.0,9,12.918685
1.0,16,12.933694
-4.0,7,12.940694
-6.0,15,12.952533
-3.0,10,12.963954
1.0,24,12.984901
-1.0,12,12.994901
-2.0,13,13.005901
-12.0,11,13.016901
-2.0,11,13.02833
-2.0,11,13.039332
-6.0,7,13.046822
0.0,17,13.066278
2.0,13,13.079627
-12.0,17,13.097819
-7.0,12,13.110743
2.0,19,13.131915
0.0,15,13.147702
13.0,28,13.176616
9.0,24,13.196625
5.0,18,13.211213
-2.0,13,13.222302
-3.0,12,13.232306
7.0,20,13.249701
-1.0,12,13.259691
1.0,14,13.274676
-4.0,9,13.282658
0.0,11,13.292658
3.0,16,13.306681
4.0,19,13.32368
0.0,15,13.338149
-14.0,11,13.349149
-10.0,13,13.362797
9.0,24,13.390725
-2.0,11,13.401885
-4.0,7,13.409763
-3.0,16,13.425509
4.0,15,13.440508
15.0,28,13.470902
-6.0,13,13.484262
-3.0,10,13.494502
-6.0,11,13.503502
-2.0,17,13.518504
1.0,24,13.537505
-8.0,5,13.541507
-4.0,13,13.553503
11.0,24,13.577576
1.0,12,13.587578
-5.0,8,13.594593
-1.0,20,13.611575
3.0,16,13.625576
-3.0,14,13.63658
-3.0,12,13.647576
-7.0,12,13.658576
-3.0,12,14.703151
10.0,25,14.731741
1.0,14,14.743966
-4.0,11,14.75352
-8.0,13,14.766098
-3.0,8,14.774102
-3.0,12,14.785236
-4.0,13,14.797235
3.0,16,14.811236
-1.0,14,14.825866
-4.0,11,14.836864
-3.0,18,14.853222
-3.0,12,14.864744
0.0,17,14.88042
7.0,20,14.897461
5.0,16,14.913461
-1.0,12,14.927462
2.0,13,14.939327
-7.0,12,14.951864
-1.0,12,14.961876
-1.0,10,14.969863
-5.0,14,14.983812
7.0,36,15.019214
-2.0,13,15.03803
2.0,15,15.053029
4.0,23,15.078304
2.0,15,15.094006
-4.0,17,15.11267
12.0,37,15.15341
-9.0,14,15.165338
5.0,18,15.181413
1.0,12,15.191396
13.0,26,15.213397
11.0,22,15.235275
3.0,18,15.252274
-8.0,15,15.265785
1.0,14,15.277785
-1.0,12,15.287786
-2.0,11,15.296785
2.0,15,15.309786
-6.0,11,15.318785
-1.0,10,15.327785
-6.0,23,15.3502
-3.0,12,15.361653
-7.0,10,15.372653
-1.0,16,15.3877
-3.0,18,15.402817
0.0,13,15.415821
-4.0,21,15.437823
-6.0,9,15.446826
-4.0,9,15.455792
0.0,13,15.467794
5.0,18,15.484788
-6.0,7,15.492789
10.0,21,15.51079
-4.0,7,15.516788
7.0,22,15.533788
2.0,13,15.550467
-6.0,15,15.567083
6.0,21,15.595481
-5.0,8,15.604483
10.0,23,15.627712
-5.0,8,15.636718
5.0,18,15.657808
-3.0,10,15.668778
2.0,25,15.695255
-4.0,23,15.716621
-3.0,12,15.726386
2.0,13,15.737386
9.0,26,15.761388
3.0,16,15.775386
-5.0,10,15.783602
-1.0,12,15.793864
-5.0,24,15.814044
-7.0,10,15.82305
-5.0,12,15.834049
-2.0,13,15.849049
-6.0,9,15.858048
-3.0,12,15.869048
-6.0,13,15.879047
-4.0,9,15.887049
-6.0,19,15.90505
-2.0,13,15.91708
-7.0,10,15.92608
1.0,20,15.944616
6.0,25,15.971615
-4.0,11,15.983376
5.0,18,16.000882
2.0,15,16.014882
11.0,30,16.041892
-7.0,10,16.049886
2.0,17,16.068887
1.0,18,16.083883
-3.0,16,16.098884
-4.0,9,16.108012
-2.0,11,16.119011
7.0,20,16.139583
-4.0,13,16.149582
11.0,24,16.171582
-5.0,8,16.181352
-9.0,12,16.192352
-1.0,12,16.203353
5.0,16,16.220509
1.0,18,16.240223
-3.0,10,16.249991
-14.0,11,16.264729
0.0,15,16.281382
-1.0,10,16.292991
-1.0,14,16.307799
-6.0,7,16.314798
-1.0,16,16.331102
0.0,29,16.363264
5.0,18,16.379263
-6.0,7,16.386267
-1.0,24,16.407264
-4.0,13,16.418264
-1.0,14,16.429264
-4.0,11,16.438264
3.0,14,16.450269
2.0,29,16.478503
10.0,23,16.501503
-3.0,10,16.509503
3.0,16,16.523503
-3.0,8,16.529585
6.0,21,16.547262
-3.0,12,16.558263
-5.0,14,16.572267
3.0,16,16.585265
15.0,32,16.614269
2.0,13,16.626262
-4.0,11,16.637262
-3.0,16,16.652786
-3.0,12,16.663576
-3.0,16,17.650707
-3.0,10,17.660706
0.0,15,17.674704
9.0,20,17.691704
-6.0,15,17.706704
-4.0,17,17.721705
-3.0,12,17.731888
8.0,19,17.748096
6.0,19,17.763097
-2.0,15,17.777094
-5.0,16,17.791094
-7.0,10,17.802094
8.0,21,17.820243
5.0,22,17.840244
4.0,17,17.854244
0.0,15,17.867244
-1.0,14,17.879443
6.0,19,17.895558
0.0,17,17.91485
1.0,12,17.927846
8.0,23,17.957411
-1.0,12,17.971989
13.0,24,17.998115
2.0,17,18.019282
-3.0,20,18.040318
-4.0,9,18.049999
-8.0,13,18.060999
-5.0,12,18.070998
4.0,21,18.087999
-1.0,12,18.098433
-7.0,34,18.134279
-4.0,9,18.143283
-9.0,12,18.15528
0.0,13,18.167281
-5.0,10,18.17728
5.0,32,18.207282
1.0,14,18.221531
-4.0,15,18.237531
-3.0,10,18.24853
-5.0,20,18.268626
-2.0,17,18.284237
0.0,13,18.29622
-2.0,9,18.30522
-7.0,20,18.326222
2.0,15,18.342221
-3.0,28,18.369221
0.0,15,18.382311
4.0,15,18.396047
-1.0,22,18.413631
-10.0,21,18.433629
15.0,28,18.461604
-7.0,12,18.472605
-5.0,12,18.481605
0.0,19,18.497605
-9.0,18,18.513603
5.0,16,18.529299
-2.0,11,18.5403
-10.0,17,18.5543
-4.0,11,18.564407
-7.0,14,18.576264
-1.0,14,18.589279
0.0,19,18.608265
-4.0,11,18.618265
-10.0,7,18.627266
4.0,15,18.641268
1.0,18,18.658812
-6.0,23,18.68053
-1.0,12,18.692605
4.0,17,18.706605
4.0,19,18.722103
-8.0,11,18.734168
-5.0,10,18.743167
-1.0,16,18.758167
5.0,16,18.773169
4.0,17,18.78917
1.0,18,18.80517
-4.0,9,18.813177
10.0,21,18.835168
3.0,14,18.84717
4.0,25,18.868602
-5.0,18,18.885604
-2.0,13,18.896467
-8.0,13,18.909034
11.0,24,18.930035
-2.0,13,18.942572
-2.0,13,18.953577
-2.0,19,18.969574
-3.0,8,18.975577
7.0,22,18.997571
-14.0,17,19.013573
-1.0,20,19.032811
0.0,11,19.044558
8.0,29,19.070555
-6.0,9,19.080555
-8.0,19,19.099556
-2.0,13,19.111846
-4.0,15,19.126118
-7.0,10,19.134645
-7.0,10,19.145644
-1.0,12,19.155728
-1.0,14,19.166738
-4.0,11,19.176746
-2.0,13,19.188917
-6.0,23,19.208915
-9.0,12,19.219916
-9.0,14,19.231915
-2.0,19,19.252917
-3.0,20,19.270916
-4.0,9,19.278917
4.0,19,19.295916
-1.0,16,19.309916
-3.0,16,19.322939
-9.0,32,19.353888
7.0,22,19.372883
-2.0,11,19.384883
10.0,31,19.414883
-1.0,12,19.425887
5.0,18,19.444141
2.0,15,19.460309
0.0,15,19.475309
-6.0,13,19.488312
-6.0,7,19.494309
-6.0,9,19.501618
-4.0,7,19.508825
-2.0,15,19.523745
-10.0,11,19.534744
2.0,19,19.554745
2.0,15,19.569149
-2.0,11,19.580146
-1.0,14,20.554372
-8.0,11,20.565372
0.0,13,20.576915
25.0,38,20.615915
-3.0,10,20.623914
-5.0,16,20.636915
-9.0,24,20.656916
-13.0,16,20.670064
-19.0,30,20.69706
0.0,13,20.709092
-15.0,26,20.731092
3.0,18,20.747252
-2.0,23,20.765255
-3.0,12,20.776256
-3.0,10,20.785255
-3.0,20,20.804255
-1.0,12,20.818254
-9.0,8,20.827256
7.0,28,20.853228
16.0,27,20.876227
0.0,19,20.896923
-5.0,8,20.902925
21.0,36,20.932928
-1.0,10,20.941476
-7.0,14,20.952485
-4.0,27,20.976385
4.0,17,20.990387
-1.0,14,21.005383
12.0,25,21.029666
6.0,17,21.045185
1.0,16,21.061249
-1.0,24,21.085672
4.0,15,21.105675
3.0,20,21.127227
-1.0,16,21.145226
11.0,32,21.176107
5.0,44,21.219872
-2.0,11,21.229878
-5.0,10,21.237889
5.0,18,21.25289
3.0,14,21.26488
-4.0,13,21.275881
-3.0,20,21.294877
-6.0,21,21.316644
2.0,27,21.34164
5.0,18,21.36064
-9.0,12,21.373641
-7.0,12,21.385775
-4.0,17,21.401775
2.0,23,21.423956
-5.0,16,21.440515
-8.0,19,21.456518
-1.0,14,21.469513
-9.0,12,21.481514
1.0,14,21.493515
0.0,21,21.514854
-5.0,12,21.525856
-4.0,9,21.535854
7.0,20,21.555854
-5.0,10,21.564857
2.0,19,21.583854
-9.0,16,21.597739
-8.0,7,21.603739
0.0,11,21.615739
10.0,21,21.633739
7.0,24,21.65674
5.0,18,21.671872
-4.0,15,21.684869
-5.0,26,21.70987
-3.0,10,21.720872
-1.0,14,21.732871
-8.0,21,21.752175
11.0,24,21.773178
14.0,29,21.799179
-5.0,42,21.839043
-12.0,9,21.850045
-6.0,13,21.86276
-9.0,22,21.884758
-4.0,7,21.89276
-1.0,12,21.906266
-8.0,13,21.923944
-1.0,10,21.933945
-6.0,15,21.949473
1.0,14,21.963474
1.0,20,21.983474
-2.0,9,21.991464
-15.0,22,22.011645
2.0,13,22.025755
-6.0,15,22.040862
0.0,17,22.058861
-6.0,9,22.067835
5.0,24,22.089089
-5.0,8,22.096088
-4.0,9,22.103088
7.0,18,22.119088
-10.0,15,22.134677
8.0,21,22.150676
13.0,26,22.173495
-13.0,16,22.189479
-1.0,20,22.209476
-2.0,9,22.217477
-2.0,9,22.229387
5.0,20,22.247504
8.0,19,22.264506
-2.0,11,22.274228
0.0,15,22.287522
3.0,16,22.299522
-3.0,16,22.314215
0.0,13,22.326218
-5.0,24,22.349218
15.0,32,22.37722
0.0,17,22.393219
-2.0,11,22.402218
-2.0,25,22.425875
-5.0,16,22.44188
-1.0,22,22.460584
4.0,17,23.468123
-2.0,17,23.482823
-4.0,11,23.492823
3.0,14,23.506808
5.0,18,23.525806
-8.0,13,23.537806
1.0,14,23.550067
-5.0,10,23.557573
0.0,13,23.571573
-2.0,15,23.585573
-2.0,17,23.600693
8.0,21,23.62055
-9.0,10,23.629555
2.0,13,23.640554
1.0,14,23.651554
1.0,14,23.662554
-3.0,16,23.67863
1.0,16,23.69263
8.0,21,23.711635
-6.0,11,23.721166
1.0,14,23.734162
0.0,15,23.747749
3.0,20,23.764956
2.0,27,23.789955
-3.0,10,23.799956
-7.0,10,23.810955
-2.0,13,23.823956
-1.0,14,23.836613
-4.0,7,23.842613
9.0,24,23.862614
8.0,23,23.884615
-3.0,18,23.900344
-7.0,14,23.912923
4.0,27,23.935924
1.0,16,23.949475
3.0,16,23.962475
-8.0,13,23.973475
9.0,22,23.994474
-3.0,30,24.022995
-7.0,18,24.041436
10.0,21,24.06044
-1.0,10,24.069441
-6.0,7,24.07944
-9.0,12,24.089147
-4.0,27,24.112848
-2.0,23,24.132378
4.0,17,24.148378
-7.0,12,24.158378
2.0,15,24.172279
-4.0,11,24.185282
-4.0,7,24.19128
0.0,17,24.210669
-1.0,18,24.230058
-3.0,10,24.241057
-4.0,19,24.260752
-7.0,14,24.274752
4.0,15,24.291754
2.0,21,24.312976
-1.0,14,24.326977
16.0,31,24.357439
2.0,13,24.368439
1.0,12,24.380444
-5.0,14,24.396031
-1.0,14,24.40903
5.0,30,24.434032
-4.0,13,24.447031
-7.0,24,24.469919
0.0,21,24.493429
4.0,17,24.508672
15.0,26,24.533668
-2.0,11,24.543499
7.0,24,24.562493
-1.0,20,24.579496
-3.0,10,24.589499
2.0,13,24.603497
1.0,18,24.623495
-3.0,8,24.632494
-8.0,17,24.650103
1.0,16,24.667105
7.0,24,24.692105
0.0,11,24.704962
-5.0,12,24.716283
5.0,22,24.735287
-3.0,26,24.757289
-6.0,25,24.780305
2.0,13,24.793288
-6.0,7,24.803587
3.0,18,24.821586
-1.0,12,24.832586
-6.0,11,24.842604
-3.0,14,24.854586
-8.0,13,24.866587
3.0,14,24.879872
6.0,17,24.894728
-4.0,11,24.90673
4.0,19,24.92273
-2.0,9,24.93073
-3.0,18,24.946271
-8.0,11,24.955271
-5.0,8,24.962271
-4.0,19,24.977272
3.0,18,24.992271
6.0,19,25.010273
1.0,20,25.027272
8.0,19,25.044272
-4.0,7,25.049827
3.0,18,25.063818
-2.0,13,25.074812
-1.0,18,25.092024
3.0,20,25.113844
-1.0,14,25.130381
4.0,17,25.149383
1.0,12,25.160381
5.0,24,25.179382
10.0,23,25.199381
-1.0,16,25.214817
-9.0,12,25.224803
4.0,17,25.239803
1.0,16,25.252855
-8.0,13,25.264858
3.0,20,25.281037
-5.0,12,25.292032
-4.0,15,25.30504
-4.0,13,25.318037
6.0,29,25.344035
-2.0,9,25.352035
-2.0,15,25.365032
-5.0,18,26.341006
3.0,16,26.356006
11.0,24,26.379721
-9.0,16,26.39574
4.0,25,26.417722
2.0,23,26.437324
1.0,14,26.451326
-1.0,20,26.470605
0.0,11,26.481612
1.0,14,26.493616
11.0,34,26.522097
9.0,22,26.540097
0.0,21,26.559634
3.0,24,26.579638
6.0,21,26.597637
-5.0,12,26.609638
-6.0,17,26.626466
4.0,25,26.650466
0.0,13,26.662471
-3.0,18,26.679465
-8.0,21,26.698138
5.0,18,26.717568
-3.0,20,26.73557
-5.0,24,26.758768
3.0,20,26.775769
4.0,31,26.808105
-2.0,13,26.819109
-2.0,15,26.832108
-5.0,8,26.838108
-5.0,16,26.854108
4.0,17,26.868108
-5.0,12,26.879113
13.0,26,26.902091
2.0,17,26.918091
-4.0,17,26.932876
-2.0,17,26.947397
34.0,53,26.995399
3.0,16,27.011462
-5.0,16,27.025462
-8.0,17,27.041451
1.0,14,27.054452
-2.0,19,27.074082
-4.0,11,27.084495
-4.0,7,27.090495
4.0,15,27.104899
-6.0,11,27.114855
1.0,16,27.130404
8.0,31,27.161404
0.0,13,27.172403
9.0,20,27.190468
-1.0,16,27.204471
3.0,18,27.219398
1.0,14,27.232135
-3.0,12,27.243155
-3.0,18,27.258159
-11.0,12,27.272139
-7.0,20,27.290144
-8.0,19,27.307587
-1.0,12,27.317588
-5.0,18,27.33259
2.0,15,27.345587
-3.0,18,27.361005
-3.0,12,27.375336
7.0,34,27.413202
-7.0,8,27.422183
7.0,20,27.443184
-2.0,21,27.463186
0.0,15,27.479372
-1.0,16,27.496683
-6.0,19,27.513358
-4.0,9,27.520357
5.0,20,27.536952
1.0,14,27.549949
-3.0,12,27.562619
8.0,23,27.58662
18.0,41,27.624625
10.0,29,27.652621
-9.0,14,27.66462
-3.0,8,27.67462
-1.0,10,27.684619
2.0,13,27.697621
-3.0,16,27.711625
8.0,29,27.735361
-8.0,13,27.748358
-10.0,25,27.772358
0.0,13,27.785357
-3.0,14,27.796361
-2.0,29,27.824359
6.0,17,27.839626
6.0,19,27.855889
2.0,17,27.869887
7.0,20,27.88989
1.0,14,27.902888
3.0,18,27.917891
-4.0,11,27.928168
-9.0,14,27.94123
-8.0,27,27.96274
1.0,14,27.974742
8.0,21,27.995741
-2.0,25,28.018744
-4.0,13,28.032501
11.0,24,28.056406
2.0,15,28.069914
0.0,17,28.08923
-1.0,12,28.100079
3.0,20,28.117075
-3.0,10,28.125076
6.0,19,28.14161
-3.0,12,28.151679
-2.0,15,28.165612
0.0,13,28.176612
9.0,34,28.208848
12.0,33,29.208287
0.0,11,29.220287
11.0,24,29.243295
-6.0,25,29.267756
10.0,27,29.294756
-6.0,19,29.312756
3.0,14,29.327756
-11.0,22,29.345984
23.0,44,29.38664
4.0,55,29.438771
-11.0,14,29.450774
8.0,27,29.473773
-2.0,21,29.49577
13.0,30,29.526418
9.0,24,29.547051
-4.0,9,29.555053
3.0,28,29.579265
4.0,15,29.592277
3.0,16,29.607267
-7.0,16,29.622265
4.0,19,29.641811
-4.0,9,29.649824
-11.0,18,29.666326
4.0,15,29.678881
19.0,36,29.71139
3.0,16,29.729389
-2.0,11,29.739389
5.0,20,29.757389
-1.0,26,29.779405
6.0,23,29.801391
-1.0,14,29.814389
-4.0,15,29.826391
-12.0,21,29.848202
-13.0,28,29.874514
4.0,21,29.892919
2.0,15,29.904907
-4.0,13,29.916908
-4.0,9,29.924907
-1.0,12,29.936893
-4.0,9,29.946481
3.0,16,29.961477
2.0,13,29.973483
5.0,18,29.988485
2.0,23,30.009405
9.0,26,30.032503
5.0,18,30.048502
4.0,19,30.065502
-4.0,13,30.077172
1.0,28,30.101167
3.0,18,30.115172
-11.0,20,30.132735
1.0,28,30.159983
2.0,15,30.173984
-9.0,8,30.181822
0.0,17,30.197823
-1.0,24,30.218973
-5.0,20,30.234973
0.0,21,30.256973
-19.0,28,30.280972
1.0,14,30.294972
-3.0,16,30.307976
-6.0,13,30.318974
-14.0,27,30.340972
-3.0,36,30.374512
-1.0,16,30.388801
11.0,28,30.416799
-8.0,15,30.430799
-7.0,24,30.453799
-8.0,9,30.4608
5.0,26,30.485798
-5.0,10,30.494799
-23.0,38,30.530973
25.0,42,30.57912
10.0,25,30.603395
3.0,18,30.620392
-2.0,27,30.645279
-1.0,16,30.659805
4.0,19,30.675809
10.0,21,30.694031
-8.0,13,30.704922
-7.0,14,30.718432
-16.0,19,30.73403
6.0,31,30.766029
19.0,36,30.803026
5.0,24,30.826043
-2.0,21,30.842788
-1.0,16,30.858569
-2.0,17,30.87324
1.0,14,30.88824
-9.0,28,30.91224
-2.0,17,30.927431
3.0,18,30.942989
-6.0,21,30.965974
-5.0,18,30.985886
6.0,17,31.003886
2.0,13,31.015886
-3.0,10,31.025445
-3.0,26,31.047541
-7.0,16,31.060541
11.0,22,31.084544
-4.0,21,31.109542
5.0,20,32.092514
6.0,27,32.119519
7.0,28,32.144086
-3.0,12,32.155086
-3.0,14,32.16662
2.0,25,32.194593
1.0,14,32.208595
7.0,24,32.230725
-3.0,24,32.251869
0.0,13,32.26287
0.0,23,32.283868
2.0,23,32.307014
4.0,29,32.334958
5.0,18,32.35196
2.0,17,32.366962
4.0,15,32.380383
-5.0,22,32.40646
-5.0,34,32.436931
6.0,21,32.454928
-6.0,13,32.46755
6.0,19,32.484548
15.0,28,32.510567
6.0,19,32.528039
8.0,19,32.545032
-2.0,11,32.555032
-2.0,23,32.57405
2.0,23,32.594034
8.0,21,32.617034
2.0,15,32.630852
2.0,19,32.652114
0.0,25,32.674118
-3.0,10,32.683114
2.0,15,32.697114
8.0,27,32.72613
2.0,25,32.750115
-4.0,11,32.759876
7.0,18,32.77599
-4.0,23,32.793789
15.0,32,32.823857
-7.0,26,32.847809
-9.0,14,32.861798
2.0,21,32.879795
2.0,13,32.891795
13.0,26,32.917799
5.0,20,32.935797
15.0,30,32.966292
7.0,24,32.989958
2.0,15,33.001957
0.0,15,33.014481
14.0,29,33.044988
18.0,29,33.076374
-11.0,14,33.090375
11.0,32,33.124956
0.0,19,33.149471
4.0,15,33.164464
-4.0,9,33.171465
1.0,18,33.188465
-3.0,14,33.201463
17.0,30,33.231465
4.0,19,33.248464
-1.0,18,33.265466
-1.0,18,33.282723
1.0,38,33.318166
2.0,23,33.339169
-6.0,15,33.353167
-7.0,22,33.376166
2.0,13,33.387178
-2.0,13,33.398166
-8.0,25,33.419167
0.0,15,33.434999
-5.0,18,33.449597
-3.0,12,33.461168
6.0,21,33.480168
-11.0,14,33.492169
10.0,39,33.528054
1.0,14,33.544126
11.0,26,33.568123
-2.0,15,33.581589
-3.0,12,33.592589
-4.0,19,33.610986
-11.0,16,33.625986
6.0,33,33.662569
0.0,13,33.676298
5.0,18,33.695402
8.0,27,33.721417
4.0,17,33.742087
5.0,18,33.762089
-10.0,19,33.779414
3.0,18,33.797228
15.0,32,33.824833
4.0,17,33.842834
-6.0,17,33.857836
13.0,30,33.885533
-3.0,20,33.902677
7.0,22,33.921677
8.0,27,33.946245
-2.0,15,33.959241
-1.0,24,33.981241
-4.0,19,33.998242
-3.0,12,34.009242
-18.0,19,34.025244
5.0,20,35.014819
27.0,44,35.051819
15.0,34,35.08189
8.0,23,35.10389
-3.0,16,35.120214
-1.0,16,35.135797
0.0,19,35.153725
-14.0,19,35.171161
-7.0,30,35.20516
-3.0,26,35.230903
19.0,30,35.261901
6.0,35,35.2989
19.0,40,35.335076
-9.0,32,35.363703
-5.0,16,35.376703
5.0,16,35.393705
-9.0,18,35.409563
-13.0,22,35.429562
14.0,33,35.461562
9.0,36,35.49674
1.0,18,35.514813
18.0,31,35.543816
0.0,21,35.561811
-6.0,19,35.578455
3.0,58,35.636211
3.0,14,35.647212
-4.0,31,35.674214
19.0,50,35.721516
-2.0,31,35.75074
-4.0,9,35.757738
2.0,33,35.785075
-4.0,21,35.806077
-7.0,28,35.831074
3.0,16,35.845074
2.0,15,35.856495
-2.0,13,35.867333
7.0,20,35.885335
1.0,34,35.916334
9.0,28,35.945313
1.0,12,35.956308
-1.0,12,35.966308
-3.0,14,35.978308
8.0,25,36.001456
-4.0,15,36.013754
17.0,32,36.051095
1.0,16,36.064097
-8.0,25,36.084096
6.0,27,36.110785
-8.0,19,36.129311
6.0,19,36.148313
14.0,35,36.180078
-1.0,26,36.201079
2.0,17,36.21908
-1.0,34,36.251095
2.0,35,36.282076
-1.0,26,36.30806
6.0,31,36.335429
-2.0,17,36.35043
9.0,32,36.378429
12.0,29,36.403185
-1.0,24,36.428068
-4.0,23,36.448601
1.0,30,36.476609
2.0,19,36.49461
0.0,17,36.510609
8.0,25,36.536609
-11.0,30,36.56461
-6.0,29,36.590371
-4.0,13,36.602843
-5.0,20,36.623842
-4.0,13,36.634842
5.0,26,36.661844
-3.0,18,36.679842
-2.0,17,36.695843
15.0,34,36.730842
3.0,32,36.761781
-7.0,22,36.779481
-1.0,14,36.791482
-4.0,21,36.810221
3.0,18,36.832052
3.0,24,36.857393
-1.0,22,36.881391
-2.0,23,36.906392
-4.0,23,36.933644
-4.0,25,37.964948
4.0,15,37.978947
0.0,25,38.002949
18.0,37,38.034949
0.0,17,38.04995
13.0,28,38.076949
-5.0,28,38.101045
5.0,18,38.116046
-3.0,28,38.141129
0.0,31,38.171289
2.0,23,38.193661
0.0,13,38.205675
3.0,24,38.229947
-5.0,26,38.252946
-11.0,28,38.278946
2.0,25,38.301945
-2.0,11,38.311944
-3.0,8,38.318114
4.0,21,38.336663
-1.0,18,38.352663
6.0,35,38.386665
2.0,17,38.403662
-2.0,9,38.412663
6.0,19,38.429662
-6.0,19,38.445662
9.0,24,38.466663
-5.0,8,38.475663
14.0,31,38.503797
5.0,24,38.526401
-9.0,28,38.553437
15.0,26,38.583435
-2.0,11,38.595433
13.0,34,38.626435
5.0,32,38.652388
0.0,21,38.670969
2.0,19,38.689703
9.0,22,38.712704
3.0,16,38.726706
-4.0,21,38.745702
-2.0,13,38.755706
2.0,29,38.782215
-12.0,17,38.797364
7.0,22,38.81637
4.0,19,38.834366
5.0,40,38.871367
8.0,21,38.894367
8.0,29,38.920938
9.0,30,38.949493
1.0,38,38.984968
-2.0,21,39.002971
11.0,30,39.031644
16.0,31,39.060666
5.0,26,39.08187
10.0,21,39.103367
3.0,20,39.123366
-4.0,9,39.132631
0.0,21,39.151646
7.0,18,39.166639
-13.0,16,39.181644
-2.0,11,39.194629
0.0,23,39.218827
-2.0,17,39.234826
-9.0,22,39.256373
-3.0,12,39.265963
0.0,35,39.298961
-1.0,10,39.307961
-2.0,11,39.319695
1.0,24,39.341694
16.0,33,39.372177
4.0,19,39.391468
3.0,18,39.408466
-3.0,14,39.422466
10.0,25,39.44509
2.0,29,39.473094
7.0,34,39.504094
-3.0,12,39.516822
11.0,24,39.538821
2.0,35,39.572063
-5.0,12,39.583061
4.0,21,39.604839
-20.0,31,39.63384
3.0,16,39.649856
-1.0,20,39.667719
39.0,66,39.73293
16.0,39,39.76593
-11.0,30,39.792161
-8.0,17,39.809159
2.0,13,39.820107
7.0,28,39.843952
3.0,46,40.881661
37.0,64,40.944939
-12.0,57,40.996472
17.0,30,41.025475
1.0,14,41.041475
-2.0,27,41.065474
27.0,42,41.102332
6.0,35,41.135815
-2.0,13,41.149816
1.0,26,41.173819
4.0,25,41.196815
-6.0,31,41.223817
-2.0,27,41.250287
-1.0,20,41.267428
14.0,27,41.292426
-6.0,15,41.305423
-1.0,14,41.317422
0.0,13,41.329424
62.0,83,41.4147
14.0,43,41.458703
5.0,16,41.474766
-11.0,40,41.517857
-8.0,55,41.572855
14.0,43,41.612856
8.0,45,41.650592
13.0,28,41.679229
18.0,29,41.705231
-14.0,31,41.732244
36.0,53,41.78095
6.0,25,41.802956
7.0,22,41.821953
8.0,23,41.842955
0.0,37,41.878481
17.0,42,41.914397
3.0,38,41.946964
-12.0,15,41.959949
39.0,74,42.02795
27.0,42,42.063025
1.0,32,42.094029
12.0,25,42.115032
5.0,20,42.134348
2.0,17,42.151348
7.0,32,42.180351
8.0,21,42.199353
8.0,23,42.222349
14.0,41,42.257587
6.0,43,42.302586
-15.0,50,42.344587
2.0,19,42.360586
6.0,29,42.388406
-6.0,13,42.402407
18.0,31,42.431939
7.0,20,42.450937
-1.0,38,42.490975
2.0,15,42.50497
12.0,43,42.54527
2.0,19,42.564245
11.0,48,42.612239
4.0,23,42.634208
9.0,52,42.678206
-22.0,49,42.723421
0.0,21,42.74393
6.0,17,42.76111
-5.0,14,43.761979
9.0,46,43.802992
36.0,57,43.86167
1.0,12,43.872669
-9.0,42,43.908669
10.0,33,43.94174
-2.0,15,43.95725
23.0,40,43.992757
22.0,47,44.039348
2.0,27,44.064348
43.0,58,44.117168
0.0,31,44.146616
4.0,21,44.164841
39.0,58,44.215965
0.0,59,44.273923
18.0,65,44.330057
-7.0,18,44.347672
15.0,70,44.417668
4.0,23,44.439559
17.0,34,44.473558
34.0,53,44.518853
17.0,28,44.543854
36.0,55,44.594087
-2.0,27,44.619084
26.0,45,44.658697
66.0,113,44.758213
20.0,39,44.792354
-3.0,32,44.821354
3.0,14,44.834351
-1.0,18,44.853982
56.0,89,44.930208
-1.0,20,44.958053
18.0,47,45.003811
20.0,41,45.038811
17.0,34,45.06956
58.0,105,45.170094
32.0,93,45.256869
10.0,39,45.298875
2.0,17,45.312874
-8.0,27,45.336879
19.0,32,45.368081
10.0,21,45.388082
-5.0,22,45.409082
42.0,55,45.453716
8.0,25,45.477716
-5.0,14,45.490213
-12.0,17,45.509226
-14.0,29,45.532823
3.0,16,45.546824
-18.0,59,45.601738
-3.0,38,45.634739
-9.0,24,45.657745
52.0,75,46.714289
-2.0,11,46.725291
180.0,201,46.914547
33.0,64,46.971076
-12.0,29,46.99513
-9.0,58,47.046038
70.0,109,47.144321
-4.0,9,47.15206
-15.0,82,47.228743
24.0,39,47.265886
13.0,58,47.318015
18.0,29,47.346532
92.0,151,47.479798
16.0,57,47.533801
52.0,67,47.59853
404.0,479,48.041723
24.0,47,48.085822
121.0,180,48.258075
6.0,41,48.294076
18.0,35,48.323076
85.0,152,48.455175
20.0,31,48.487044
5.0,18,48.502229
-8.0,25,48.525228
18.0,73,49.55723
78.0,101,49.65297
126.0,211,49.85041
-1.0,10,49.858412
58.0,97,49.954392
-3.0,12,49.964392
112.0,171,50.120873
23.0,52,50.167277
6.0,41,50.203274
304.0,323,50.495711
18.0,31,50.52371
52.0,81,50.595401
52.0,75,50.66599
8.0,39,50.702987
148.0,205,50.889838
21.0,34,50.921839
56.0,97,51.008787
49.0,70,51.07976
-14.0,45,51.118003
227.0,276,51.367285
30.0,43,52.371651
73.0,88,52.448339
31.0,46,52.491996
29.0,118,52.605882
171.0,190,52.792991
148.0,165,52.940214
18.0,41,52.977958
-14.0,25,53.000723
216.0,259,53.243728
247.0,270,53.495119
-22.0,39,53.529125
-29.0,74,53.596476
93.0,124,53.710509
46.0,91,53.798373
44.0,61,53.85733
101.0,126,53.969316
384.0,399,55.31535
52.0,77,55.386353
343.0,378,55.732694
206.0,237,55.950539
227.0,266,56.191894
169.0,202,56.385854
37.0,66,56.44385
-10.0,43,56.487051
444.0,463,56.911326
41.0,86,56.993797
45.0,66,57.053241
223.0,246,58.230602
513.0,580,58.757203
1.0,14,58.77122
800.0,800,59.517527
194.0,263,59.763721
754.0,800,61.463775
-8.0,37,61.496773
172.0,219,61.707194
495.0,538,62.198276
503.0,532,62.680957
426.0,489,64.110474
790.0,800,64.85592
760.0,800,65.581994
34.0,75,65.657924
183.0,232,66.832957
325.0,366,67.167883
786.0,800,67.904823
414.0,487,68.367086
688.0,727,70.03354
794.0,800,73.382444
796.0,800,75.092027
798.0,800,75.836718
792.0,800,76.558238
794.0,800,78.316836
798.0,800,79.090545
792.0,800,80.855678
796.0,800,81.619036
800.0,800,82.343193
792.0,800,84.047244
794.0,800,84.787525
-5.0,8,84.794526
796.0,800,85.536682
792.0,800,87.252313
798.0,800,87.983533
788.0,800,89.67215
796.0,800,90.405828
794.0,800,91.140986
796.0,800,92.820999
800.0,800,93.568025
796.0,800,95.309433
800.0,800,96.014091
740.0,800,96.750103
788.0,800,98.508872
788.0,800,99.248813
796.0,800,101.017367
2.0,15,101.032702
796.0,800,101.757593
800.0,800,102.487264
800.0,800,104.225562
794.0,800,104.997851
798.0,800,106.703385
800.0,800,107.434411
798.0,800,108.157066
794.0,800,109.869864
800.0,800,110.590594
796.0,800,111.309775
798.0,800,113.011325
798.0,800,113.724741
800.0,800,115.422286
800.0,800,116.155766
798.0,800,116.889493
800.0,800,118.600716
800.0,800,119.347234
5.0,18,119.36324
800.0,800,121.085043
800.0,800,121.809567
798.0,800,122.571161
798.0,800,124.25573
786.0,800,124.995754
792.0,800,126.741555
798.0,800,127.525898
796.0,800,128.445533
798.0,800,130.440465
798.0,800,131.20366
794.0,800,131.980386
790.0,800,133.8829
792.0,800,134.734711
796.0,800,136.686265
790.0,800,137.538131
798.0,800,138.409222
794.0,800,140.371098
794.0,800,141.201903
798.0,800,143.113291
790.0,800,143.932416
796.0,800,148.008028
798.0,800,150.117819
798.0,800,151.038375
782.0,800,153.073025
362.0,455,153.551274
792.0,800,154.356612
798.0,800,156.192086
798.0,800,157.027128
800.0,800,157.858537
798.0,800,159.76897
798.0,800,160.608517
798.0,800,162.481879
784.0,800,163.304645
788.0,800,164.157227
796.0,800,166.011786
800.0,800,166.830694
798.0,800,167.640389
800.0,800,169.510925
800.0,800,170.382972
798.0,800,172.288556
798.0,800,173.133964
798.0,800,173.977388
798.0,800,175.897127
792.0,800,176.760722
790.0,800,178.87643
798.0,800,179.730755
794.0,800,180.590279
800.0,800,182.594216
796.0,800,183.459507
796.0,800,185.408921
800.0,800,186.226576
794.0,800,187.158082
798.0,800,189.115307
798.0,800,189.947414
800.0,800,191.808704
798.0,800,192.626697
796.0,800,193.471254
798.0,800,195.328673
800.0,800,196.152689
800.0,800,196.958757
798.0,800,198.820167
800.0,800,199.632632
766.0,800,201.530279
798.0,800,202.393565
798.0,800,203.222762
780.0,800,205.166482
794.0,800,206.007221
800.0,800,207.999267
796.0,800,208.817028
800.0,800,209.615255
800.0,800,211.512699
798.0,800,212.37322
798.0,800,214.58138
798.0,800,215.429812
792.0,800,216.245199
800.0,800,218.177544
800.0,800,218.994428
790.0,800,219.803613
798.0,800,221.70772
800.0,800,222.550607
792.0,800,224.421164
800.0,800,225.247377
798.0,800,226.081985
796.0,800,230.89954
798.0,800,231.705842
792.0,800,233.570637
798.0,800,234.390111
798.0,800,235.210483
800.0,800,237.104719
798.0,800,237.936464
796.0,800,239.790391
798.0,800,240.610353
800.0,800,241.430833
794.0,800,243.279574
796.0,800,244.081592
790.0,800,245.896445
800.0,800,246.713442
798.0,800,247.52778
794.0,800,249.392166
800.0,800,250.225085
800.0,800,251.056017
800.0,800,252.873291
796.0,800,253.707319
800.0,800,255.589469
800.0,800,256.415808
798.0,800,257.233819
800.0,800,259.090381
800.0,800,259.910189
800.0,800,261.769983
800.0,800,262.593546
800.0,800,263.420969
800.0,800,265.279473
794.0,800,266.088408
800.0,800,267.961835
798.0,800,268.778612
798.0,800,269.582721
800.0,800,271.412877
800.0,800,272.322545
800.0,800,274.165173
798.0,800,274.968668
798.0,800,275.773126
800.0,800,277.648347
800.0,800,278.503607
798.0,800,279.3407
798.0,800,281.266335
800.0,800,282.090955
800.0,800,283.992572
800.0,800,284.82704
800.0,800,285.653807
800.0,800,287.492329
798.0,800,288.296496
800.0,800,290.151492
800.0,800,290.972567
800.0,800,291.785448
800.0,800,293.622665
800.0,800,294.444761
800.0,800,296.297565
798.0,800,297.113744
798.0,800,297.948047
800.0,800,299.827349
800.0,800,300.668628
800.0,800,301.476543
800.0,800,303.344926
800.0,800,304.181337
796.0,800,306.048849
798.0,800,306.861498
800.0,800,310.638698
796.0,800,312.518234
800.0,800,313.335842
800.0,800,315.21907
800.0,800,316.031836
800.0,800,316.852448
800.0,800,318.856813
800.0,800,319.665274
800.0,800,321.57667
800.0,800,322.43189
800.0,800,323.245616
800.0,800,325.159682
800.0,800,325.984759
800.0,800,327.920162
800.0,800,328.748085
800.0,800,329.576187
800.0,800,331.445749
800.0,800,332.271744
800.0,800,333.091252
800.0,800,334.982263
800.0,800,335.79527
800.0,800,337.661536
800.0,800,338.516017
800.0,800,339.331709
800.0,800,341.244316
800.0,800,342.245894
800.0,800,344.188708
800.0,800,345.040236
800.0,800,345.899106
800.0,800,347.875167
800.0,800,348.781811
800.0,800,350.96972
800.0,800,351.875114
798.0,800,352.687985
800.0,800,354.544178
800.0,800,355.337786
800.0,800,357.084801
800.0,800,357.81895
800.0,800,358.552893
796.0,800,360.299535
800.0,800,361.035031
800.0,800,361.806069
800.0,800,363.645905
800.0,800,364.455358
800.0,800,366.448922
800.0,800,367.348609
800.0,800,368.168792
800.0,800,370.158264
800.0,800,371.043583
798.0,800,372.893046
800.0,800,373.619505
800.0,800,374.41244
800.0,800,376.274817
794.0,800,377.130346
800.0,800,378.87998
800.0,800,379.67023
800.0,800,380.488402
800.0,800,382.54409
800.0,800,383.352674
800.0,800,384.175185
800.0,800,386.189296
800.0,800,387.143842
800.0,800,391.748187
800.0,800,392.532078
800.0,800,393.315915
800.0,800,395.235931
800.0,800,396.030207
800.0,800,397.853864
800.0,800,398.663521
800.0,800,399.412998
800.0,800,401.239795
798.0,800,401.992054
800.0,800,403.772965
800.0,800,404.504492
800.0,800,405.243027
800.0,800,407.036432
800.0,800,407.797256
800.0,800,409.565504
800.0,800,410.328441
800.0,800,411.084758
800.0,800,412.84852
800.0,800,413.583956
794.0,800,414.32714
800.0,800,416.052613
800.0,800,416.797659
800.0,800,418.522816
800.0,800,419.244667
800.0,800,419.973382
800.0,800,421.652306
800.0,800,422.356953
800.0,800,424.051318
794.0,800,424.756709
800.0,800,425.50072
800.0,800,427.579723
800.0,800,428.325584
800.0,800,430.013649
800.0,800,430.723041
792.0,800,431.430774
800.0,800,433.180962
800.0,800,433.894434
800.0,800,435.602933
800.0,800,436.318481
800.0,800,437.025429
800.0,800,438.730679
800.0,800,439.445898
800.0,800,440.153522
800.0,800,441.833769
798.0,800,442.560107
798.0,800,444.249231
800.0,800,444.960217
800.0,800,445.691672
798.0,800,447.394192
800.0,800,448.13178
800.0,800,449.798138
800.0,800,450.506863
798.0,800,451.22139
800.0,800,452.882667
800.0,800,453.586794
798.0,800,455.283738
790.0,800,455.983998
800.0,800,456.694523
800.0,800,458.404464
800.0,800,459.115455
800.0,800,459.824247
800.0,800,461.533132
798.0,800,464.736179
800.0,800,466.402063
800.0,800,467.117679
800.0,800,467.827893
800.0,800,469.527791
800.0,800,470.256731
800.0,800,471.931045
800.0,800,472.646174
800.0,800,473.378029
800.0,800,475.097173
800.0,800,475.827468
800.0,800,477.727686
800.0,800,478.513988
800.0,800,479.265319
800.0,800,481.070034
800.0,800,481.815037
800.0,800,483.552219
800.0,800,484.398592
798.0,800,485.148593
800.0,800,486.827878
800.0,800,487.578683
800.0,800,488.321245
800.0,800,490.121608
800.0,800,490.911447
800.0,800,492.705288
800.0,800,493.461899
800.0,800,494.211871
800.0,800,495.963788
800.0,800,496.684615
800.0,800,498.505659
800.0,800,499.277651
800.0,800,500.049684
800.0,800,501.823116
800.0,800,502.567361
800.0,800,504.302088
800.0,800,505.056893
798.0,800,505.793442
800.0,800,507.641564
800.0,800,508.46523
800.0,800,510.172341
800.0,800,510.882825
800.0,800,511.602716
800.0,800,513.322649
800.0,800,514.066146
800.0,800,514.794695
800.0,800,516.567117
800.0,800,517.312077
800.0,800,519.023149
800.0,800,519.741418
800.0,800,520.47308
800.0,800,522.193928
800.0,800,522.928231
800.0,800,524.625786
800.0,800,525.33871
800.0,800,526.095867
800.0,800,527.781982
800.0,800,528.503926
800.0,800,530.166155
800.0,800,530.87788
800.0,800,531.590556
800.0,800,533.272403
800.0,800,533.986948
800.0,800,537.338969
800.0,800,539.047639
800.0,800,539.778644
800.0,800,541.552292
800.0,800,542.288974
798.0,800,543.011847
800.0,800,544.729329
800.0,800,545.471451
800.0,800,547.191268
800.0,800,547.926351
800.0,800,548.649941
800.0,800,550.328192
798.0,800,551.026281
800.0,800,552.685809
800.0,800,553.413852
800.0,800,554.145029
800.0,800,555.822822
800.0,800,556.535111
800.0,800,558.203388
800.0,800,558.906109
800.0,800,559.612176
800.0,800,561.281617
800.0,800,561.998279
800.0,800,562.731709
800.0,800,564.433467
800.0,800,565.159434
800.0,800,566.851986
800.0,800,567.554865
800.0,800,568.278481
800.0,800,569.96044
800.0,800,570.677099
800.0,800,572.386055
800.0,800,573.094186
800.0,800,573.826459
800.0,800,575.504613
800.0,800,576.203856
800.0,800,577.961241
800.0,800,578.683147
800.0,800,579.416093
800.0,800,581.135281
800.0,800,581.884844
800.0,800,583.57654
800.0,800,584.311312
800.0,800,585.046674
800.0,800,586.772545
800.0,800,587.519927
800.0,800,588.245847
800.0,800,589.948209
800.0,800,590.660148
800.0,800,592.332356
800.0,800,593.077719
800.0,800,593.774279
800.0,800,595.476624
800.0,800,596.181479
800.0,800,597.98982
800.0,800,598.722644
800.0,800,599.451483
800.0,800,601.1972
800.0,800,601.921009
800.0,800,603.647076
800.0,800,604.347012
800.0,800,605.098527
800.0,800,606.814952
800.0,800,610.162075
800.0,800,610.89707
800.0,800,612.691366
800.0,800,613.461493
800.0,800,615.216756
800.0,800,615.923973
800.0,800,616.666112
800.0,800,618.374655
800.0,800,619.077903
800.0,800,620.794115
800.0,800,621.532612
800.0,800,622.305444
800.0,800,624.060113
800.0,800,624.776129
800.0,800,626.495955
800.0,800,627.213932
800.0,800,627.93103
800.0,800,629.635031
800.0,800,630.373043
800.0,800,632.193962
798.0,800,633.177653
800.0,800,634.05286
800.0,800,635.752815
800.0,800,636.495486
800.0,800,637.19342
800.0,800,638.929693
800.0,800,639.651977
800.0,800,641.320612
800.0,800,642.022811
800.0,800,642.725539
800.0,800,644.419917
800.0,800,645.165607
800.0,800,646.874836
800.0,800,647.598017
800.0,800,648.333055
800.0,800,650.04794
800.0,800,650.763172
800.0,800,652.542518
800.0,800,653.26554
800.0,800,653.96667
800.0,800,655.664788
798.0,800,656.392072
800.0,800,658.148343
800.0,800,658.86518
800.0,800,659.569096
800.0,800,661.273183
800.0,800,662.019877
800.0,800,662.736696
800.0,800,664.493434
800.0,800,665.259649
800.0,800,667.12154
800.0,800,667.934029
800.0,800,668.677737
800.0,800,670.414987
800.0,800,671.116835
800.0,800,672.806728
800.0,800,673.520947
800.0,800,674.234364
800.0,800,676.020495
800.0,800,676.762694
800.0,800,678.60448
800.0,800,679.369683
800.0,800,682.738541
800.0,800,684.507455
800.0,800,685.256555
800.0,800,685.970446
800.0,800,687.683654
800.0,800,688.373514
800.0,800,690.021134
800.0,800,690.738104
800.0,800,691.437202
800.0,800,693.126211
800.0,800,693.853985
800.0,800,695.540261
800.0,800,696.272525
800.0,800,696.985386
800.0,800,698.71988
800.0,800,699.464061
800.0,800,701.196007
800.0,800,701.916814
800.0,800,702.646563
800.0,800,704.377322
800.0,800,705.099813
800.0,800,706.769499
800.0,800,707.490389
800.0,800,708.21472
800.0,800,709.906501
800.0,800,710.641464
800.0,800,711.370784
800.0,800,713.057048
800.0,800,713.780597
800.0,800,715.455812
800.0,800,716.147161
800.0,800,716.866745
800.0,800,718.562839
800.0,800,719.288957
800.0,800,720.936912
800.0,800,721.654986
800.0,800,722.367958
800.0,800,724.032889
800.0,800,724.749473
800.0,800,726.408662
800.0,800,727.126375
800.0,800,727.850208
800.0,800,729.51421
800.0,800,730.239753
800.0,800,731.886993
800.0,800,732.624246
800.0,800,733.356911
800.0,800,735.00173
800.0,800,735.713958
800.0,800,736.472628
800.0,800,738.201104
800.0,800,738.899743
800.0,800,740.561168
800.0,800,741.298868
800.0,800,742.047207
800.0,800,743.827199
800.0,800,744.572061
800.0,800,746.301507
800.0,800,747.020736
800.0,800,747.753061
800.0,800,749.438423
800.0,800,750.17877
800.0,800,751.858484
800.0,800,755.101561
800.0,800,755.799304
800.0,800,757.506459
800.0,800,758.254905
800.0,800,758.971061
800.0,800,760.663162
800.0,800,761.4103
800.0,800,763.141996
800.0,800,763.867622
800.0,800,764.606735
800.0,800,766.327504
800.0,800,767.048953
800.0,800,768.741593
800.0,800,769.477683
800.0,800,770.209729
800.0,800,771.930866
798.0,800,772.654255
800.0,800,774.350492
800.0,800,775.049398
800.0,800,775.758352
800.0,800,777.478911
800.0,800,778.204478
800.0,800,779.948672
800.0,800,780.654684
800.0,800,781.361402
800.0,800,783.065256
796.0,800,783.793608
800.0,800,784.520739
800.0,800,786.218799
800.0,800,786.938516
800.0,800,788.645251
800.0,800,789.34071
800.0,800,790.067035
800.0,800,791.727166
800.0,800,792.456854
800.0,800,794.148313
800.0,800,794.863437
800.0,800,795.592656
800.0,800,797.31737
800.0,800,798.119663
800.0,800,799.953322
800.0,800,800.67756
800.0,800,801.397383
798.0,800,803.110296
796.0,800,803.818166
800.0,800,805.536615
800.0,800,806.264366
800.0,800,806.989451
800.0,800,808.765069
800.0,800,809.500704
800.0,800,810.228312
800.0,800,811.938844
800.0,800,812.670859
800.0,800,814.345931
800.0,800,815.063015
800.0,800,815.797496
800.0,800,817.488548
800.0,800,818.221653
800.0,800,819.905194
800.0,800,820.621367
800.0,800,821.34061
800.0,800,823.006817
800.0,800,826.218069
800.0,800,827.903641
800.0,800,828.649021
800.0,800,829.365742
800.0,800,831.076357
800.0,800,831.779776
800.0,800,832.510058
800.0,800,834.229001
800.0,800,834.946676
800.0,800,836.669503
800.0,800,837.37034
800.0,800,838.073287
800.0,800,839.725564
800.0,800,840.444624
800.0,800,842.10918
800.0,800,842.822821
800.0,800,843.547222
800.0,800,845.239505
800.0,800,845.94416
800.0,800,847.649561
800.0,800,848.370631
800.0,800,849.064981
798.0,800,850.724526
800.0,800,851.441206
800.0,800,853.114849
800.0,800,853.815383
800.0,800,854.521545
800.0,800,856.215959
800.0,800,856.938774
800.0,800,857.672291
800.0,800,859.390714
800.0,800,860.094073
800.0,800,861.796369
800.0,800,862.531951
800.0,800,863.248487
800.0,800,864.928287
800.0,800,865.652468
800.0,800,867.356379
800.0,800,868.101813
800.0,800,868.817422
800.0,800,870.507881
800.0,800,871.228081
800.0,800,872.928003
800.0,800,873.694711
800.0,800,874.443442
800.0,800,876.163504
800.0,800,876.907272
800.0,800,878.64172
800.0,800,879.353128
800.0,800,880.076595
800.0,800,881.763964
800.0,800,882.47674
800.0,800,883.192618
800.0,800,884.861958
800.0,800,885.588274
800.0,800,887.315915
800.0,800,888.020881
800.0,800,888.744384
800.0,800,890.429924
800.0,800,891.144351
800.0,800,892.814829
800.0,800,893.546851
800.0,800,894.266961
800.0,800,898.5504
800.0,800,899.278151
800.0,800,900.963611
800.0,800,901.670865
800.0,800,902.382452
800.0,800,904.063689
800.0,800,904.781826
800.0,800,905.517967
800.0,800,907.258507
800.0,800,908.000387
800.0,800,909.692046
800.0,800,910.404888
800.0,800,911.122247
800.0,800,912.799305
800.0,800,913.510395
800.0,800,915.203182
800.0,800,915.904348
800.0,800,916.612642
800.0,800,918.307389
800.0,800,919.021054
800.0,800,920.69058
800.0,800,921.403034
800.0,800,922.124722
800.0,800,923.856454
800.0,800,924.57856
800.0,800,926.296534
800.0,800,927.04156
800.0,800,927.767253
800.0,800,929.444442
800.0,800,930.179976
800.0,800,930.892637
800.0,800,932.571761
800.0,800,933.287856
800.0,800,934.981719
800.0,800,935.728812
800.0,800,936.444031
800.0,800,938.179057
800.0,800,938.889534
800.0,800,940.639779
800.0,800,941.368532
800.0,800,942.114526
800.0,800,943.903758
800.0,800,944.619906
800.0,800,946.302575
800.0,800,947.005269
800.0,800,947.722413
800.0,800,949.412983
800.0,800,950.12979
800.0,800,951.801801
800.0,800,952.520641
800.0,800,953.237387
800.0,800,954.922897
800.0,800,955.635113
800.0,800,956.366972
800.0,800,958.070437
800.0,800,958.803256
800.0,800,960.493407
800.0,800,961.216387
800.0,800,961.933966
800.0,800,963.64692
800.0,800,964.355214
800.0,800,966.047203
800.0,800,969.305492
800.0,800,970.011274
800.0,800,971.70084
800.0,800,972.433449
800.0,800,974.095666
800.0,800,974.803047
800.0,800,975.521266
800.0,800,977.224946
800.0,800,977.939069
800.0,800,978.646188
800.0,800,980.342391
800.0,800,981.053686
800.0,800,982.71857
800.0,800,983.441289
800.0,800,984.126051
800.0,800,985.801545
800.0,800,986.5314
800.0,800,988.219255
800.0,800,988.941296
800.0,800,989.673926
800.0,800,991.35142
800.0,800,992.058761
800.0,800,993.758419
800.0,800,994.461235
800.0,800,995.194488
800.0,800,996.882647
800.0,800,997.598324
800.0,800,999.346671
800.0,800,1000.076097
800.0,800,1000.784214
800.0,800,1002.452024
800.0,800,1003.173224
800.0,800,1003.882731
800.0,800,1005.616234
800.0,800,1006.333964
800.0,800,1008.111366
800.0,800,1008.863512
800.0,800,1009.595531
800.0,800,1011.294804
800.0,800,1012.002228
800.0,800,1013.671339
800.0,800,1014.390027
800.0,800,1015.112388
800.0,800,1016.811037
800.0,800,1017.535051
800.0,800,1019.218816
800.0,800,1019.93458
800.0,800,1020.662953
800.0,800,1022.361506
800.0,800,1023.11091
800.0,800,1024.780346
800.0,800,1025.48573
800.0,800,1026.222893
800.0,800,1027.922625
800.0,800,1028.656073
800.0,800,1029.382559
800.0,800,1031.051271
800.0,800,1031.75062
800.0,800,1033.458243
800.0,800,1034.157745
800.0,800,1034.865521
800.0,800,1036.543494
800.0,800,1037.265104
800.0,800,1041.474904
800.0,800,1042.191797
800.0,800,1042.900372
800.0,800,1044.56708
800.0,800,1045.28435
800.0,800,1047.007627
800.0,800,1047.778455
800.0,800,1048.519472
800.0,800,1050.234005
800.0,800,1050.951652
800.0,800,1051.667058
800.0,800,1053.348406
800.0,800,1054.068834
800.0,800,1055.754769
800.0,800,1056.472244
800.0,800,1057.19444
800.0,800,1058.941288
800.0,800,1059.698658
800.0,800,1061.471449
800.0,800,1062.187459
800.0,800,1062.915621
800.0,800,1064.582419
800.0,800,1065.295518
800.0,800,1066.987077
800.0,800,1067.705318
800.0,800,1068.422489
800.0,800,1070.097334
800.0,800,1070.80427
800.0,800,1072.563159
800.0,800,1073.323902
800.0,800,1074.076011
800.0,800,1075.800624
800.0,800,1076.543043
800.0,800,1077.283129
800.0,800,1078.973401
800.0,800,1079.691625
800.0,800,1081.386688
800.0,800,1082.115623
800.0,800,1082.836689
800.0,800,1084.540739
800.0,800,1085.270527
800.0,800,1086.975796
800.0,800,1087.710954
800.0,800,1088.425061
800.0,800,1090.125086
800.0,800,1090.829856
800.0,800,1092.638091
800.0,800,1093.356925
800.0,800,1094.072129
800.0,800,1095.768741
800.0,800,1096.493971
800.0,800,1098.183157
800.0,800,1098.885392
800.0,800,1099.624582
800.0,800,1101.320868
800.0,800,1102.044357
800.0,800,1102.755668
800.0,800,1104.424461
800.0,800,1105.148687
800.0,800,1106.834045
800.0,800,1107.557466
800.0,800,1108.266367
800.0,800,1112.470494
800.0,800,1113.173287
800.0,800,1114.855237
800.0,800,1115.574239
800.0,800,1116.291615
800.0,800,1118.044369
800.0,800,1118.762351
800.0,800,1120.414619
800.0,800,1121.125103
800.0,800,1121.829362
800.0,800,1123.516664
800.0,800,1124.223076
800.0,800,1124.949064
800.0,800,1126.630401
800.0,800,1127.366724
800.0,800,1129.063438
800.0,800,1129.77177
800.0,800,1130.480081
800.0,800,1132.175971
800.0,800,1132.915873
800.0,800,1134.606884
800.0,800,1135.333746
800.0,800,1136.058772
800.0,800,1137.771241
800.0,800,1138.52738
800.0,800,1140.249187
800.0,800,1140.98123
800.0,800,1141.703975
800.0,800,1143.395401
800.0,800,1144.112232
800.0,800,1145.776338
800.0,800,1146.490723
800.0,800,1147.189233
800.0,800,1148.86305
800.0,800,1149.588064
800.0,800,1150.31368
800.0,800,1152.017892
800.0,800,1152.745827
800.0,800,1154.403103
800.0,800,1155.123414
800.0,800,1155.823905
800.0,800,1157.515551
800.0,800,1158.230936
800.0,800,1159.935102
800.0,800,1160.660923
800.0,800,1161.385702
800.0,800,1163.072129
800.0,800,1163.774715
800.0,800,1165.483083
800.0,800,1166.226653
800.0,800,1166.945548
800.0,800,1168.634756
800.0,800,1169.347345
800.0,800,1171.052547
800.0,800,1171.756957
800.0,800,1172.540029
800.0,800,1174.22456
800.0,800,1174.919139
800.0,800,1175.633102
800.0,800,1177.347234
800.0,800,1178.0881
800.0,800,1179.77672
800.0,800,1180.503188
800.0,800,1183.72893
800.0,800,1185.397954
800.0,800,1186.105598
800.0,800,1187.821127
800.0,800,1188.527611
800.0,800,1189.244773
800.0,800,1190.934474
800.0,800,1191.6759
800.0,800,1193.362109
800.0,800,1194.087368
800.0,800,1194.787536
800.0,800,1196.474652
800.0,800,1197.204032
800.0,800,1197.920015
800.0,800,1199.58897
800.0,800,1200.298239
800.0,800,1202.006705
800.0,800,1202.717303
800.0,800,1203.431548
800.0,800,1205.21462
800.0,800,1205.934516
800.0,800,1207.679789
800.0,800,1208.421459
800.0,800,1209.140356
800.0,800,1210.832393
800.0,800,1211.537335
800.0,800,1213.21933
800.0,800,1213.93689
800.0,800,1214.652325
800.0,800,1216.326641
800.0,800,1217.035393
800.0,800,1218.754697
800.0,800,1219.461801
800.0,800,1220.174797
800.0,800,1221.82351
800.0,800,1222.556013
800.0,800,1223.284739
800.0,800,1225.028214
800.0,800,1225.80862
800.0,800,1227.521241
800.0,800,1228.250196
800.0,800,1228.966877
800.0,800,1230.645879
800.0,800,1231.345345
800.0,800,1233.023137
800.0,800,1233.78596
800.0,800,1234.496185
800.0,800,1236.161066
800.0,800,1236.880104
800.0,800,1238.573601
800.0,800,1239.315828
800.0,800,1240.035522
800.0,800,1241.703825
800.0,800,1242.432171
800.0,800,1244.138165
800.0,800,1244.847649
800.0,800,1245.562186
800.0,800,1247.250461
800.0,800,1247.961853
800.0,800,1248.682604
800.0,800,1250.366502
800.0,800,1251.066545
800.0,800,1255.270947
800.0,800,1255.990434
800.0,800,1256.719105
800.0,800,1258.410008
800.0,800,1259.132287
800.0,800,1260.816613
800.0,800,1261.535241
800.0,800,1262.273072
800.0,800,1263.950661
800.0,800,1264.663308
800.0,800,1266.362335
800.0,800,1267.103117
800.0,800,1267.821631
800.0,800,1269.536869
800.0,800,1270.277705
800.0,800,1271.008583
800.0,800,1272.736658
800.0,800,1273.49762
800.0,800,1275.240985
800.0,800,1275.948148
800.0,800,1276.660684
800.0,800,1278.351951
800.0,800,1279.071706
800.0,800,1280.764549
800.0,800,1281.48836
800.0,800,1282.216894
800.0,800,1283.926222
800.0,800,1284.628862
800.0,800,1286.333063
800.0,800,1287.056321
800.0,800,1287.79056
800.0,800,1289.476653
800.0,800,1290.185393
800.0,800,1291.89312
800.0,800,1292.626333
800.0,800,1293.358374
800.0,800,1295.07568
800.0,800,1295.796933
800.0,800,1296.511963
800.0,800,1298.244964
800.0,800,1298.956097
800.0,800,1300.675883
800.0,800,1301.41173
800.0,800,1302.13173
800.0,800,1303.821423
800.0,800,1304.540364
800.0,800,1306.248343
800.0,800,1306.968767
800.0,800,1307.700552
800.0,800,1309.397255
800.0,800,1310.108416
800.0,800,1311.783411
800.0,800,1312.496881
800.0,800,1313.215425
800.0,800,1314.907385
800.0,800,1315.615406
800.0,800,1317.319927
800.0,800,1318.045415
800.0,800,1318.771787
800.0,800,1320.453607
800.0,800,1321.171935
800.0,800,1321.876734
800.0,800,1323.582431
800.0,800,1326.820918
800.0,800,1328.538349
800.0,800,1329.256858
800.0,800,1329.982334
800.0,800,1331.66234
800.0,800,1332.384052
800.0,800,1334.100403
800.0,800,1334.830937
800.0,800,1335.547532
800.0,800,1337.318583
800.0,800,1338.052195
800.0,800,1339.800737
800.0,800,1340.531464
800.0,800,1341.230478
800.0,800,1342.896956
800.0,800,1343.61973
800.0,800,1344.349679
800.0,800,1346.030446
800.0,800,1346.75953
800.0,800,1348.481612
800.0,800,1349.204829
800.0,800,1349.922359
800.0,800,1351.617024
800.0,800,1352.332661
800.0,800,1354.001511
800.0,800,1354.7228
800.0,800,1355.435958
800.0,800,1357.158726
800.0,800,1357.919467
800.0,800,1359.646423
800.0,800,1360.361202
800.0,800,1361.085308
800.0,800,1362.788003
800.0,800,1363.507429
800.0,800,1365.174529
800.0,800,1365.894584
800.0,800,1366.629404
800.0,800,1368.323982
800.0,800,1369.052964
800.0,800,1369.773721
800.0,800,1371.461355
800.0,800,1372.166471
800.0,800,1373.880776
800.0,800,1374.588726
800.0,800,1375.304762
800.0,800,1377.043536
800.0,800,1377.765784
800.0,800,1379.448636
800.0,800,1380.173518
800.0,800,1380.897612
800.0,800,1382.554007
800.0,800,1383.249145
800.0,800,1384.964088
800.0,800,1385.678982
800.0,800,1386.395155
800.0,800,1388.104098
800.0,800,1388.823343
800.0,800,1390.512131
800.0,800,1391.218636
800.0,800,1391.924456
800.0,800,1393.637466
800.0,800,1394.352169
800.0,800,1397.587097
800.0,800,1399.268068
800.0,800,1399.990449
800.0,800,1401.69794
800.0,800,1402.462816
800.0,800,1403.219279
800.0,800,1405.011251
800.0,800,1405.753947
800.0,800,1407.47384
800.0,800,1408.179748
800.0,800,1408.914564
800.0,800,1410.6106
800.0,800,1411.339583
800.0,800,1413.023708
800.0,800,1413.739786
800.0,800,1414.462237
800.0,800,1416.102262
800.0,800,1416.814505
800.0,800,1417.539408
800.0,800,1419.244644
800.0,800,1419.970279
800.0,800,1421.66135
800.0,800,1422.390177
800.0,800,1423.12229
800.0,800,1424.848948
800.0,800,1425.574258
800.0,800,1427.271341
800.0,800,1428.005718
800.0,800,1428.726276
800.0,800,1430.422348
800.0,800,1431.144973
800.0,800,1432.824138
800.0,800,1433.528766
800.0,800,1434.254665
800.0,800,1435.915091
800.0,800,1436.630805
800.0,800,1438.332317
800.0,800,1439.041899
800.0,800,1439.779903
800.0,800,1441.4345
800.0,800,1442.148586
800.0,800,1442.863417
800.0,800,1444.570637
800.0,800,1445.280382
800.0,800,1446.968801
800.0,800,1447.696125
800.0,800,1448.417725
800.0,800,1450.08495
800.0,800,1450.794405
800.0,800,1452.524652
800.0,800,1453.264304
800.0,800,1453.995672
800.0,800,1455.675995
800.0,800,1456.401
800.0,800,1458.104084
800.0,800,1458.841252
800.0,800,1459.548027
800.0,800,1461.23169
800.0,800,1461.939817
800.0,800,1463.642718
800.0,800,1464.35518
800.0,800,1465.066185
800.0,800,1466.736252
800.0,800,1470.11018
800.0,800,1470.834618
