Step,Roll Angle 0 degree (rad unit),Roll Angle 3 degree (rad unit),Roll Angle 5 degree (rad unit),Roll Angle 7 degree (rad unit),Roll Angle 0 degree,Roll Angle 3 degree,Roll Angle 5 degree,Roll Angle 7 degree
0,0,0.052359878,0.087266463,0.122173048,0,3.000000025,5.000000023,7.000000021
1,0,0.052359878,0.087266463,0.122173048,0,3.000000025,5.000000023,7.000000021
2,-0.000310112,-0.014576628,-0.0294909,-0.022462425,-0.017768109,-0.835179264,-1.689704104,-1.28700215
3,-0.001181243,-0.0261192,-0.089388377,-0.135106695,-0.067680238,-1.496519924,-5.12157674,-7.741043407
4,-0.002238383,-0.019166321,-0.089486266,-0.141958877,-0.128249899,-1.098149302,-5.127185366,-8.133644517
5,-0.003142046,-0.018712852,-0.079157394,-0.115654613,-0.180025975,-1.072167442,-4.535384593,-6.626521206
6,-0.003958447,-0.02001195,-0.071386792,-0.100666911,-0.226802307,-1.146600275,-4.090161895,-5.767789137
7,-0.004888333,-0.021987887,-0.064431928,-0.088543239,-0.28008085,-1.259813126,-3.69167754,-5.073153899
8,-0.005947835,-0.024360153,-0.058227694,-0.077292199,-0.340785843,-1.395733955,-3.336201117,-4.428516792
9,-0.007009373,-0.027012274,-0.052872883,-0.067062236,-0.40160749,-1.547689295,-3.029393047,-3.842383088
10,-0.00799258,-0.029880513,-0.048430571,-0.058116874,-0.457941101,-1.712027285,-2.774867318,-3.329851599
11,-0.00894815,-0.032916388,-0.044904097,-0.050612623,-0.512691229,-1.885970109,-2.572815241,-2.899889688
12,-0.009916971,-0.0360764,-0.042252669,-0.044589267,-0.568200584,-2.06702546,-2.420899607,-2.554776811
13,-0.010875146,-0.039318291,-0.040404877,-0.039997038,-0.623099967,-2.252772132,-2.315028924,-2.29166147
14,-0.011779849,-0.042599205,-0.039271836,-0.036726843,-0.674935631,-2.440754657,-2.250110457,-2.104293099
15,-0.012618078,-0.045875792,-0.038757361,-0.034637815,-0.722962615,-2.628489263,-2.22063321,-1.984600611
16,-0.013400342,-0.049100802,-0.038765162,-0.03357857,-0.767783041,-2.813268725,-2.221080175,-1.923910343
17,-0.014131444,-0.052225941,-0.039203238,-0.033401516,-0.8096721,-2.992326,-2.246180081,-1.913765896
18,-0.014796219,-0.055201904,-0.039987379,-0.033970941,-0.847760901,-3.16283612,-2.29110805,-1.946391545
19,-0.015397187,-0.057979183,-0.041037972,-0.035166788,-0.882193831,-3.321962486,-2.351302595,-2.014908531
20,-0.015933083,-0.060509516,-0.042283369,-0.036883814,-0.912898411,-3.466939887,-2.422658587,-2.113286875
21,-0.016402264,-0.06274752,-0.043658629,-0.039030944,-0.939780502,-3.595168071,-2.501455181,-2.236308362
22,-0.016806443,-0.064652551,-0.045104689,-0.041528692,-0.962938253,-3.704318307,-2.584308316,-2.37941878
23,-0.017150228,-0.066192299,-0.046567751,-0.044306535,-0.982635682,-3.792539369,-2.668135594,-2.53857746
24,-0.01743874,-0.067339969,-0.047998935,-0.047300429,-0.999166202,-3.858296016,-2.750136397,-2.710114951
25,-0.017676549,-0.068079904,-0.049354082,-0.050450613,-1.012791654,-3.900691169,-2.8277806,-2.890607199
26,-0.017866168,-0.068407907,-0.050595534,-0.053700003,-1.023656022,-3.919484356,-2.89891056,-3.076783532
27,-0.01801698,-0.068331759,-0.051687525,-0.056993523,-1.032296914,-3.915121397,-2.961477036,-3.265488327
28,-0.018134156,-0.067871185,-0.05260073,-0.060275882,-1.039010604,-3.888732451,-3.013799828,-3.453553645
29,-0.018220574,-0.067057153,-0.053311809,-0.063492734,-1.043961991,-3.842091853,-3.054541654,-3.637865688
30,-0.018279996,-0.065930489,-0.053803624,-0.066590561,-1.04736662,-3.777538761,-3.082720578,-3.815358101
31,-0.018317392,-0.0645417,-0.054065494,-0.069517208,-1.049509253,-3.697967013,-3.097724623,-3.983042622
32,-0.018337336,-0.062943512,-0.054093419,-0.072222933,-1.05065196,-3.606397585,-3.099324608,-4.138069245
33,-0.018343106,-0.061192408,-0.053890003,-0.074661544,-1.050982557,-3.506066717,-3.08766973,-4.277791363
34,-0.018337288,-0.059345045,-0.053466163,-0.07679184,-1.05064921,-3.400220614,-3.063385487,-4.399848333
35,-0.018322135,-0.057455605,-0.052835161,-0.078579961,-1.049781007,-3.291963676,-3.027231735,-4.50230012
36,-0.018299529,-0.055573655,-0.052016526,-0.079998517,-1.048485779,-3.184135884,-2.980327405,-4.583577391
37,-0.018271169,-0.053767635,-0.051034081,-0.081029857,-1.04686087,-3.08065856,-2.924037453,-4.642668821
38,-0.01823848,-0.052054422,-0.049914675,-0.081666529,-1.044987929,-2.982498686,-2.859900213,-4.679147439
39,-0.018194924,-0.050457772,-0.048686972,-0.081911877,-1.042492354,-2.891017379,-2.789558013,-4.693204844
40,-0.018150327,-0.048974752,-0.047380262,-0.081779994,-1.039937134,-2.806046592,-2.714689045,-4.685648505
41,-0.018109457,-0.047654114,-0.046023342,-0.081295353,-1.037595455,-2.730379609,-2.636943256,-4.657880621
42,-0.018069774,-0.046468312,-0.044645205,-0.080491684,-1.035321787,-2.662438159,-2.557981822,-4.611833779
43,-0.018027987,-0.045430348,-0.043269429,-0.079411485,-1.032927568,-2.602967202,-2.479155664,-4.549942935
44,-0.017984211,-0.044558257,-0.041917641,-0.078101554,-1.030419388,-2.553000069,-2.401703916,-4.474889418
45,-0.017940423,-0.043828188,-0.04060829,-0.076612974,-1.027910521,-2.511170196,-2.32668363,-4.389600066
46,-0.017897566,-0.043225624,-0.03935619,-0.074998336,-1.025454995,-2.476645822,-2.254943585,-4.297088123
47,-0.017855816,-0.042736238,-0.038172624,-0.073309559,-1.023062897,-2.44860607,-2.187130248,-4.200328329
48,-0.017813579,-0.042344862,-0.037065383,-0.071595834,-1.020642895,-2.426181877,-2.123690012,-4.102139119
49,-0.017770602,-0.04203586,-0.03603905,-0.069902001,-1.018180494,-2.408477366,-2.064885463,-4.005089637
50,-0.017727649,-0.041794798,-0.035096736,-0.068267307,-1.015719468,-2.394665531,-2.010894847,-3.91142857
51,-0.017685216,-0.041605565,-0.034236654,-0.06672534,-1.013288237,-2.383823279,-1.961615779,-3.823080369
52,-0.017643133,-0.041453536,-0.03345583,-0.065301462,-1.010877058,-2.375112659,-1.916877859,-3.741498169
53,-0.017601084,-0.041325243,-0.032749822,-0.064014639,-1.008467828,-2.367762011,-1.87642658,-3.667768642
54,-0.017559001,-0.041208444,-0.032112995,-0.062877283,-1.00605665,-2.361069922,-1.839939081,-3.602602943
55,-0.017517711,-0.041092258,-0.031538884,-0.061906952,-1.003690907,-2.354412954,-1.807044944,-3.547007072
56,-0.017476396,-0.040967223,-0.031020466,-0.06108503,-1.001323732,-2.347248976,-1.77734178,-3.49991441
57,-0.017434736,-0.040825354,-0.030550459,-0.060425483,-0.99893679,-2.339120481,-1.750412363,-3.462125151
58,-0.017393043,-0.040661308,-0.030122717,-0.05991346,-0.996547957,-2.329721338,-1.725904552,-3.432788394
59,-0.017351621,-0.040469184,-0.029729194,-0.059537027,-0.994174651,-2.318713444,-1.703357345,-3.411220372
60,-0.017310431,-0.040245204,-0.029362879,-0.059282856,-0.991814638,-2.305880335,-1.682369041,-3.396657446
61,-0.01726932,-0.039987056,-0.029017357,-0.059136105,-0.989459151,-2.291089544,-1.662572089,-3.388249233
62,-0.017228229,-0.03969369,-0.028686752,-0.059081667,-0.98710481,-2.27428091,-1.643629818,-3.385130166
63,-0.017187866,-0.039365219,-0.028365775,-0.059102795,-0.984792181,-2.255460908,-1.62523919,-3.386340711
64,-0.017147406,-0.039002726,-0.028049781,-0.05918312,-0.982473993,-2.234691589,-1.607134068,-3.390942994
65,-0.017106579,-0.038608147,-0.02773477,-0.059306722,-0.980134779,-2.212083878,-1.589085267,-3.398024867
66,-0.017065711,-0.0381852,-0.027418409,-0.059458336,-0.977793215,-2.1878508,-1.570959117,-3.40671171
67,-0.017025101,-0.037736227,-0.027097147,-0.059623676,-0.975466433,-2.162126542,-1.55255216,-3.416184994
68,-0.01698471,-0.03726465,-0.026768699,-0.059789546,-0.973152199,-2.13510717,-1.533733476,-3.425688645
69,-0.016944375,-0.036774234,-0.02643148,-0.059944121,-0.970841174,-2.107008403,-1.51441225,-3.43454514
70,-0.01690404,-0.036285196,-0.026084446,-0.060077644,-0.968530149,-2.07898859,-1.494528667,-3.442195444
71,-0.016864421,-0.035788516,-0.025727041,-0.060180804,-0.966260147,-2.050530922,-1.474050869,-3.448106077
72,-0.016824707,-0.035285271,-0.02535916,-0.060246284,-0.963984703,-2.021697107,-1.45297284,-3.451857805
73,-0.016784618,-0.034778136,-0.024981052,-0.060268448,-0.961687772,-1.992640412,-1.431308847,-3.453127708
74,-0.016744488,-0.034269885,-0.024594208,-0.060243312,-0.959388493,-1.963519775,-1.409144319,-3.451687521
75,-0.016704615,-0.033763097,-0.024198728,-0.060168457,-0.957103938,-1.934482961,-1.386484984,-3.447398646
76,-0.016664947,-0.033260105,-0.023795491,-0.060042946,-0.954831129,-1.905663643,-1.363381206,-3.440207395
77,-0.016625334,-0.032763838,-0.023385632,-0.059867199,-0.952561471,-1.877229638,-1.339898015,-3.430137834
78,-0.016585726,-0.032275243,-0.02297044,-0.059643602,-0.9502921,-1.849235207,-1.316109266,-3.41732667
79,-0.016546816,-0.031795557,-0.022564899,-0.059374437,-0.948062721,-1.821751223,-1.292873478,-3.401904651
80,-0.016507807,-0.031325793,-0.022159226,-0.059063312,-0.94582767,-1.794835729,-1.269630127,-3.384078502
81,-0.016468439,-0.030866695,-0.0217525,-0.058714637,-0.94357205,-1.768531351,-1.246326444,-3.364100896
82,-0.016429028,-0.030418735,-0.021345341,-0.058333364,-0.941313966,-1.742865134,-1.222997952,-3.342255562
83,-0.016389863,-0.029982143,-0.020938624,-0.057924836,-0.939069977,-1.717850255,-1.199694784,-3.318848632
84,-0.016350908,-0.029556945,-0.020533274,-0.057494571,-0.93683802,-1.693488204,-1.17646994,-3.294196263
85,-0.016312007,-0.029143785,-0.020130919,-0.057048075,-0.934609156,-1.66981588,-1.153416696,-3.268613927
86,-0.016273102,-0.028741665,-0.01973173,-0.056591382,-0.932380064,-1.646776101,-1.130544851,-3.242447345
87,-0.016234889,-0.028350014,-0.019336334,-0.056129147,-0.930190621,-1.624336151,-1.107890329,-3.215963231
88,-0.016196583,-0.027968235,-0.018945351,-0.055666031,-0.927995848,-1.602461826,-1.085488654,-3.189428639
89,-0.016157915,-0.027595672,-0.01855933,-0.055206285,-0.925780335,-1.581115538,-1.06337128,-3.163087133
90,-0.016119209,-0.027231657,-0.018178771,-0.054753668,-0.923562645,-1.560259015,-1.041566855,-3.137154089
91,-0.016080751,-0.026875487,-0.017804072,-0.054311353,-0.921359164,-1.539851977,-1.020098184,-3.111811307
92,-0.016042491,-0.026526448,-0.017435548,-0.053881962,-0.919167027,-1.519853516,-0.998983314,-3.087209014
93,-0.016004285,-0.026184596,-0.017074115,-0.053467505,-0.916977985,-1.500266839,-0.978274728,-3.063462378
94,-0.015966083,-0.025848676,-0.016719413,-0.053070028,-0.914789171,-1.481020041,-0.957951801,-3.040688623
95,-0.015928554,-0.02551794,-0.016371444,-0.052689981,-0.912638918,-1.462070264,-0.938014646,-3.018913534
96,-0.01589093,-0.025191779,-0.01603025,-0.052327679,-0.910483222,-1.443382615,-0.91846567,-2.998155158
97,-0.015852958,-0.024869654,-0.015695818,-0.051983059,-0.908307586,-1.424926212,-0.899304127,-2.978409887
98,-0.015814949,-0.02455109,-0.015368103,-0.05165565,-0.906129831,-1.406673839,-0.880527441,-2.959650733
99,-0.015777176,-0.024235668,-0.015047029,-0.051344672,-0.903965597,-1.38860149,-0.862131256,-2.941833006
100,-0.015739605,-0.023923034,-0.014732482,-0.05104904,-0.901812938,-1.370688881,-0.84410904,-2.92489454
101,-0.015702089,-0.023613564,-0.01442488,-0.050767456,-0.899663429,-1.352957556,-0.826484744,-2.908760965
102,-0.015664567,-0.023306475,-0.014123608,-0.050499022,-0.897513577,-1.335362653,-0.80922313,-2.89338083
103,-0.015627713,-0.023001473,-0.013828414,-0.050241725,-0.895401998,-1.317887325,-0.79230976,-2.878638798
104,-0.015590769,-0.0226984,-0.013539101,-0.049993874,-0.893285263,-1.300522522,-0.775733346,-2.864437982
105,-0.015553475,-0.022397146,-0.013255462,-0.049753796,-0.891148474,-1.283261939,-0.759482028,-2.850682526
106,-0.015516148,-0.022107587,-0.012977324,-0.049519865,-0.889009795,-1.26667143,-0.743545895,-2.837279267
107,-0.015479058,-0.021821584,-0.012704496,-0.049290509,-0.886884694,-1.250284665,-0.727914002,-2.824138136
108,-0.015442162,-0.021537484,-0.012436786,-0.049064246,-0.884770709,-1.234006935,-0.712575349,-2.811174221
109,-0.015405316,-0.02125484,-0.012174497,-0.048839733,-0.882659589,-1.217812626,-0.697547296,-2.798310573
110,-0.015368472,-0.02097348,-0.011917068,-0.048616281,-0.880548583,-1.201691886,-0.682797701,-2.785507717
111,-0.015332283,-0.020693308,-0.011664264,-0.048392412,-0.878475106,-1.185639213,-0.668313098,-2.772680968
112,-0.015295997,-0.020414863,-0.011415917,-0.048167123,-0.876396072,-1.169685489,-0.654083863,-2.759772859
113,-0.015259376,-0.02013769,-0.011171883,-0.047939625,-0.874297843,-1.153804646,-0.640101745,-2.746738184
114,-0.015222725,-0.01986173,-0.010932033,-0.04770931,-0.872197895,-1.137993303,-0.626359352,-2.733542106
115,-0.015186296,-0.019587029,-0.010696234,-0.047475714,-0.870110667,-1.122254095,-0.612849065,-2.720158042
116,-0.015150066,-0.019313674,-0.010464391,-0.047238548,-0.868034841,-1.106592007,-0.599565439,-2.706569431
117,-0.015113888,-0.019041762,-0.010236791,-0.04699764,-0.865961994,-1.091012597,-0.58652492,-2.692766419
118,-0.015077703,-0.018771413,-0.010013011,-0.046753462,-0.863888747,-1.07552274,-0.573703271,-2.67877605
119,-0.015042164,-0.018502752,-0.009792916,-0.046505691,-0.861852512,-1.060129599,-0.561092756,-2.664579818
120,-0.015006535,-0.018236421,-0.009576412,-0.046254419,-0.859811121,-1.044869957,-0.54868799,-2.650182993
121,-0.014970573,-0.017972131,-0.009363436,-0.045999899,-0.85775065,-1.029727255,-0.536485365,-2.635600071
122,-0.014934578,-0.01770992,-0.009153917,-0.045742436,-0.855688288,-1.014703672,-0.52448081,-2.620848527
123,-0.014898809,-0.017449889,-0.008947813,-0.045482396,-0.853638875,-0.999804993,-0.512671921,-2.605949333
124,-0.014863235,-0.017192149,-0.008745076,-0.045220189,-0.851600635,-0.985037578,-0.501055946,-2.590925978
125,-0.014827704,-0.016936786,-0.008545981,-0.044956241,-0.849564859,-0.970406356,-0.489648643,-2.575802872
126,-0.014792173,-0.016683904,-0.008350229,-0.044691515,-0.847529083,-0.955917285,-0.47843288,-2.56063519
127,-0.014757279,-0.016433584,-0.008157725,-0.044426067,-0.845529804,-0.941575005,-0.467403213,-2.545426139
128,-0.014722286,-0.016186344,-0.007968431,-0.044160264,-0.843524853,-0.927409197,-0.456557466,-2.530196749
129,-0.014686973,-0.015941882,-0.007782306,-0.043894504,-0.841501567,-0.913402556,-0.445893289,-2.514969823
130,-0.014651632,-0.01570017,-0.007599332,-0.043629159,-0.839476677,-0.899553479,-0.435409651,-2.499766674
131,-0.014616506,-0.015461217,-0.007419481,-0.043364603,-0.837464105,-0.88586248,-0.425104947,-2.484608732
132,-0.014581572,-0.015225064,-0.007242721,-0.043101147,-0.835462534,-0.87233191,-0.414977345,-2.469513815
133,-0.014546685,-0.014991717,-0.00706931,-0.04283907,-0.833463656,-0.858962112,-0.405041627,-2.454497909
134,-0.014511797,-0.014761183,-0.00689899,-0.042579085,-0.831464721,-0.845753487,-0.39528301,-2.439601866
135,-0.014477528,-0.014533473,-0.006731702,-0.042321016,-0.829501252,-0.832706665,-0.385698114,-2.424815602
136,-0.014443169,-0.014308982,-0.0065674,-0.042064972,-0.827532626,-0.819844278,-0.376284302,-2.410145361
137,-0.014408498,-0.014087367,-0.006406073,-0.041811045,-0.825546125,-0.807146674,-0.367040946,-2.395596416
138,-0.014373788,-0.013868544,-0.00624769,-0.0415593,-0.823557388,-0.794609039,-0.357966269,-2.38117249
139,-0.014339298,-0.013652481,-0.006092225,-0.041309778,-0.821581257,-0.782229541,-0.34905878,-2.366875932
140,-0.014305002,-0.01343915,-0.005939658,-0.041062482,-0.819616241,-0.770006575,-0.340317335,-2.352706915
141,-0.01427074,-0.013228511,-0.005790185,-0.04081741,-0.817653173,-0.75793785,-0.331753163,-2.338665324
142,-0.014236482,-0.013020546,-0.005643598,-0.040574963,-0.815690334,-0.746022333,-0.323354347,-2.324774134
143,-0.014202837,-0.012815221,-0.005499821,-0.040334711,-0.813762617,-0.734258077,-0.315116531,-2.311008708
144,-0.014169097,-0.01261285,-0.005358835,-0.040096525,-0.811829458,-0.722663073,-0.307038629,-2.297361656
145,-0.014127587,-0.012413117,-0.005220602,-0.039860288,-0.80945111,-0.711219215,-0.299118461,-2.283826273
146,-0.014088118,-0.012215923,-0.005085097,-0.039625897,-0.807189703,-0.699920831,-0.291354597,-2.270396658
147,-0.014054353,-0.01202122,-0.004952284,-0.039393228,-0.805255111,-0.688765171,-0.283744972,-2.257065706
148,-0.014023162,-0.011828973,-0.004822144,-0.039162152,-0.803467998,-0.677750229,-0.276288499,-2.243826026
149,-0.013990035,-0.011639146,-0.004694824,-0.038932572,-0.801569961,-0.666873943,-0.268993601,-2.230672061
150,-0.013964519,-0.011451711,-0.004570137,-0.0387048,-0.800108002,-0.656134709,-0.261849562,-2.217621687
151,-0.013935849,-0.011266625,-0.004448027,-0.038478383,-0.798465332,-0.645530062,-0.254853174,-2.204648948
152,-0.013901131,-0.011084184,-0.004328456,-0.038253158,-0.796476137,-0.635076963,-0.248002261,-2.191744506
153,-0.013865219,-0.010904095,-0.004211394,-0.038035745,-0.794418531,-0.624758623,-0.241295102,-2.179287659
154,-0.013831841,-0.010726271,-0.004096797,-0.037814012,-0.792506112,-0.614570058,-0.234729178,-2.166583294
155,-0.013800154,-0.010550685,-0.003984647,-0.037592197,-0.790690581,-0.604509721,-0.228303456,-2.153874231
156,-0.013767851,-0.010377301,-0.003874904,-0.037377506,-0.788839755,-0.59457555,-0.222015645,-2.141573343
157,-0.013734401,-0.010206097,-0.003767687,-0.037164741,-0.786923211,-0.584766283,-0.215872564,-2.129382806
158,-0.013700802,-0.010037045,-0.003662828,-0.036946776,-0.784998131,-0.575080317,-0.209864585,-2.116894331
159,-0.013668328,-0.009870128,-0.003560285,-0.03672817,-0.783137507,-0.565516678,-0.203989304,-2.10436913
160,-0.013636068,-0.009705601,-0.003460011,-0.036509623,-0.781289146,-0.556089975,-0.198244027,-2.09184731
161,-0.013603335,-0.009543204,-0.003361976,-0.036291263,-0.779413683,-0.546785312,-0.192627036,-2.079336203
162,-0.013570346,-0.009382887,-0.003266141,-0.036073169,-0.777523552,-0.537599825,-0.187136095,-2.066840337
163,-0.013537555,-0.009224613,-0.003172482,-0.035861746,-0.775644766,-0.528531393,-0.181769829,-2.054726692
164,-0.01350505,-0.009068364,-0.003080962,-0.035651974,-0.773782367,-0.519578984,-0.176526119,-2.042707642
165,-0.013472651,-0.00891412,-0.002991661,-0.03544299,-0.771926041,-0.510741454,-0.171409549,-2.03073374
166,-0.013440223,-0.008761866,-0.002904451,-0.035234564,-0.770068054,-0.502017942,-0.166412784,-2.01879181
167,-0.013408328,-0.008611591,-0.002819282,-0.035026584,-0.768240605,-0.493407819,-0.16153296,-2.006875434
168,-0.013376348,-0.008463507,-0.002736119,-0.034818967,-0.766408286,-0.484923231,-0.156768071,-1.994979856
169,-0.013344101,-0.008317411,-0.002654921,-0.034612032,-0.764560669,-0.476552547,-0.152115768,-1.983123354
170,-0.013311846,-0.008173243,-0.002575658,-0.034405454,-0.762712593,-0.468292329,-0.147574333,-1.971287306
171,-0.013279783,-0.008030979,-0.002498306,-0.034199151,-0.760875519,-0.460141202,-0.14314239,-1.959467015
172,-0.013247888,-0.007890603,-0.002422828,-0.033993088,-0.75904807,-0.45209825,-0.138817819,-1.947660475
173,-0.013216041,-0.007752102,-0.002349282,-0.033787277,-0.757223371,-0.444162727,-0.134603943,-1.935868373
174,-0.013184193,-0.007615465,-0.002277561,-0.03358173,-0.755398615,-0.436334004,-0.130494633,-1.924091398
175,-0.013152917,-0.007480665,-0.002207621,-0.033376469,-0.753606632,-0.428610532,-0.126487366,-1.912330809
176,-0.013121559,-0.007347912,-0.002139426,-0.033171524,-0.751809951,-0.421004346,-0.12258008,-1.900588325
177,-0.013089912,-0.007217009,-0.002072942,-0.032967297,-0.749996712,-0.413504156,-0.118770828,-1.88888698
178,-0.013058235,-0.00708791,-0.002008146,-0.032763557,-0.748181753,-0.406107329,-0.11505829,-1.877213538
179,-0.013026761,-0.00696059,-0.001945,-0.03256029,-0.746378426,-0.39881243,-0.111440291,-1.865567197
180,-0.012995466,-0.00683504,-0.00188348,-0.032357523,-0.744585355,-0.391618945,-0.107915455,-1.853949503
181,-0.012964201,-0.006711242,-0.001823618,-0.032155316,-0.742794002,-0.384525842,-0.104485615,-1.842363896
182,-0.012932939,-0.006589179,-0.001765335,-0.031953712,-0.741002821,-0.377532147,-0.101146245,-1.830812837
183,-0.012902238,-0.006468841,-0.001708584,-0.031752745,-0.739243784,-0.370637288,-0.097894652,-1.819298276
184,-0.012871449,-0.006350397,-0.001653338,-0.03155247,-0.737479704,-0.363850946,-0.09472929,-1.807823364
185,-0.012840374,-0.006233679,-0.001599558,-0.031353278,-0.735699238,-0.357163498,-0.091647922,-1.796410503
186,-0.012809281,-0.006118635,-0.001548192,-0.031154929,-0.73391774,-0.350571962,-0.088704867,-1.785045943
187,-0.012778389,-0.006005257,-0.001498379,-0.030957408,-0.732147759,-0.344075881,-0.085850793,-1.773728823
188,-0.01274766,-0.005893523,-0.001449933,-0.03076073,-0.730387117,-0.337673994,-0.083075041,-1.762460004
189,-0.012716965,-0.005783418,-0.001402784,-0.030564931,-0.728628423,-0.331365443,-0.080373603,-1.751241547
190,-0.012686273,-0.005674924,-0.001356907,-0.030370023,-0.726869901,-0.325149194,-0.077745044,-1.740074142
191,-0.012656126,-0.005568038,-0.001312267,-0.030176012,-0.725142605,-0.319025078,-0.075187361,-1.72895813
192,-0.012625905,-0.005462893,-0.001268886,-0.029982932,-0.723411069,-0.313000713,-0.072701812,-1.717895461
193,-0.012595408,-0.005359342,-0.001226691,-0.029791121,-0.72166372,-0.307067678,-0.070284217,-1.7069055
194,-0.012564875,-0.005257349,-0.001185657,-0.029600307,-0.719914308,-0.301223909,-0.067933142,-1.695972663
195,-0.012534534,-0.005156896,-0.001145753,-0.029410464,-0.718175896,-0.295468376,-0.065646811,-1.685095461
196,-0.012504367,-0.005057966,-0.001106954,-0.029221582,-0.716447455,-0.289800105,-0.063423792,-1.674273319
197,-0.012474244,-0.004960535,-0.001069233,-0.029033643,-0.714721534,-0.28421772,-0.061262538,-1.663505208
198,-0.012444112,-0.004864602,-0.001032576,-0.028846648,-0.712995097,-0.278721164,-0.059162247,-1.652791183
199,-0.012414513,-0.004770146,-0.000996952,-0.02866059,-0.7112992,-0.273309233,-0.057121142,-1.642130845
200,-0.012384837,-0.004677287,-0.000962386,-0.028475461,-0.70959889,-0.267988805,-0.055140656,-1.631523735
201,-0.012354889,-0.004585891,-0.000928812,-0.028291564,-0.707882996,-0.2627522,-0.053217008,-1.620987213
202,-0.012324922,-0.004495935,-0.000896219,-0.028108634,-0.706166013,-0.2575981,-0.051349566,-1.610506096
203,-0.012295147,-0.004407392,-0.000864573,-0.027926628,-0.704460032,-0.25252496,-0.049536384,-1.60007792
204,-0.012265526,-0.004320246,-0.00083386,-0.027745514,-0.702762873,-0.247531862,-0.047776659,-1.589700853
205,-0.012235937,-0.004234482,-0.000804051,-0.027565269,-0.701067548,-0.242617947,-0.046068729,-1.579373575
206,-0.012206358,-0.004150092,-0.00077514,-0.027385896,-0.699372797,-0.237782756,-0.044412251,-1.569096259
207,-0.012177307,-0.004067057,-0.000747096,-0.027207375,-0.697708297,-0.233025201,-0.042805448,-1.558867759
208,-0.012148175,-0.003985473,-0.000719937,-0.027029682,-0.696039156,-0.228350782,-0.041249352,-1.5486867
209,-0.012118776,-0.003905235,-0.000693607,-0.026853122,-0.694354718,-0.223753484,-0.039740754,-1.538570557
210,-0.012089351,-0.003826311,-0.000668099,-0.026677441,-0.692668789,-0.219231471,-0.038279253,-1.528504778
211,-0.012060114,-0.003748679,-0.000643381,-0.026502573,-0.690993633,-0.214783485,-0.036863016,-1.518485579
212,-0.012031036,-0.003672322,-0.000619442,-0.026328513,-0.689327586,-0.210408552,-0.035491412,-1.508512676
213,-0.012002001,-0.003597234,-0.000596254,-0.026155249,-0.687664003,-0.206106326,-0.034162838,-1.49858538
214,-0.011972965,-0.003523392,-0.000573813,-0.025982756,-0.686000363,-0.201875491,-0.032877063,-1.488702259
215,-0.011944434,-0.00345079,-0.00055209,-0.025811039,-0.684365657,-0.197715703,-0.031632427,-1.4788636
216,-0.011915833,-0.0033795,-0.000531095,-0.025640091,-0.68272694,-0.193631087,-0.030429502,-1.469069001
217,-0.011886975,-0.003309439,-0.000510784,-0.02547018,-0.681073499,-0.189616887,-0.029265767,-1.459333817
218,-0.011858089,-0.00324057,-0.00049115,-0.02530108,-0.679418453,-0.185670984,-0.028140822,-1.449645101
219,-0.011829392,-0.003174325,-0.000472164,-0.025132748,-0.677774236,-0.181875425,-0.027053004,-1.440000388
220,-0.011800846,-0.003109451,-0.000453817,-0.024965158,-0.67613867,-0.178158419,-0.026001799,-1.430398188
221,-0.011772336,-0.003045699,-0.00043608,-0.024798321,-0.674505168,-0.174505698,-0.024985544,-1.420839132
222,-0.011743826,-0.002982999,-0.000418954,-0.024632224,-0.672871665,-0.170913253,-0.024004296,-1.411322475
223,-0.011715827,-0.002921321,-0.000402411,-0.024466857,-0.671267441,-0.167379364,-0.023056452,-1.401847644
224,-0.011687753,-0.00286065,-0.000386457,-0.024302232,-0.669658919,-0.163903172,-0.022142355,-1.392415326
225,-0.011659412,-0.002800971,-0.000371052,-0.024138607,-0.668035099,-0.160483817,-0.021259714,-1.383040304
226,-0.011631059,-0.002742269,-0.000356195,-0.02397576,-0.666410592,-0.15712044,-0.02040847,-1.373709859
227,-0.01160289,-0.002684604,-0.000341858,-0.023813665,-0.664796627,-0.153816479,-0.019587021,-1.364422499
228,-0.011574868,-0.002627905,-0.000328034,-0.023652302,-0.663191085,-0.150567865,-0.018794964,-1.35517708
229,-0.011546879,-0.002572147,-0.000314695,-0.023491667,-0.661587433,-0.147373167,-0.018030695,-1.345973373
230,-0.011518896,-0.002517317,-0.000301846,-0.023331766,-0.659984125,-0.14423164,-0.017294502,-1.33681172
231,-0.011491413,-0.002463401,-0.000289457,-0.02317259,-0.658409466,-0.141142481,-0.016584664,-1.327691607
232,-0.011463845,-0.002410396,-0.000277533,-0.023014138,-0.656829935,-0.138105518,-0.01590147,-1.318612977
233,-0.01143603,-0.002358294,-0.000266046,-0.022856673,-0.655236253,-0.135120293,-0.015243313,-1.309590897
234,-0.011408196,-0.002307082,-0.000254987,-0.022699979,-0.653641483,-0.132186062,-0.014609679,-1.300612992
235,-0.011380539,-0.002256814,-0.000244341,-0.022544022,-0.652056853,-0.129305917,-0.013999708,-1.291677314
236,-0.011353031,-0.002207438,-0.000234094,-0.022388799,-0.650480761,-0.126476881,-0.013412598,-1.282783691
237,-0.011325558,-0.002158928,-0.000224229,-0.022234299,-0.648906674,-0.123697463,-0.012847375,-1.273931493
238,-0.01129809,-0.002111276,-0.000214743,-0.02208052,-0.647332874,-0.120967204,-0.012303868,-1.265120605
239,-0.011271105,-0.002064468,-0.000205618,-0.02192747,-0.645786747,-0.118285303,-0.011781044,-1.256351486
240,-0.01124405,-0.002018506,-0.000196854,-0.021775138,-0.64423661,-0.115651875,-0.011278903,-1.247623506
241,-0.011216747,-0.001973376,-0.000188424,-0.021623764,-0.642672263,-0.113066116,-0.0107959,-1.238950414
242,-0.011189416,-0.001929073,-0.000180328,-0.021473161,-0.641106312,-0.110527741,-0.010332033,-1.230321498
243,-0.011162272,-0.001885635,-0.000172547,-0.021323284,-0.639551075,-0.108038927,-0.009886215,-1.221734179
244,-0.011135275,-0.001843019,-0.000165074,-0.021174126,-0.638004261,-0.10559721,-0.009458044,-1.213188055
245,-0.011108307,-0.0018012,-0.000157892,-0.021025689,-0.636459109,-0.103201158,-0.009046545,-1.204683241
246,-0.011081336,-0.00176017,-0.000151,-0.020877965,-0.634913784,-0.100850312,-0.008651663,-1.196219279
247,-0.011054851,-0.001719915,-0.000144383,-0.020730947,-0.633396305,-0.098543871,-0.008272537,-1.187795768
248,-0.011028293,-0.001680437,-0.00013804,-0.020584646,-0.631874644,-0.096281948,-0.007909109,-1.179413339
249,-0.011001486,-0.001641718,-0.000131949,-0.02043928,-0.630338716,-0.094063513,-0.007560121,-1.17108448
250,-0.010974667,-0.001603752,-0.000126111,-0.020294657,-0.628802101,-0.091888221,-0.007225628,-1.162798193
251,-0.010948022,-0.001566571,-0.000120511,-0.020150756,-0.627275455,-0.089757907,-0.006904772,-1.154553273
252,-0.010921517,-0.001530135,-0.000115144,-0.020007556,-0.62575683,-0.087670278,-0.006597265,-1.146348517
253,-0.010895042,-0.001494421,-0.000109992,-0.019865057,-0.624239924,-0.085624016,-0.006302077,-1.138183926
254,-0.01086857,-0.001459419,-0.00010506,-0.019723262,-0.62272319,-0.083618549,-0.006019495,-1.130059671
255,-0.010836681,-0.001425118,-0.000100332,-0.01958216,-0.620896085,-0.081653247,-0.0057486,-1.121975122
256,-0.01081496,-0.001391514,-9.58E-05,-0.019441748,-0.619651564,-0.079727879,-0.005488936,-1.113930107
257,-0.010793427,-0.001358592,-9.15E-05,-0.019302251,-0.618417814,-0.077841588,-0.005242564,-1.105937517
258,-0.010761392,-0.001326342,-8.73E-05,-0.019163481,-0.616582343,-0.075993799,-0.005001922,-1.097986582
259,-0.010735825,-0.001294793,-8.34E-05,-0.019025402,-0.615117462,-0.074186174,-0.004778468,-1.090075238
260,-0.01070693,-0.001263905,-7.96E-05,-0.018888021,-0.613461901,-0.072416422,-0.004560744,-1.082203887
261,-0.010677909,-0.001233661,-7.59E-05,-0.018751322,-0.61179912,-0.070683569,-0.00434875,-1.074371611
262,-0.010659284,-0.001204047,-7.24E-05,-0.018615296,-0.610731986,-0.068986811,-0.004148214,-1.066577895
263,-0.010638578,-0.001175055,-6.91E-05,-0.01847996,-0.609545619,-0.067325692,-0.003959138,-1.058823714
264,-0.0106062,-0.001146678,-6.59E-05,-0.018345297,-0.607690497,-0.06569981,-0.003775792,-1.051108092
265,-0.010580318,-0.001118904,-6.29E-05,-0.018211509,-0.606207567,-0.064108477,-0.003603905,-1.043442604
266,-0.010557866,-0.001091718,-6.00E-05,-0.018078431,-0.604921162,-0.062550834,-0.003437747,-1.035817797
267,-0.010533558,-0.001065149,-5.72E-05,-0.017946035,-0.603528417,-0.061028542,-0.003277319,-1.028232064
268,-0.010506702,-0.001039158,-5.45E-05,-0.017814308,-0.601989681,-0.059539368,-0.00312262,-1.020684663
269,-0.010479798,-0.001013733,-5.20E-05,-0.017683248,-0.600448196,-0.058082622,-0.002979381,-1.013175478
270,-0.010454298,-0.000988855,-4.96E-05,-0.017552853,-0.598987153,-0.056657218,-0.002841871,-1.005704395
271,-0.010429933,-0.000964523,-4.72E-05,-0.01742312,-0.597591142,-0.055263097,-0.002704361,-0.998271242
272,-0.010405058,-0.000940724,-4.50E-05,-0.017294046,-0.596165909,-0.053899515,-0.00257831,-0.990875847
273,-0.010379401,-0.000917453,-4.29E-05,-0.017168682,-0.594695871,-0.052566185,-0.002457989,-0.983693018
274,-0.010353736,-0.000894691,-4.09E-05,-0.017044503,-0.593225375,-0.051262018,-0.002343397,-0.976578086
275,-0.010328542,-0.000872463,-3.90E-05,-0.01692106,-0.591781865,-0.049988448,-0.002234535,-0.969505323
276,-0.010298368,-0.000850735,-3.72E-05,-0.016798426,-0.590053022,-0.048743525,-0.002131403,-0.962478912
277,-0.010269704,-0.000829497,-3.54E-05,-0.016676386,-0.588410696,-0.047526677,-0.002028271,-0.955486535
278,-0.010244821,-0.00080873,-3.37E-05,-0.016554872,-0.586985005,-0.046336816,-0.001930868,-0.948524296
279,-0.010229906,-0.000788429,-3.21E-05,-0.016433857,-0.586130439,-0.045173654,-0.001839195,-0.941590647
280,-0.010209457,-0.000768595,-3.06E-05,-0.016313303,-0.584958797,-0.04403725,-0.001753251,-0.934683412
281,-0.010181317,-0.000749553,-2.92E-05,-0.016193184,-0.583346494,-0.042946223,-0.001673037,-0.9278011
282,-0.010152767,-0.000730667,-2.78E-05,-0.016073498,-0.581710699,-0.041864135,-0.001592823,-0.920943597
283,-0.010122414,-0.000712177,-2.65E-05,-0.015954232,-0.579971601,-0.040804736,-0.001518338,-0.914110159
284,-0.010104589,-0.000694111,-2.52E-05,-0.015835544,-0.578950303,-0.039769631,-0.001443854,-0.907309837
285,-0.010085534,-0.000676456,-2.40E-05,-0.015717301,-0.577858532,-0.038758074,-0.001375099,-0.900535013
286,-0.010059449,-0.000659209,-2.29E-05,-0.015599474,-0.576363972,-0.037769894,-0.001312073,-0.893784023
287,-0.010031423,-0.000642655,-2.18E-05,-0.015482058,-0.5747582,-0.036821419,-0.001249048,-0.887056582
288,-0.010006146,-0.000626541,-2.08E-05,-0.015365057,-0.573309935,-0.035898155,-0.001191752,-0.880352918
289,-0.00998317,-0.0006108,-1.98E-05,-0.015248479,-0.571993507,-0.034996262,-0.001134456,-0.873673491
290,-0.009959822,-0.00059542,-1.89E-05,-0.015132333,-0.570655765,-0.034115053,-0.00108289,-0.867018815
291,-0.009935175,-0.000580386,-1.80E-05,-0.015016629,-0.569243596,-0.033253668,-0.001031324,-0.860389464
292,-0.009910227,-0.000565456,-1.72E-05,-0.014901545,-0.567814181,-0.032398242,-0.000985487,-0.853795637
293,-0.00988591,-0.000551062,-1.63E-05,-0.014786958,-0.56642092,-0.031573527,-0.000933921,-0.847230285
294,-0.009862085,-0.000537051,-1.56E-05,-0.014672847,-0.565055848,-0.030770756,-0.000893814,-0.840692207
295,-0.009838611,-0.000523369,-1.49E-05,-0.014559229,-0.563710887,-0.029986835,-0.000853707,-0.834182375
296,-0.009814776,-0.000510009,-1.42E-05,-0.014446103,-0.562345242,-0.029221363,-0.0008136,-0.827700732
297,-0.009790644,-0.000496955,-1.35E-05,-0.014333491,-0.56096258,-0.028473424,-0.000773493,-0.82124854
298,-0.009766629,-0.000484202,-1.29E-05,-0.014221408,-0.559586622,-0.027742731,-0.000739116,-0.814826657
299,-0.00974287,-0.000471743,-1.23E-05,-0.014109856,-0.558225331,-0.027028883,-0.000704738,-0.808435198
300,-0.009719215,-0.000459579,-1.17E-05,-0.013998997,-0.55687,-0.026331937,-0.000670361,-0.802083446
301,-0.009695513,-0.000447696,-1.12E-05,-0.013888712,-0.555511975,-0.025651091,-0.000641713,-0.79576458
302,-0.009671812,-0.000436104,-1.07E-05,-0.013779,-0.554154008,-0.024986919,-0.000613065,-0.789478546
303,-0.009648563,-0.000424784,-1.02E-05,-0.013669858,-0.552821938,-0.02433833,-0.000584417,-0.78322517
304,-0.009625269,-0.000413737,-9.74E-06,-0.013561287,-0.55148729,-0.023705384,-0.000558061,-0.77700451
305,-0.009601751,-0.000402948,-9.32E-06,-0.013453296,-0.550139808,-0.02308722,-0.000533997,-0.770817081
306,-0.009578212,-0.000392416,-8.90E-06,-0.013345883,-0.548791123,-0.022483781,-0.000509932,-0.76466277
307,-0.009554828,-0.000382132,-8.52E-06,-0.013239062,-0.547451318,-0.021894551,-0.00048816,-0.758542377
308,-0.009531562,-0.000372101,-8.14E-06,-0.013132987,-0.546118275,-0.021319817,-0.000466388,-0.752464728
309,-0.009508336,-0.000362307,-7.80E-06,-0.013027524,-0.544787523,-0.020758662,-0.000446907,-0.746422143
310,-0.00948511,-0.000352761,-7.46E-06,-0.012922668,-0.543456771,-0.020211716,-0.000427427,-0.740414336
311,-0.009462295,-0.000343444,-7.14E-06,-0.012818408,-0.542149568,-0.019677892,-0.000409092,-0.734440678
312,-0.009439414,-0.00033436,-6.84E-06,-0.012714758,-0.540838583,-0.019157417,-0.000391903,-0.728501971
313,-0.009416333,-0.000325495,-6.56E-06,-0.01261171,-0.539516139,-0.01864949,-0.00037586,-0.722597755
314,-0.009393239,-0.000316848,-6.28E-06,-0.012509249,-0.538192951,-0.018154053,-0.000359817,-0.716727173
315,-0.00937028,-0.000308409,-6.02E-06,-0.012407401,-0.536877497,-0.017670534,-0.000344921,-0.710891712
316,-0.009347454,-0.000300186,-5.78E-06,-0.012306284,-0.535569663,-0.017199391,-0.00033117,-0.705098135
317,-0.009324658,-0.000292163,-5.55E-06,-0.012205792,-0.534263549,-0.016739707,-0.000317992,-0.699340367
318,-0.009301863,-0.000284349,-5.32E-06,-0.012105907,-0.532957492,-0.016291998,-0.000304814,-0.693617378
319,-0.009279468,-0.000276728,-5.11E-06,-0.012006609,-0.531674353,-0.015855346,-0.000292781,-0.687928022
320,-0.009257021,-0.000269304,-4.91E-06,-0.011907908,-0.530388234,-0.015429983,-0.000281322,-0.682272871
321,-0.009234371,-0.000262063,-4.72E-06,-0.011809792,-0.529090485,-0.015015104,-0.000270436,-0.676651239
322,-0.00921169,-0.000255007,-4.53E-06,-0.011712272,-0.527790959,-0.014610825,-0.00025955,-0.671063754
323,-0.009189165,-0.000248124,-4.37E-06,-0.01161534,-0.526500372,-0.014216458,-0.000250383,-0.66550996
324,-0.009166766,-0.000241423,-4.20E-06,-0.011519105,-0.525217004,-0.013832519,-0.000240642,-0.6599961
325,-0.009144395,-0.000234889,-4.04E-06,-0.011423485,-0.52393524,-0.013458148,-0.000231475,-0.654517478
326,-0.009122019,-0.000228531,-3.90E-06,-0.01132844,-0.522653189,-0.013093862,-0.000223454,-0.6490718
327,-0.009100048,-0.000222332,-3.75E-06,-0.011233971,-0.521394344,-0.012738685,-0.000214859,-0.643659125
328,-0.009078021,-0.0002163,-3.63E-06,-0.01114007,-0.52013229,-0.012393077,-0.000207984,-0.638278994
329,-0.009055776,-0.000210418,-3.50E-06,-0.011046747,-0.518857745,-0.012056063,-0.000200535,-0.63293198
330,-0.009033525,-0.000204787,-3.38E-06,-0.010953987,-0.517582857,-0.011733431,-0.00019366,-0.627617224
331,-0.009011422,-0.000199311,-3.26E-06,-0.010861779,-0.516316448,-0.011419679,-0.000186784,-0.622334095
332,-0.008989441,-0.000193985,-3.16E-06,-0.010770262,-0.515057029,-0.011114522,-0.000181055,-0.617090557
333,-0.008967481,-0.000188791,-3.05E-06,-0.010679317,-0.513798814,-0.010816928,-0.000174752,-0.611879792
334,-0.008945529,-0.000183732,-2.95E-06,-0.010588931,-0.512541057,-0.010527068,-0.000169023,-0.606701056
335,-0.008923962,-0.000178794,-2.86E-06,-0.010499104,-0.511305359,-0.010244142,-0.000163866,-0.601554348
336,-0.008902329,-0.000173991,-2.77E-06,-0.010409816,-0.51006588,-0.00996895,-0.000158709,-0.596438522
337,-0.008880514,-0.00016931,-2.69E-06,-0.010321078,-0.508815972,-0.009700748,-0.000154126,-0.591354209
338,-0.008858684,-0.000164753,-2.61E-06,-0.010232878,-0.507565205,-0.009439652,-0.000149542,-0.586300722
339,-0.008836994,-0.000160305,-2.53E-06,-0.010145228,-0.50632246,-0.0091848,-0.000144958,-0.581278747
340,-0.008815415,-0.000155979,-2.46E-06,-0.010058223,-0.505086074,-0.008936938,-0.000140948,-0.576293727
341,-0.008793871,-0.000151759,-2.39E-06,-0.009971768,-0.503851694,-0.00869515,-0.000136937,-0.571340221
342,-0.008772326,-0.000147651,-2.33E-06,-0.009885865,-0.502617256,-0.008459779,-0.000133499,-0.566418341
343,-0.008751153,-0.000143641,-2.26E-06,-0.009800487,-0.501404133,-0.008230023,-0.000129488,-0.561526542
344,-0.008729939,-0.000139743,-2.21E-06,-0.009715642,-0.50018866,-0.008006684,-0.000126624,-0.556665282
345,-0.008708529,-0.000135945,-2.15E-06,-0.009631319,-0.498961957,-0.007789075,-0.000123186,-0.55183393
346,-0.008687102,-0.00013225,-2.10E-06,-0.009547529,-0.497734281,-0.007577367,-0.000120321,-0.547033116
347,-0.00866581,-0.000128642,-2.05E-06,-0.009464256,-0.496514339,-0.007370644,-0.000117456,-0.542261925
348,-0.008644643,-0.000125138,-2.00E-06,-0.009381605,-0.495301559,-0.007169879,-0.000114592,-0.537526372
349,-0.008623499,-0.00012172,-1.96E-06,-0.009299506,-0.494090097,-0.006974042,-0.0001123,-0.532822445
350,-0.008602346,-0.000118395,-1.91E-06,-0.009217919,-0.49287812,-0.006783534,-0.000109435,-0.528147855
351,-0.008581573,-0.000115149,-1.87E-06,-0.009136852,-0.491687914,-0.006597552,-0.000107143,-0.523503058
352,-0.008560754,-0.000111998,-1.83E-06,-0.009056293,-0.490495074,-0.006417013,-0.000104851,-0.518887367
353,-0.00853975,-0.000108927,-1.80E-06,-0.008976254,-0.489291633,-0.006241057,-0.000103132,-0.51430147
354,-0.00851872,-0.000105944,-1.76E-06,-0.008896718,-0.488086703,-0.006070144,-0.000100841,-0.509744393
355,-0.008497832,-0.000103029,-1.72E-06,-0.008817685,-0.486889909,-0.005903127,-9.85487E-05,-0.505216136
356,-0.008477057,-0.000100195,-1.70E-06,-0.008739271,-0.485699589,-0.005740751,-9.74028E-05,-0.500723344
357,-0.008456299,-9.74E-05,-1.67E-06,-0.008661371,-0.484510243,-0.005580609,-9.5684E-05,-0.496260003
358,-0.008435548,-9.48E-05,-1.64E-06,-0.00858398,-0.483321298,-0.00543164,-9.39651E-05,-0.491825825
359,-0.008415172,-9.21E-05,-1.61E-06,-0.008507085,-0.482153839,-0.005276941,-9.22462E-05,-0.487420066
360,-0.008394748,-8.96E-05,-1.59E-06,-0.008430698,-0.48098363,-0.005133702,-9.11003E-05,-0.483043414
361,-0.008374123,-8.71E-05,-1.56E-06,-0.008354801,-0.479801905,-0.004990462,-8.93814E-05,-0.478694836
362,-0.008353489,-8.47E-05,-1.54E-06,-0.008279395,-0.478619664,-0.004852953,-8.82355E-05,-0.47437439
363,-0.008332991,-8.24E-05,-1.51E-06,-0.008204497,-0.477445215,-0.004721172,-8.65166E-05,-0.470083051
364,-0.008312606,-8.01E-05,-1.49E-06,-0.008130175,-0.476277241,-0.004589392,-8.53707E-05,-0.465824714
365,-0.008292242,-7.79E-05,-1.47E-06,-0.008056364,-0.475110469,-0.004463341,-8.42248E-05,-0.461595655
366,-0.008271877,-7.57E-05,-1.46E-06,-0.007983038,-0.473943641,-0.004337291,-8.36518E-05,-0.457394385
367,-0.008251875,-7.36E-05,-1.43E-06,-0.007910208,-0.472797611,-0.004216969,-8.1933E-05,-0.453221533
368,-0.008231821,-7.16E-05,-1.42E-06,-0.007837858,-0.471648601,-0.004102378,-8.136E-05,-0.449076184
369,-0.008211596,-6.96E-05,-1.40E-06,-0.007765984,-0.470489794,-0.003987786,-8.02141E-05,-0.444958107
370,-0.008191352,-6.77E-05,-1.39E-06,-0.007694598,-0.469329898,-0.003878924,-7.96411E-05,-0.44086799
371,-0.008171236,-6.58E-05,-1.37E-06,-0.007623695,-0.468177336,-0.003770062,-7.84952E-05,-0.436805548
372,-0.008151227,-6.40E-05,-1.35E-06,-0.007553361,-0.467030905,-0.00366693,-7.73493E-05,-0.432775706
373,-0.008131242,-6.22E-05,-1.34E-06,-0.00748351,-0.465885849,-0.003563797,-7.67763E-05,-0.428773539
374,-0.008111264,-6.05E-05,-1.32E-06,-0.007414145,-0.464741194,-0.003466395,-7.56304E-05,-0.424799217
375,-0.008091639,-5.88E-05,-1.31E-06,-0.007345249,-0.463616764,-0.003368992,-7.50575E-05,-0.420851767
376,-0.008071961,-5.72E-05,-1.30E-06,-0.007276816,-0.462489298,-0.003277319,-7.44845E-05,-0.416930845
377,-0.008052109,-5.56E-05,-1.29E-06,-0.00720886,-0.461351862,-0.003185645,-7.39116E-05,-0.413037253
378,-0.008032247,-5.41E-05,-1.27E-06,-0.007141371,-0.460213853,-0.003099702,-7.27656E-05,-0.409170418
379,-0.008012509,-5.26E-05,-1.26E-06,-0.007074349,-0.459082949,-0.003013758,-7.21927E-05,-0.405330341
380,-0.007992874,-5.11E-05,-1.25E-06,-0.007007868,-0.457957946,-0.002927814,-7.16197E-05,-0.40152126
381,-0.007973269,-4.97E-05,-1.25E-06,-0.006941875,-0.456834663,-0.0028476,-7.16197E-05,-0.397740139
382,-0.007953663,-4.84E-05,-1.24E-06,-0.006876339,-0.455711322,-0.002773116,-7.10468E-05,-0.393985203
383,-0.007934408,-4.70E-05,-1.23E-06,-0.006811264,-0.454608091,-0.002692902,-7.04738E-05,-0.39025668
384,-0.007915103,-4.57E-05,-1.22E-06,-0.006746641,-0.453501996,-0.002618417,-6.99009E-05,-0.386554055
385,-0.007895617,-4.45E-05,-1.22E-06,-0.006682473,-0.452385531,-0.002549662,-6.99009E-05,-0.3828775
386,-0.00787612,-4.32E-05,-1.21E-06,-0.006618762,-0.451268435,-0.002475178,-6.93279E-05,-0.379227128
387,-0.007856754,-4.20E-05,-1.20E-06,-0.006555497,-0.450158845,-0.002406423,-6.87549E-05,-0.375602311
388,-0.007837499,-4.09E-05,-1.20E-06,-0.006492761,-0.449055615,-0.002343397,-6.87549E-05,-0.372007803
389,-0.007818259,-3.98E-05,-1.20E-06,-0.006430486,-0.447953244,-0.002280372,-6.87549E-05,-0.368439708
390,-0.007799022,-3.87E-05,-1.19E-06,-0.006368657,-0.446851045,-0.002217347,-6.8182E-05,-0.364897167
391,-0.007780129,-3.76E-05,-1.19E-06,-0.006307273,-0.445768556,-0.002154321,-6.8182E-05,-0.361380123
392,-0.007761185,-3.66E-05,-1.18E-06,-0.006246333,-0.444683145,-0.002097026,-6.7609E-05,-0.357888518
393,-0.007742065,-3.56E-05,-1.18E-06,-0.006185838,-0.443587649,-0.00203973,-6.7609E-05,-0.35442241
394,-0.007722935,-3.46E-05,-1.18E-06,-0.006125775,-0.442491581,-0.001982434,-6.7609E-05,-0.350981054
395,-0.007703937,-3.36E-05,-1.17E-06,-0.006066156,-0.441403076,-0.001925138,-6.70361E-05,-0.347565137
396,-0.007685037,-3.27E-05,-1.17E-06,-0.006007038,-0.440320186,-0.001873572,-6.70361E-05,-0.344177925
397,-0.007666161,-3.18E-05,-1.17E-06,-0.005948368,-0.43923867,-0.001822006,-6.70361E-05,-0.340816381
398,-0.007647287,-3.10E-05,-1.17E-06,-0.005890126,-0.43815727,-0.001776169,-6.70361E-05,-0.337479361
399,-0.00762875,-3.01E-05,-1.16E-06,-0.005832318,-0.437095178,-0.001724603,-6.64631E-05,-0.334167206
400,-0.007610158,-2.93E-05,-1.16E-06,-0.00577494,-0.436029935,-0.001678766,-6.64631E-05,-0.330879689
401,-0.007591398,-2.85E-05,-1.16E-06,-0.005717985,-0.434955066,-0.00163293,-6.64631E-05,-0.327616408
402,-0.007572632,-2.77E-05,-1.16E-06,-0.005661455,-0.433879853,-0.001587093,-6.64631E-05,-0.324377477
403,-0.007553986,-2.70E-05,-1.15E-06,-0.005605349,-0.432811516,-0.001546986,-6.58901E-05,-0.32116284
404,-0.007535443,-2.62E-05,-1.15E-06,-0.00554973,-0.431749081,-0.001501149,-6.58901E-05,-0.317976106
405,-0.007516922,-2.55E-05,-1.15E-06,-0.005494533,-0.430687906,-0.001461042,-6.58901E-05,-0.314813551
406,-0.007498407,-2.48E-05,-1.15E-06,-0.00543976,-0.429627074,-0.001420935,-6.58901E-05,-0.31167529
407,-0.007480213,-2.42E-05,-1.15E-06,-0.005385401,-0.428584635,-0.001386558,-6.58901E-05,-0.308560748
408,-0.007461972,-2.35E-05,-1.14E-06,-0.005331459,-0.427539502,-0.001346451,-6.53172E-05,-0.305470099
409,-0.007443569,-2.29E-05,-1.14E-06,-0.005277921,-0.426485088,-0.001312073,-6.53172E-05,-0.302402598
410,-0.007425154,-2.23E-05,-1.14E-06,-0.005224798,-0.425429986,-0.001277696,-6.53172E-05,-0.299358874
411,-0.007406858,-2.17E-05,-1.14E-06,-0.005172084,-0.424381703,-0.001243318,-6.53172E-05,-0.296338584
412,-0.007388664,-2.11E-05,-1.14E-06,-0.005119832,-0.423339263,-0.001208941,-6.53172E-05,-0.293344765
413,-0.007370498,-2.05E-05,-1.14E-06,-0.005067992,-0.422298428,-0.001174563,-6.53172E-05,-0.290374552
414,-0.007352324,-2.00E-05,-1.14E-06,-0.005016557,-0.421257135,-0.001145916,-6.53172E-05,-0.287427544
415,-0.007334475,-1.94E-05,-1.13E-06,-0.004965526,-0.420234462,-0.001111538,-6.47442E-05,-0.284503683
416,-0.00731658,-1.89E-05,-1.13E-06,-0.004914888,-0.419209154,-0.00108289,-6.47442E-05,-0.281602339
417,-0.007298524,-1.84E-05,-1.13E-06,-0.00486465,-0.418174622,-0.001054242,-6.47442E-05,-0.278723914
418,-0.007280452,-1.79E-05,-1.14E-06,-0.004814805,-0.417139173,-0.001025594,-6.53172E-05,-0.275868006
419,-0.007262503,-1.75E-05,-1.13E-06,-0.00476621,-0.416110771,-0.001002676,-6.47442E-05,-0.273083717
420,-0.007244657,-1.70E-05,-1.13E-06,-0.004718126,-0.41508827,-0.000974028,-6.47442E-05,-0.270328707
421,-0.007226827,-1.66E-05,-1.13E-06,-0.004670439,-0.414066686,-0.00095111,-6.47442E-05,-0.267596443
422,-0.007208998,-1.61E-05,-1.13E-06,-0.004623114,-0.41304516,-0.000922462,-6.47442E-05,-0.26488492
423,-0.007191485,-1.57E-05,-1.13E-06,-0.004576197,-0.412041739,-0.000899544,-6.47442E-05,-0.262196774
424,-0.007173931,-1.53E-05,-1.13E-06,-0.00452963,-0.411035969,-0.000876625,-6.47442E-05,-0.259528682
425,-0.007156209,-1.49E-05,-1.13E-06,-0.00448341,-0.410020573,-0.000853707,-6.47442E-05,-0.256880471
426,-0.007138481,-1.45E-05,-1.13E-06,-0.00443753,-0.409004833,-0.000830789,-6.47442E-05,-0.25425174
427,-0.007120873,-1.41E-05,-1.12E-06,-0.00439198,-0.407995969,-0.00080787,-6.41713E-05,-0.251641918
428,-0.007103362,-1.38E-05,-1.12E-06,-0.004346762,-0.406992663,-0.000790682,-6.41713E-05,-0.249051117
429,-0.007085867,-1.34E-05,-1.12E-06,-0.004301874,-0.405990273,-0.000767763,-6.41713E-05,-0.246479224
430,-0.007068375,-1.31E-05,-1.13E-06,-0.004257317,-0.404988056,-0.000750575,-6.47442E-05,-0.243926296
431,-0.007051198,-1.27E-05,-1.12E-06,-0.004213126,-0.404003886,-0.000727656,-6.41713E-05,-0.241394338
432,-0.007033969,-1.24E-05,-1.12E-06,-0.004169271,-0.403016737,-0.000710468,-6.41713E-05,-0.238881632
433,-0.007016584,-1.21E-05,-1.12E-06,-0.004125739,-0.40202065,-0.000693279,-6.41713E-05,-0.236387432
434,-0.006999191,-1.18E-05,-1.12E-06,-0.004082534,-0.401024104,-0.00067609,-6.41713E-05,-0.233911968
435,-0.006981918,-1.15E-05,-1.12E-06,-0.004039643,-0.400034434,-0.000658901,-6.41713E-05,-0.231454495
436,-0.006964733,-1.12E-05,-1.12E-06,-0.00399708,-0.399049806,-0.000641713,-6.41713E-05,-0.229015814
437,-0.006947571,-1.09E-05,-1.12E-06,-0.003954836,-0.398066496,-0.000624524,-6.41713E-05,-0.226595411
438,-0.006930413,-1.07E-05,-1.12E-06,-0.003912916,-0.397083415,-0.000613065,-6.41713E-05,-0.224193572
439,-0.006913556,-1.04E-05,-1.12E-06,-0.003871356,-0.39611758,-0.000595876,-6.41713E-05,-0.22181236
440,-0.006896653,-1.01E-05,-1.12E-06,-0.003830129,-0.39514911,-0.000578687,-6.41713E-05,-0.219450227
441,-0.006879597,-9.90E-06,-1.12E-06,-0.003789223,-0.394171873,-0.000567228,-6.41713E-05,-0.217106486
442,-0.006867936,-9.66E-06,-1.12E-06,-0.003748638,-0.393503747,-0.000553477,-6.41713E-05,-0.214781136
443,-0.006853821,-9.44E-06,-1.12E-06,-0.003708371,-0.392695017,-0.000540872,-6.41713E-05,-0.212474007
444,-0.00683564,-9.21E-06,-1.12E-06,-0.003668428,-0.391653322,-0.000527694,-6.41713E-05,-0.210185442
445,-0.006816923,-8.99E-06,-1.12E-06,-0.003628808,-0.390580917,-0.000515089,-6.41713E-05,-0.207915383
446,-0.006800101,-8.78E-06,-1.12E-06,-0.003589503,-0.389617088,-0.000503057,-6.41713E-05,-0.205663372
447,-0.006784362,-8.58E-06,-1.12E-06,-0.003550561,-0.388715309,-0.000491598,-6.41713E-05,-0.20343216
448,-0.006768087,-8.37E-06,-1.12E-06,-0.003511946,-0.38778282,-0.000479566,-6.41713E-05,-0.201219684
449,-0.00675102,-8.18E-06,-1.12E-06,-0.003473654,-0.386804953,-0.000468679,-6.41713E-05,-0.199025714
450,-0.006734177,-7.99E-06,-1.12E-06,-0.003435675,-0.385839921,-0.000457793,-6.41713E-05,-0.196849677
451,-0.006717682,-7.81E-06,-1.12E-06,-0.003398019,-0.384894827,-0.00044748,-6.41713E-05,-0.194692147
452,-0.006701239,-7.63E-06,-1.12E-06,-0.003360679,-0.383952712,-0.000437167,-6.41713E-05,-0.192552723
453,-0.006684668,-7.45E-06,-1.12E-06,-0.003323661,-0.383003264,-0.000426854,-6.41713E-05,-0.190431748
454,-0.006668039,-7.28E-06,-1.12E-06,-0.003286952,-0.382050492,-0.000417113,-6.41713E-05,-0.188328477
455,-0.006651503,-7.12E-06,-1.12E-06,-0.003250601,-0.381103049,-0.000407946,-6.41713E-05,-0.186245718
456,-0.006635075,-6.96E-06,-1.12E-06,-0.003214569,-0.380161794,-0.000398779,-6.41713E-05,-0.184181237
457,-0.00661869,-6.80E-06,-1.12E-06,-0.003178854,-0.379223003,-0.000389611,-6.41713E-05,-0.182134918
458,-0.006602564,-6.65E-06,-1.12E-06,-0.003143446,-0.378299051,-0.000381017,-6.41713E-05,-0.180106189
459,-0.006586367,-6.51E-06,-1.12E-06,-0.003108355,-0.377371031,-0.000372996,-6.41713E-05,-0.178095623
460,-0.006570031,-6.36E-06,-1.12E-06,-0.003073574,-0.376435048,-0.000364401,-6.41713E-05,-0.176102818
461,-0.0065537,-6.23E-06,-1.12E-06,-0.003039102,-0.37549935,-0.000356953,-6.41713E-05,-0.174127718
462,-0.006537489,-6.09E-06,-1.12E-06,-0.003004935,-0.374570528,-0.000348931,-6.41713E-05,-0.172170093
463,-0.006521363,-5.96E-06,-1.12E-06,-0.002971113,-0.373646577,-0.000341483,-6.41713E-05,-0.170232235
464,-0.006505255,-5.83E-06,-1.12E-06,-0.002937602,-0.372723656,-0.000334034,-6.41713E-05,-0.168312196
465,-0.006489141,-5.71E-06,-1.12E-06,-0.002904393,-0.371800392,-0.000327159,-6.41713E-05,-0.166409461
466,-0.006473321,-5.59E-06,-1.12E-06,-0.002871486,-0.370893973,-0.000320283,-6.41713E-05,-0.164524029
467,-0.006457463,-5.47E-06,-1.12E-06,-0.002838881,-0.369985376,-0.000313408,-6.41713E-05,-0.1626559
468,-0.00644146,-5.36E-06,-1.12E-06,-0.002806579,-0.369068472,-0.000307105,-6.41713E-05,-0.160805132
469,-0.006425444,-5.25E-06,-1.12E-06,-0.00277457,-0.368150823,-0.000300803,-6.41713E-05,-0.158971151
470,-0.006409538,-5.14E-06,-1.12E-06,-0.002742859,-0.367239476,-0.0002945,-6.41713E-05,-0.157154244
471,-0.006393726,-5.04E-06,-1.12E-06,-0.002711474,-0.366333515,-0.000288771,-6.41713E-05,-0.155356016
472,-0.006377927,-4.93E-06,-1.12E-06,-0.00268039,-0.365428299,-0.000282468,-6.41713E-05,-0.153575034
473,-0.006362129,-4.83E-06,-1.12E-06,-0.002649591,-0.36452314,-0.000276739,-6.41713E-05,-0.151810382
474,-0.006346613,-4.74E-06,-1.12E-06,-0.002619087,-0.363634139,-0.000271582,-6.41713E-05,-0.150062631
475,-0.006331059,-4.65E-06,-1.13E-06,-0.002588869,-0.362742961,-0.000266425,-6.47442E-05,-0.148331267
476,-0.006315357,-4.55E-06,-1.12E-06,-0.00255894,-0.361843302,-0.000260696,-6.41713E-05,-0.146616462
477,-0.00629965,-4.47E-06,-1.12E-06,-0.00252929,-0.360943357,-0.000256112,-6.41713E-05,-0.144917642
478,-0.006284052,-4.38E-06,-1.12E-06,-0.002499927,-0.360049658,-0.000250956,-6.41713E-05,-0.143235266
479,-0.006268538,-4.30E-06,-1.13E-06,-0.002470871,-0.359160771,-0.000246372,-6.47442E-05,-0.14157048
480,-0.00625304,-4.22E-06,-1.12E-06,-0.002442102,-0.358272801,-0.000241788,-6.41713E-05,-0.139922138
481,-0.006237543,-4.14E-06,-1.12E-06,-0.002413604,-0.357384888,-0.000237205,-6.41713E-05,-0.138289323
482,-0.006222327,-4.06E-06,-1.12E-06,-0.002385387,-0.356513076,-0.000232621,-6.41713E-05,-0.136672608
483,-0.006207064,-3.99E-06,-1.13E-06,-0.002357442,-0.35563857,-0.00022861,-6.47442E-05,-0.135071477
484,-0.006191663,-3.92E-06,-1.12E-06,-0.00232977,-0.354756158,-0.000224599,-6.41713E-05,-0.133485988
485,-0.006176256,-3.85E-06,-1.12E-06,-0.002302363,-0.353873402,-0.000220589,-6.41713E-05,-0.131915683
486,-0.006160956,-3.78E-06,-1.12E-06,-0.002275229,-0.352996777,-0.000216578,-6.41713E-05,-0.130361019
487,-0.006145734,-3.72E-06,-1.13E-06,-0.002248387,-0.35212462,-0.00021314,-6.47442E-05,-0.128823086
488,-0.006130532,-3.65E-06,-1.12E-06,-0.002221813,-0.35125361,-0.00020913,-6.41713E-05,-0.127300508
489,-0.006115334,-3.59E-06,-1.12E-06,-0.002195498,-0.350382829,-0.000205692,-6.41713E-05,-0.125792769
490,-0.006100404,-3.53E-06,-1.12E-06,-0.002169447,-0.349527403,-0.000202254,-6.41713E-05,-0.124300157
491,-0.006085431,-3.48E-06,-1.13E-06,-0.002143656,-0.348669513,-0.000199389,-6.47442E-05,-0.122822442
492,-0.006070323,-3.42E-06,-1.12E-06,-0.00211812,-0.347803888,-0.000195952,-6.41713E-05,-0.121359337
493,-0.006055214,-3.37E-06,-1.13E-06,-0.002092837,-0.346938206,-0.000193087,-6.47442E-05,-0.119910727
494,-0.0060402,-3.32E-06,-1.13E-06,-0.002067811,-0.346077967,-0.000190222,-6.47442E-05,-0.118476843
495,-0.006025269,-3.27E-06,-1.13E-06,-0.00204306,-0.345222484,-0.000187357,-6.47442E-05,-0.117058715
496,-0.006010358,-3.22E-06,-1.13E-06,-0.00201856,-0.344368147,-0.000184492,-6.47442E-05,-0.115654969
497,-0.005995451,-3.17E-06,-1.13E-06,-0.001994308,-0.343514039,-0.000181628,-6.47442E-05,-0.114265431
498,-0.005980801,-3.12E-06,-1.13E-06,-0.001970303,-0.342674655,-0.000178763,-6.47442E-05,-0.112890046
499,-0.005966114,-3.08E-06,-1.13E-06,-0.001946544,-0.341833152,-0.000176471,-6.47442E-05,-0.111528756
